/*
Navicat Oracle Data Transfer
Oracle Client Version : 12.1.0.2.0

Source Server         : 183.224.85.80
Source Server Version : 100200
Source Host           : 183.224.85.80:8521
Source Schema         : JEECMS

Target Server Type    : ORACLE
Target Server Version : 100200
File Encoding         : 65001

Date: 2015-11-06 08:37:43
*/


-- ----------------------------
-- Table structure for JC_ACQUISITION
-- ----------------------------
DROP TABLE "JEECMS"."JC_ACQUISITION";
CREATE TABLE "JEECMS"."JC_ACQUISITION" (
"ACQUISITION_ID" NUMBER(11) NOT NULL ,
"SITE_ID" NUMBER(11) NOT NULL ,
"CHANNEL_ID" NUMBER(11) NOT NULL ,
"TYPE_ID" NUMBER(11) NOT NULL ,
"USER_ID" NUMBER(11) NOT NULL ,
"ACQ_NAME" VARCHAR2(50 BYTE) NOT NULL ,
"START_TIME" DATE NULL ,
"END_TIME" DATE NULL ,
"STATUS" NUMBER(11) DEFAULT 0  NOT NULL ,
"CURR_NUM" NUMBER(11) DEFAULT 0  NOT NULL ,
"CURR_ITEM" NUMBER(11) DEFAULT 0  NOT NULL ,
"TOTAL_ITEM" NUMBER(11) DEFAULT 0  NOT NULL ,
"PAUSE_TIME" NUMBER(11) DEFAULT 0  NOT NULL ,
"PAGE_ENCODING" VARCHAR2(20 BYTE) DEFAULT 'GBK'  NOT NULL ,
"PLAN_LIST" CLOB NULL ,
"DYNAMIC_ADDR" VARCHAR2(255 BYTE) NULL ,
"DYNAMIC_START" NUMBER(11) NULL ,
"DYNAMIC_END" NUMBER(11) NULL ,
"LINKSET_START" VARCHAR2(255 BYTE) NULL ,
"LINKSET_END" VARCHAR2(255 BYTE) NULL ,
"LINK_START" VARCHAR2(255 BYTE) NULL ,
"LINK_END" VARCHAR2(255 BYTE) NULL ,
"TITLE_START" VARCHAR2(255 BYTE) NULL ,
"TITLE_END" VARCHAR2(255 BYTE) NULL ,
"KEYWORDS_START" VARCHAR2(255 BYTE) NULL ,
"KEYWORDS_END" VARCHAR2(255 BYTE) NULL ,
"DESCRIPTION_START" VARCHAR2(255 BYTE) NULL ,
"DESCRIPTION_END" VARCHAR2(255 BYTE) NULL ,
"CONTENT_START" VARCHAR2(255 BYTE) NULL ,
"CONTENT_END" VARCHAR2(255 BYTE) NULL ,
"PAGINATION_START" VARCHAR2(255 BYTE) NULL ,
"PAGINATION_END" VARCHAR2(255 BYTE) NULL ,
"QUEUE" NUMBER(11) DEFAULT 0  NOT NULL ,
"REPEAT_CHECK_TYPE" VARCHAR2(20 BYTE) NULL ,
"IMG_ACQU" NUMBER(1) DEFAULT 0  NOT NULL ,
"CONTENT_PREFIX" VARCHAR2(255 BYTE) NULL ,
"IMG_PREFIX" VARCHAR2(255 BYTE) NULL ,
"VIEW_START" VARCHAR2(255 BYTE) NULL ,
"VIEW_END" VARCHAR2(255 BYTE) NULL ,
"VIEW_ID_START" VARCHAR2(255 BYTE) NULL ,
"VIEW_ID_END" VARCHAR2(255 BYTE) NULL ,
"VIEW_LINK" VARCHAR2(255 BYTE) NULL ,
"RELEASETIME_START" VARCHAR2(255 BYTE) NULL ,
"RELEASETIME_END" VARCHAR2(255 BYTE) NULL ,
"AUTHOR_START" VARCHAR2(255 BYTE) NULL ,
"AUTHOR_END" VARCHAR2(255 BYTE) NULL ,
"ORIGIN_START" VARCHAR2(255 BYTE) NULL ,
"ORIGIN_END" VARCHAR2(255 BYTE) NULL ,
"RELEASETIME_FORMAT" VARCHAR2(255 BYTE) NULL ,
"ORIGIN_APPOINT" VARCHAR2(255 BYTE) NULL 
)
LOGGING
NOCOMPRESS
NOCACHE

;
COMMENT ON TABLE "JEECMS"."JC_ACQUISITION" IS 'CMS采集表;';
COMMENT ON COLUMN "JEECMS"."JC_ACQUISITION"."ACQ_NAME" IS '采集名称';
COMMENT ON COLUMN "JEECMS"."JC_ACQUISITION"."START_TIME" IS '开始时间';
COMMENT ON COLUMN "JEECMS"."JC_ACQUISITION"."END_TIME" IS '停止时间';
COMMENT ON COLUMN "JEECMS"."JC_ACQUISITION"."STATUS" IS '当前状态(0:静止;1:采集;2:暂停)';
COMMENT ON COLUMN "JEECMS"."JC_ACQUISITION"."CURR_NUM" IS '当前号码';
COMMENT ON COLUMN "JEECMS"."JC_ACQUISITION"."CURR_ITEM" IS '当前条数';
COMMENT ON COLUMN "JEECMS"."JC_ACQUISITION"."TOTAL_ITEM" IS '每页总条数';
COMMENT ON COLUMN "JEECMS"."JC_ACQUISITION"."PAUSE_TIME" IS '暂停时间(毫秒)';
COMMENT ON COLUMN "JEECMS"."JC_ACQUISITION"."PAGE_ENCODING" IS '页面编码';
COMMENT ON COLUMN "JEECMS"."JC_ACQUISITION"."PLAN_LIST" IS '采集列表';
COMMENT ON COLUMN "JEECMS"."JC_ACQUISITION"."DYNAMIC_ADDR" IS '动态地址';
COMMENT ON COLUMN "JEECMS"."JC_ACQUISITION"."DYNAMIC_START" IS '页码开始';
COMMENT ON COLUMN "JEECMS"."JC_ACQUISITION"."DYNAMIC_END" IS '页码结束';
COMMENT ON COLUMN "JEECMS"."JC_ACQUISITION"."LINKSET_START" IS '内容链接区开始';
COMMENT ON COLUMN "JEECMS"."JC_ACQUISITION"."LINKSET_END" IS '内容链接区结束';
COMMENT ON COLUMN "JEECMS"."JC_ACQUISITION"."LINK_START" IS '内容链接开始';
COMMENT ON COLUMN "JEECMS"."JC_ACQUISITION"."LINK_END" IS '内容链接结束';
COMMENT ON COLUMN "JEECMS"."JC_ACQUISITION"."TITLE_START" IS '标题开始';
COMMENT ON COLUMN "JEECMS"."JC_ACQUISITION"."TITLE_END" IS '标题结束';
COMMENT ON COLUMN "JEECMS"."JC_ACQUISITION"."KEYWORDS_START" IS '关键字开始';
COMMENT ON COLUMN "JEECMS"."JC_ACQUISITION"."KEYWORDS_END" IS '关键字结束';
COMMENT ON COLUMN "JEECMS"."JC_ACQUISITION"."DESCRIPTION_START" IS '描述开始';
COMMENT ON COLUMN "JEECMS"."JC_ACQUISITION"."DESCRIPTION_END" IS '描述结束';
COMMENT ON COLUMN "JEECMS"."JC_ACQUISITION"."CONTENT_START" IS '内容开始';
COMMENT ON COLUMN "JEECMS"."JC_ACQUISITION"."CONTENT_END" IS '内容结束';
COMMENT ON COLUMN "JEECMS"."JC_ACQUISITION"."PAGINATION_START" IS '内容分页开始';
COMMENT ON COLUMN "JEECMS"."JC_ACQUISITION"."PAGINATION_END" IS '内容分页结束';
COMMENT ON COLUMN "JEECMS"."JC_ACQUISITION"."QUEUE" IS '队列';
COMMENT ON COLUMN "JEECMS"."JC_ACQUISITION"."REPEAT_CHECK_TYPE" IS '重复类型';
COMMENT ON COLUMN "JEECMS"."JC_ACQUISITION"."IMG_ACQU" IS '是否采集图片';
COMMENT ON COLUMN "JEECMS"."JC_ACQUISITION"."CONTENT_PREFIX" IS '内容地址补全url';
COMMENT ON COLUMN "JEECMS"."JC_ACQUISITION"."IMG_PREFIX" IS '图片地址补全url';
COMMENT ON COLUMN "JEECMS"."JC_ACQUISITION"."VIEW_START" IS '浏览量开始';
COMMENT ON COLUMN "JEECMS"."JC_ACQUISITION"."VIEW_END" IS '浏览量结束';
COMMENT ON COLUMN "JEECMS"."JC_ACQUISITION"."VIEW_ID_START" IS 'id前缀';
COMMENT ON COLUMN "JEECMS"."JC_ACQUISITION"."VIEW_ID_END" IS 'id后缀';
COMMENT ON COLUMN "JEECMS"."JC_ACQUISITION"."VIEW_LINK" IS '浏览量动态访问地址';
COMMENT ON COLUMN "JEECMS"."JC_ACQUISITION"."RELEASETIME_START" IS '发布时间开始';
COMMENT ON COLUMN "JEECMS"."JC_ACQUISITION"."RELEASETIME_END" IS '发布时间结束';
COMMENT ON COLUMN "JEECMS"."JC_ACQUISITION"."AUTHOR_START" IS '作者开始';
COMMENT ON COLUMN "JEECMS"."JC_ACQUISITION"."AUTHOR_END" IS '作者结束';
COMMENT ON COLUMN "JEECMS"."JC_ACQUISITION"."ORIGIN_START" IS '来源开始';
COMMENT ON COLUMN "JEECMS"."JC_ACQUISITION"."ORIGIN_END" IS '来源结束';
COMMENT ON COLUMN "JEECMS"."JC_ACQUISITION"."RELEASETIME_FORMAT" IS '发布时间格式';
COMMENT ON COLUMN "JEECMS"."JC_ACQUISITION"."ORIGIN_APPOINT" IS '来源';

-- ----------------------------
-- Records of JC_ACQUISITION
-- ----------------------------

-- ----------------------------
-- Table structure for JC_ACQUISITION_HISTORY
-- ----------------------------
DROP TABLE "JEECMS"."JC_ACQUISITION_HISTORY";
CREATE TABLE "JEECMS"."JC_ACQUISITION_HISTORY" (
"HISTORY_ID" NUMBER(11) NOT NULL ,
"CHANNEL_URL" VARCHAR2(255 BYTE) NOT NULL ,
"CONTENT_URL" VARCHAR2(255 BYTE) NOT NULL ,
"TITLE" VARCHAR2(255 BYTE) NULL ,
"DESCRIPTION" VARCHAR2(20 BYTE) NOT NULL ,
"ACQUISITION_ID" NUMBER(11) NULL ,
"CONTENT_ID" NUMBER(11) NULL 
)
LOGGING
NOCOMPRESS
NOCACHE

;
COMMENT ON TABLE "JEECMS"."JC_ACQUISITION_HISTORY" IS '采集历史记录表;';
COMMENT ON COLUMN "JEECMS"."JC_ACQUISITION_HISTORY"."CHANNEL_URL" IS '栏目地址';
COMMENT ON COLUMN "JEECMS"."JC_ACQUISITION_HISTORY"."CONTENT_URL" IS '内容地址';
COMMENT ON COLUMN "JEECMS"."JC_ACQUISITION_HISTORY"."TITLE" IS '标题';
COMMENT ON COLUMN "JEECMS"."JC_ACQUISITION_HISTORY"."DESCRIPTION" IS '描述';
COMMENT ON COLUMN "JEECMS"."JC_ACQUISITION_HISTORY"."ACQUISITION_ID" IS '采集源';
COMMENT ON COLUMN "JEECMS"."JC_ACQUISITION_HISTORY"."CONTENT_ID" IS '内容';

-- ----------------------------
-- Records of JC_ACQUISITION_HISTORY
-- ----------------------------

-- ----------------------------
-- Table structure for JC_ACQUISITION_TEMP
-- ----------------------------
DROP TABLE "JEECMS"."JC_ACQUISITION_TEMP";
CREATE TABLE "JEECMS"."JC_ACQUISITION_TEMP" (
"TEMP_ID" NUMBER(11) NOT NULL ,
"SITE_ID" NUMBER(11) NULL ,
"CHANNEL_URL" VARCHAR2(255 BYTE) NOT NULL ,
"CONTENT_URL" VARCHAR2(255 BYTE) NOT NULL ,
"TITLE" VARCHAR2(255 BYTE) NULL ,
"FINISH_PERCENT" NUMBER(11) DEFAULT 0  NOT NULL ,
"DESCRIPTION" VARCHAR2(20 BYTE) NOT NULL ,
"SEQ" NUMBER(11) DEFAULT 0  NOT NULL 
)
LOGGING
NOCOMPRESS
NOCACHE

;
COMMENT ON TABLE "JEECMS"."JC_ACQUISITION_TEMP" IS '采集进度临时表;';
COMMENT ON COLUMN "JEECMS"."JC_ACQUISITION_TEMP"."CHANNEL_URL" IS '栏目地址';
COMMENT ON COLUMN "JEECMS"."JC_ACQUISITION_TEMP"."CONTENT_URL" IS '内容地址';
COMMENT ON COLUMN "JEECMS"."JC_ACQUISITION_TEMP"."TITLE" IS '标题';
COMMENT ON COLUMN "JEECMS"."JC_ACQUISITION_TEMP"."FINISH_PERCENT" IS '百分比';
COMMENT ON COLUMN "JEECMS"."JC_ACQUISITION_TEMP"."DESCRIPTION" IS '描述';
COMMENT ON COLUMN "JEECMS"."JC_ACQUISITION_TEMP"."SEQ" IS '顺序';

-- ----------------------------
-- Records of JC_ACQUISITION_TEMP
-- ----------------------------

-- ----------------------------
-- Table structure for JC_ADVERTISING
-- ----------------------------
DROP TABLE "JEECMS"."JC_ADVERTISING";
CREATE TABLE "JEECMS"."JC_ADVERTISING" (
"ADVERTISING_ID" NUMBER(11) NOT NULL ,
"ADSPACE_ID" NUMBER(11) NOT NULL ,
"SITE_ID" NUMBER(11) NOT NULL ,
"AD_NAME" VARCHAR2(100 BYTE) NOT NULL ,
"CATEGORY" VARCHAR2(50 BYTE) NOT NULL ,
"AD_CODE" CLOB NULL ,
"AD_WEIGHT" NUMBER(11) DEFAULT 1  NOT NULL ,
"DISPLAY_COUNT" NUMBER(11) DEFAULT 0  NOT NULL ,
"CLICK_COUNT" NUMBER(11) DEFAULT 0  NOT NULL ,
"START_TIME" DATE NULL ,
"END_TIME" DATE NULL ,
"IS_ENABLED" CHAR(1 BYTE) DEFAULT '1'  NOT NULL 
)
LOGGING
NOCOMPRESS
NOCACHE

;
COMMENT ON TABLE "JEECMS"."JC_ADVERTISING" IS 'CMS广告表;';
COMMENT ON COLUMN "JEECMS"."JC_ADVERTISING"."AD_NAME" IS '广告名称';
COMMENT ON COLUMN "JEECMS"."JC_ADVERTISING"."CATEGORY" IS '广告类型';
COMMENT ON COLUMN "JEECMS"."JC_ADVERTISING"."AD_CODE" IS '广告代码';
COMMENT ON COLUMN "JEECMS"."JC_ADVERTISING"."AD_WEIGHT" IS '广告权重';
COMMENT ON COLUMN "JEECMS"."JC_ADVERTISING"."DISPLAY_COUNT" IS '展现次数';
COMMENT ON COLUMN "JEECMS"."JC_ADVERTISING"."CLICK_COUNT" IS '点击次数';
COMMENT ON COLUMN "JEECMS"."JC_ADVERTISING"."START_TIME" IS '开始时间';
COMMENT ON COLUMN "JEECMS"."JC_ADVERTISING"."END_TIME" IS '结束时间';
COMMENT ON COLUMN "JEECMS"."JC_ADVERTISING"."IS_ENABLED" IS '是否启用';

-- ----------------------------
-- Records of JC_ADVERTISING
-- ----------------------------
INSERT INTO "JEECMS"."JC_ADVERTISING" VALUES ('1', '1', '1', 'banner', 'image', null, '1', '127', '0', null, null, '1');
INSERT INTO "JEECMS"."JC_ADVERTISING" VALUES ('2', '2', '1', '通栏广告1', 'image', null, '1', '123', '2', null, null, '1');
INSERT INTO "JEECMS"."JC_ADVERTISING" VALUES ('3', '3', '1', '视频广告上', 'image', null, '1', '0', '0', null, null, '1');
INSERT INTO "JEECMS"."JC_ADVERTISING" VALUES ('4', '4', '1', '视频广告下', 'image', null, '1', '0', '0', null, null, '1');
INSERT INTO "JEECMS"."JC_ADVERTISING" VALUES ('5', '5', '1', '留言板本周热点广告', 'image', null, '1', '0', '0', null, null, '1');

-- ----------------------------
-- Table structure for JC_ADVERTISING_ATTR
-- ----------------------------
DROP TABLE "JEECMS"."JC_ADVERTISING_ATTR";
CREATE TABLE "JEECMS"."JC_ADVERTISING_ATTR" (
"ADVERTISING_ID" NUMBER(11) NOT NULL ,
"ATTR_NAME" VARCHAR2(50 BYTE) NOT NULL ,
"ATTR_VALUE" VARCHAR2(255 BYTE) NULL 
)
LOGGING
NOCOMPRESS
NOCACHE

;
COMMENT ON TABLE "JEECMS"."JC_ADVERTISING_ATTR" IS 'CMS广告属性表;';
COMMENT ON COLUMN "JEECMS"."JC_ADVERTISING_ATTR"."ATTR_NAME" IS '名称';
COMMENT ON COLUMN "JEECMS"."JC_ADVERTISING_ATTR"."ATTR_VALUE" IS '值';

-- ----------------------------
-- Records of JC_ADVERTISING_ATTR
-- ----------------------------
INSERT INTO "JEECMS"."JC_ADVERTISING_ATTR" VALUES ('1', 'image_title', '查看JEECMS官方网站');
INSERT INTO "JEECMS"."JC_ADVERTISING_ATTR" VALUES ('1', 'image_url', '/r/cms/www/red/img/banner.gif');
INSERT INTO "JEECMS"."JC_ADVERTISING_ATTR" VALUES ('1', 'image_target', '_blank');
INSERT INTO "JEECMS"."JC_ADVERTISING_ATTR" VALUES ('1', 'image_link', 'http://www.jeecms.com');
INSERT INTO "JEECMS"."JC_ADVERTISING_ATTR" VALUES ('1', 'image_width', '735');
INSERT INTO "JEECMS"."JC_ADVERTISING_ATTR" VALUES ('1', 'image_height', '70');
INSERT INTO "JEECMS"."JC_ADVERTISING_ATTR" VALUES ('2', 'image_title', 'JEECMS官方网站');
INSERT INTO "JEECMS"."JC_ADVERTISING_ATTR" VALUES ('2', 'image_url', '/r/cms/www/red/img/banner1.jpg');
INSERT INTO "JEECMS"."JC_ADVERTISING_ATTR" VALUES ('2', 'image_target', '_blank');
INSERT INTO "JEECMS"."JC_ADVERTISING_ATTR" VALUES ('2', 'image_link', 'http://www.jeecms.com');
INSERT INTO "JEECMS"."JC_ADVERTISING_ATTR" VALUES ('2', 'image_width', '960');
INSERT INTO "JEECMS"."JC_ADVERTISING_ATTR" VALUES ('2', 'image_height', '60');
INSERT INTO "JEECMS"."JC_ADVERTISING_ATTR" VALUES ('3', 'image_height', '89');
INSERT INTO "JEECMS"."JC_ADVERTISING_ATTR" VALUES ('3', 'image_link', 'http://');
INSERT INTO "JEECMS"."JC_ADVERTISING_ATTR" VALUES ('3', 'image_target', '_blank');
INSERT INTO "JEECMS"."JC_ADVERTISING_ATTR" VALUES ('3', 'image_url', '/u/cms/www/201112/17144805im1p.jpg');
INSERT INTO "JEECMS"."JC_ADVERTISING_ATTR" VALUES ('3', 'image_width', '980');
INSERT INTO "JEECMS"."JC_ADVERTISING_ATTR" VALUES ('4', 'image_height', '90');
INSERT INTO "JEECMS"."JC_ADVERTISING_ATTR" VALUES ('4', 'image_link', 'http://');
INSERT INTO "JEECMS"."JC_ADVERTISING_ATTR" VALUES ('4', 'image_target', '_blank');
INSERT INTO "JEECMS"."JC_ADVERTISING_ATTR" VALUES ('4', 'image_url', '/u/cms/www/201112/17145028j3bj.jpg');
INSERT INTO "JEECMS"."JC_ADVERTISING_ATTR" VALUES ('4', 'image_width', '980');
INSERT INTO "JEECMS"."JC_ADVERTISING_ATTR" VALUES ('5', 'image_height', '109');
INSERT INTO "JEECMS"."JC_ADVERTISING_ATTR" VALUES ('5', 'image_link', 'http://3x.jeecms.com');
INSERT INTO "JEECMS"."JC_ADVERTISING_ATTR" VALUES ('5', 'image_target', '_blank');
INSERT INTO "JEECMS"."JC_ADVERTISING_ATTR" VALUES ('5', 'image_url', '/u/cms/www/201112/18155751wi1k.gif');
INSERT INTO "JEECMS"."JC_ADVERTISING_ATTR" VALUES ('5', 'image_width', '215');

-- ----------------------------
-- Table structure for JC_ADVERTISING_SPACE
-- ----------------------------
DROP TABLE "JEECMS"."JC_ADVERTISING_SPACE";
CREATE TABLE "JEECMS"."JC_ADVERTISING_SPACE" (
"ADSPACE_ID" NUMBER(11) NOT NULL ,
"SITE_ID" NUMBER(11) NOT NULL ,
"AD_NAME" VARCHAR2(100 BYTE) NOT NULL ,
"DESCRIPTION" VARCHAR2(255 BYTE) NULL ,
"IS_ENABLED" CHAR(1 BYTE) NOT NULL 
)
LOGGING
NOCOMPRESS
NOCACHE

;
COMMENT ON TABLE "JEECMS"."JC_ADVERTISING_SPACE" IS 'CMS广告版位表;';
COMMENT ON COLUMN "JEECMS"."JC_ADVERTISING_SPACE"."AD_NAME" IS '名称';
COMMENT ON COLUMN "JEECMS"."JC_ADVERTISING_SPACE"."DESCRIPTION" IS '描述';
COMMENT ON COLUMN "JEECMS"."JC_ADVERTISING_SPACE"."IS_ENABLED" IS '是否启用';

-- ----------------------------
-- Records of JC_ADVERTISING_SPACE
-- ----------------------------
INSERT INTO "JEECMS"."JC_ADVERTISING_SPACE" VALUES ('1', '1', '页头banner', '全站页头banner', '1');
INSERT INTO "JEECMS"."JC_ADVERTISING_SPACE" VALUES ('2', '1', '通栏广告', '页面中间通栏广告', '1');
INSERT INTO "JEECMS"."JC_ADVERTISING_SPACE" VALUES ('3', '1', '视频广告上', null, '1');
INSERT INTO "JEECMS"."JC_ADVERTISING_SPACE" VALUES ('4', '1', '视频广告下', null, '1');
INSERT INTO "JEECMS"."JC_ADVERTISING_SPACE" VALUES ('5', '1', '留言板本周热点广告', null, '1');

-- ----------------------------
-- Table structure for JC_CHANNEL
-- ----------------------------
DROP TABLE "JEECMS"."JC_CHANNEL";
CREATE TABLE "JEECMS"."JC_CHANNEL" (
"CHANNEL_ID" NUMBER(11) NOT NULL ,
"MODEL_ID" NUMBER(11) NOT NULL ,
"SITE_ID" NUMBER(11) NOT NULL ,
"PARENT_ID" NUMBER(11) NULL ,
"CHANNEL_PATH" VARCHAR2(30 BYTE) NULL ,
"LFT" NUMBER(11) DEFAULT 1  NOT NULL ,
"RGT" NUMBER(11) DEFAULT 2  NOT NULL ,
"PRIORITY" NUMBER(11) DEFAULT 10  NOT NULL ,
"HAS_CONTENT" NUMBER(1) DEFAULT 1  NOT NULL ,
"IS_DISPLAY" NUMBER(1) DEFAULT 1  NOT NULL ,
"WORKFLOW_ID" NUMBER(11) NULL 
)
LOGGING
NOCOMPRESS
NOCACHE

;
COMMENT ON TABLE "JEECMS"."JC_CHANNEL" IS 'CMS栏目表;';
COMMENT ON COLUMN "JEECMS"."JC_CHANNEL"."MODEL_ID" IS '模型ID';
COMMENT ON COLUMN "JEECMS"."JC_CHANNEL"."SITE_ID" IS '站点ID';
COMMENT ON COLUMN "JEECMS"."JC_CHANNEL"."PARENT_ID" IS '父栏目ID';
COMMENT ON COLUMN "JEECMS"."JC_CHANNEL"."CHANNEL_PATH" IS '访问路径';
COMMENT ON COLUMN "JEECMS"."JC_CHANNEL"."LFT" IS '树左边';
COMMENT ON COLUMN "JEECMS"."JC_CHANNEL"."RGT" IS '树右边';
COMMENT ON COLUMN "JEECMS"."JC_CHANNEL"."PRIORITY" IS '排列顺序';
COMMENT ON COLUMN "JEECMS"."JC_CHANNEL"."HAS_CONTENT" IS '是否有内容';
COMMENT ON COLUMN "JEECMS"."JC_CHANNEL"."IS_DISPLAY" IS '是否显示';
COMMENT ON COLUMN "JEECMS"."JC_CHANNEL"."WORKFLOW_ID" IS '工作流id';

-- ----------------------------
-- Records of JC_CHANNEL
-- ----------------------------
INSERT INTO "JEECMS"."JC_CHANNEL" VALUES ('1', '1', '1', null, 'news', '1', '16', '1', '1', '1', '1');
INSERT INTO "JEECMS"."JC_CHANNEL" VALUES ('9', '4', '1', null, 'download', '17', '26', '4', '1', '1', null);
INSERT INTO "JEECMS"."JC_CHANNEL" VALUES ('10', '2', '1', null, 'about', '27', '28', '10', '0', '0', null);
INSERT INTO "JEECMS"."JC_CHANNEL" VALUES ('11', '1', '1', '1', 'gnxw', '2', '3', '10', '1', '1', null);
INSERT INTO "JEECMS"."JC_CHANNEL" VALUES ('12', '1', '1', '1', 'world', '4', '5', '10', '1', '1', null);
INSERT INTO "JEECMS"."JC_CHANNEL" VALUES ('13', '1', '1', '1', 'shehui', '6', '7', '10', '1', '1', null);
INSERT INTO "JEECMS"."JC_CHANNEL" VALUES ('14', '1', '1', '1', 'review', '8', '9', '10', '1', '1', null);
INSERT INTO "JEECMS"."JC_CHANNEL" VALUES ('15', '1', '1', '1', 'photo', '10', '11', '10', '1', '1', null);
INSERT INTO "JEECMS"."JC_CHANNEL" VALUES ('37', '4', '1', '9', 'system', '18', '19', '10', '1', '1', null);
INSERT INTO "JEECMS"."JC_CHANNEL" VALUES ('38', '4', '1', '9', 'network', '20', '21', '10', '1', '1', null);
INSERT INTO "JEECMS"."JC_CHANNEL" VALUES ('39', '4', '1', '9', 'media', '22', '23', '10', '1', '1', null);
INSERT INTO "JEECMS"."JC_CHANNEL" VALUES ('40', '1', '1', '1', 'jjsd', '12', '13', '10', '1', '1', null);
INSERT INTO "JEECMS"."JC_CHANNEL" VALUES ('41', '1', '1', '1', 'cjbd', '14', '15', '10', '1', '1', null);
INSERT INTO "JEECMS"."JC_CHANNEL" VALUES ('42', '5', '1', null, 'picture', '29', '36', '2', '1', '1', null);
INSERT INTO "JEECMS"."JC_CHANNEL" VALUES ('43', '5', '1', '42', 'wyty', '30', '31', '10', '1', '1', null);
INSERT INTO "JEECMS"."JC_CHANNEL" VALUES ('44', '5', '1', '42', 'mrzx', '32', '33', '10', '1', '1', null);
INSERT INTO "JEECMS"."JC_CHANNEL" VALUES ('45', '5', '1', '42', 'whxy', '34', '35', '10', '1', '1', null);
INSERT INTO "JEECMS"."JC_CHANNEL" VALUES ('46', '6', '1', null, 'veido', '37', '44', '3', '1', '1', null);
INSERT INTO "JEECMS"."JC_CHANNEL" VALUES ('49', '6', '1', '46', 'tv', '38', '39', '10', '1', '1', null);
INSERT INTO "JEECMS"."JC_CHANNEL" VALUES ('50', '6', '1', '46', 'jlp', '40', '41', '10', '1', '1', null);
INSERT INTO "JEECMS"."JC_CHANNEL" VALUES ('51', '6', '1', '46', 'mv', '42', '43', '10', '1', '1', null);
INSERT INTO "JEECMS"."JC_CHANNEL" VALUES ('57', '4', '1', '9', 'syzs', '24', '25', '10', '1', '1', null);
INSERT INTO "JEECMS"."JC_CHANNEL" VALUES ('60', '1', '1', null, 'wldc', '45', '46', '9', '1', '1', null);
INSERT INTO "JEECMS"."JC_CHANNEL" VALUES ('61', '8', '1', null, 'job', '47', '48', '8', '1', '1', null);
INSERT INTO "JEECMS"."JC_CHANNEL" VALUES ('64', '9', '1', null, 'lib', '49', '54', '7', '1', '1', null);
INSERT INTO "JEECMS"."JC_CHANNEL" VALUES ('65', '9', '1', '64', 'edu', '50', '51', '10', '1', '1', null);
INSERT INTO "JEECMS"."JC_CHANNEL" VALUES ('66', '9', '1', '64', 'it', '52', '53', '10', '1', '1', null);

-- ----------------------------
-- Table structure for JC_CHANNEL_ATTR
-- ----------------------------
DROP TABLE "JEECMS"."JC_CHANNEL_ATTR";
CREATE TABLE "JEECMS"."JC_CHANNEL_ATTR" (
"CHANNEL_ID" NUMBER(11) NOT NULL ,
"ATTR_NAME" VARCHAR2(30 BYTE) NOT NULL ,
"ATTR_VALUE" VARCHAR2(255 BYTE) NULL 
)
LOGGING
NOCOMPRESS
NOCACHE

;
COMMENT ON TABLE "JEECMS"."JC_CHANNEL_ATTR" IS 'CMS栏目扩展属性表;';
COMMENT ON COLUMN "JEECMS"."JC_CHANNEL_ATTR"."ATTR_NAME" IS '名称';
COMMENT ON COLUMN "JEECMS"."JC_CHANNEL_ATTR"."ATTR_VALUE" IS '值';

-- ----------------------------
-- Records of JC_CHANNEL_ATTR
-- ----------------------------

-- ----------------------------
-- Table structure for JC_CHANNEL_COUNT
-- ----------------------------
DROP TABLE "JEECMS"."JC_CHANNEL_COUNT";
CREATE TABLE "JEECMS"."JC_CHANNEL_COUNT" (
"CHANNEL_ID" NUMBER(11) NOT NULL ,
"VIEWS" NUMBER(11) DEFAULT 0  NOT NULL ,
"VIEWS_MONTH" NUMBER(11) DEFAULT 0  NOT NULL ,
"VIEWS_WEEK" NUMBER(11) DEFAULT 0  NOT NULL ,
"VIEWS_DAY" NUMBER(11) DEFAULT 0  NOT NULL 
)
LOGGING
NOCOMPRESS
NOCACHE

;
COMMENT ON TABLE "JEECMS"."JC_CHANNEL_COUNT" IS 'CMS栏目访问量计数表';
COMMENT ON COLUMN "JEECMS"."JC_CHANNEL_COUNT"."VIEWS" IS '日访问数';

-- ----------------------------
-- Records of JC_CHANNEL_COUNT
-- ----------------------------
INSERT INTO "JEECMS"."JC_CHANNEL_COUNT" VALUES ('1', '1', '1', '1', '1');
INSERT INTO "JEECMS"."JC_CHANNEL_COUNT" VALUES ('9', '0', '0', '0', '0');
INSERT INTO "JEECMS"."JC_CHANNEL_COUNT" VALUES ('10', '0', '0', '0', '0');
INSERT INTO "JEECMS"."JC_CHANNEL_COUNT" VALUES ('11', '4', '4', '4', '4');
INSERT INTO "JEECMS"."JC_CHANNEL_COUNT" VALUES ('12', '1', '1', '1', '1');
INSERT INTO "JEECMS"."JC_CHANNEL_COUNT" VALUES ('13', '0', '0', '0', '0');
INSERT INTO "JEECMS"."JC_CHANNEL_COUNT" VALUES ('14', '0', '0', '0', '0');
INSERT INTO "JEECMS"."JC_CHANNEL_COUNT" VALUES ('15', '0', '0', '0', '0');
INSERT INTO "JEECMS"."JC_CHANNEL_COUNT" VALUES ('37', '0', '0', '0', '0');
INSERT INTO "JEECMS"."JC_CHANNEL_COUNT" VALUES ('38', '0', '0', '0', '0');
INSERT INTO "JEECMS"."JC_CHANNEL_COUNT" VALUES ('39', '0', '0', '0', '0');
INSERT INTO "JEECMS"."JC_CHANNEL_COUNT" VALUES ('40', '0', '0', '0', '0');
INSERT INTO "JEECMS"."JC_CHANNEL_COUNT" VALUES ('41', '0', '0', '0', '0');
INSERT INTO "JEECMS"."JC_CHANNEL_COUNT" VALUES ('42', '0', '0', '0', '0');
INSERT INTO "JEECMS"."JC_CHANNEL_COUNT" VALUES ('43', '0', '0', '0', '0');
INSERT INTO "JEECMS"."JC_CHANNEL_COUNT" VALUES ('44', '0', '0', '0', '0');
INSERT INTO "JEECMS"."JC_CHANNEL_COUNT" VALUES ('45', '0', '0', '0', '0');
INSERT INTO "JEECMS"."JC_CHANNEL_COUNT" VALUES ('46', '0', '0', '0', '0');
INSERT INTO "JEECMS"."JC_CHANNEL_COUNT" VALUES ('49', '1', '1', '1', '1');
INSERT INTO "JEECMS"."JC_CHANNEL_COUNT" VALUES ('50', '0', '0', '0', '0');
INSERT INTO "JEECMS"."JC_CHANNEL_COUNT" VALUES ('51', '0', '0', '0', '0');
INSERT INTO "JEECMS"."JC_CHANNEL_COUNT" VALUES ('57', '0', '0', '0', '0');
INSERT INTO "JEECMS"."JC_CHANNEL_COUNT" VALUES ('60', '0', '0', '0', '0');
INSERT INTO "JEECMS"."JC_CHANNEL_COUNT" VALUES ('61', '0', '0', '0', '0');
INSERT INTO "JEECMS"."JC_CHANNEL_COUNT" VALUES ('64', '0', '0', '0', '0');
INSERT INTO "JEECMS"."JC_CHANNEL_COUNT" VALUES ('65', '0', '0', '0', '0');
INSERT INTO "JEECMS"."JC_CHANNEL_COUNT" VALUES ('66', '0', '0', '0', '0');

-- ----------------------------
-- Table structure for JC_CHANNEL_DEPART_CONTROL
-- ----------------------------
DROP TABLE "JEECMS"."JC_CHANNEL_DEPART_CONTROL";
CREATE TABLE "JEECMS"."JC_CHANNEL_DEPART_CONTROL" (
"CHANNEL_ID" NUMBER(11) NOT NULL ,
"DEPARTMENT_ID" NUMBER(11) NOT NULL 
)
LOGGING
NOCOMPRESS
NOCACHE

;
COMMENT ON TABLE "JEECMS"."JC_CHANNEL_DEPART_CONTROL" IS 'CMS部门栏目数据权限关联表';

-- ----------------------------
-- Records of JC_CHANNEL_DEPART_CONTROL
-- ----------------------------

-- ----------------------------
-- Table structure for JC_CHANNEL_DEPARTMENT
-- ----------------------------
DROP TABLE "JEECMS"."JC_CHANNEL_DEPARTMENT";
CREATE TABLE "JEECMS"."JC_CHANNEL_DEPARTMENT" (
"CHANNEL_ID" NUMBER(11) NOT NULL ,
"DEPARTMENT_ID" NUMBER(11) NOT NULL 
)
LOGGING
NOCOMPRESS
NOCACHE

;
COMMENT ON TABLE "JEECMS"."JC_CHANNEL_DEPARTMENT" IS 'CMS栏目部门关联表;';

-- ----------------------------
-- Records of JC_CHANNEL_DEPARTMENT
-- ----------------------------

-- ----------------------------
-- Table structure for JC_CHANNEL_EXT
-- ----------------------------
DROP TABLE "JEECMS"."JC_CHANNEL_EXT";
CREATE TABLE "JEECMS"."JC_CHANNEL_EXT" (
"CHANNEL_ID" NUMBER(11) NOT NULL ,
"CHANNEL_NAME" VARCHAR2(100 BYTE) NOT NULL ,
"FINAL_STEP" NUMBER(1) DEFAULT 2  NULL ,
"AFTER_CHECK" NUMBER(1) NULL ,
"IS_STATIC_CHANNEL" CHAR(1 BYTE) DEFAULT '0'  NOT NULL ,
"IS_STATIC_CONTENT" CHAR(1 BYTE) DEFAULT '0'  NOT NULL ,
"IS_ACCESS_BY_DIR" CHAR(1 BYTE) DEFAULT '1'  NOT NULL ,
"IS_LIST_CHILD" CHAR(1 BYTE) DEFAULT '0'  NOT NULL ,
"PAGE_SIZE" NUMBER(11) DEFAULT 20  NOT NULL ,
"CHANNEL_RULE" VARCHAR2(150 BYTE) NULL ,
"CONTENT_RULE" VARCHAR2(150 BYTE) NULL ,
"LINK" VARCHAR2(255 BYTE) NULL ,
"TPL_CHANNEL" VARCHAR2(100 BYTE) NULL ,
"TPL_CONTENT" VARCHAR2(100 BYTE) NULL ,
"TITLE_IMG" VARCHAR2(100 BYTE) NULL ,
"CONTENT_IMG" VARCHAR2(100 BYTE) NULL ,
"HAS_TITLE_IMG" NUMBER(1) DEFAULT 0  NOT NULL ,
"HAS_CONTENT_IMG" NUMBER(1) DEFAULT 0  NOT NULL ,
"TITLE_IMG_WIDTH" NUMBER(11) DEFAULT 139  NOT NULL ,
"TITLE_IMG_HEIGHT" NUMBER(11) DEFAULT 139  NOT NULL ,
"CONTENT_IMG_WIDTH" NUMBER(11) DEFAULT 310  NOT NULL ,
"CONTENT_IMG_HEIGHT" NUMBER(11) DEFAULT 310  NOT NULL ,
"COMMENT_CONTROL" NUMBER(11) DEFAULT 0  NOT NULL ,
"ALLOW_UPDOWN" NUMBER(1) DEFAULT 1  NOT NULL ,
"IS_BLANK" NUMBER(1) DEFAULT 1  NOT NULL ,
"TITLE" VARCHAR2(255 BYTE) NULL ,
"KEYWORDS" VARCHAR2(255 BYTE) NULL ,
"DESCRIPTION" VARCHAR2(255 BYTE) NULL ,
"ALLOW_SHARE" NUMBER(1) DEFAULT 0  NOT NULL ,
"ALLOW_SCORE" NUMBER(1) DEFAULT 0  NOT NULL ,
"TPL_MOBILE_CHANNEL" VARCHAR2(100 BYTE) DEFAULT NULL  NULL 
)
LOGGING
NOCOMPRESS
NOCACHE

;
COMMENT ON TABLE "JEECMS"."JC_CHANNEL_EXT" IS 'CMS栏目内容表;';
COMMENT ON COLUMN "JEECMS"."JC_CHANNEL_EXT"."CHANNEL_NAME" IS '名称';
COMMENT ON COLUMN "JEECMS"."JC_CHANNEL_EXT"."FINAL_STEP" IS '终审级别';
COMMENT ON COLUMN "JEECMS"."JC_CHANNEL_EXT"."AFTER_CHECK" IS '审核后(1:不能修改删除;2:修改后退回;3:修改后不变)';
COMMENT ON COLUMN "JEECMS"."JC_CHANNEL_EXT"."IS_STATIC_CHANNEL" IS '是否栏目静态化';
COMMENT ON COLUMN "JEECMS"."JC_CHANNEL_EXT"."IS_STATIC_CONTENT" IS '是否内容静态化';
COMMENT ON COLUMN "JEECMS"."JC_CHANNEL_EXT"."IS_ACCESS_BY_DIR" IS '是否使用目录访问';
COMMENT ON COLUMN "JEECMS"."JC_CHANNEL_EXT"."IS_LIST_CHILD" IS '是否使用子栏目列表';
COMMENT ON COLUMN "JEECMS"."JC_CHANNEL_EXT"."PAGE_SIZE" IS '每页多少条记录';
COMMENT ON COLUMN "JEECMS"."JC_CHANNEL_EXT"."CHANNEL_RULE" IS '栏目页生成规则';
COMMENT ON COLUMN "JEECMS"."JC_CHANNEL_EXT"."CONTENT_RULE" IS '内容页生成规则';
COMMENT ON COLUMN "JEECMS"."JC_CHANNEL_EXT"."LINK" IS '外部链接';
COMMENT ON COLUMN "JEECMS"."JC_CHANNEL_EXT"."TPL_CHANNEL" IS '栏目页模板';
COMMENT ON COLUMN "JEECMS"."JC_CHANNEL_EXT"."TPL_CONTENT" IS '内容页模板';
COMMENT ON COLUMN "JEECMS"."JC_CHANNEL_EXT"."TITLE_IMG" IS '缩略图';
COMMENT ON COLUMN "JEECMS"."JC_CHANNEL_EXT"."CONTENT_IMG" IS '内容图';
COMMENT ON COLUMN "JEECMS"."JC_CHANNEL_EXT"."HAS_TITLE_IMG" IS '内容是否有缩略图';
COMMENT ON COLUMN "JEECMS"."JC_CHANNEL_EXT"."HAS_CONTENT_IMG" IS '内容是否有内容图';
COMMENT ON COLUMN "JEECMS"."JC_CHANNEL_EXT"."TITLE_IMG_WIDTH" IS '内容标题图宽度';
COMMENT ON COLUMN "JEECMS"."JC_CHANNEL_EXT"."TITLE_IMG_HEIGHT" IS '内容标题图高度';
COMMENT ON COLUMN "JEECMS"."JC_CHANNEL_EXT"."CONTENT_IMG_WIDTH" IS '内容内容图宽度';
COMMENT ON COLUMN "JEECMS"."JC_CHANNEL_EXT"."CONTENT_IMG_HEIGHT" IS '内容内容图高度';
COMMENT ON COLUMN "JEECMS"."JC_CHANNEL_EXT"."COMMENT_CONTROL" IS '评论(0:匿名;1:会员;2:关闭)';
COMMENT ON COLUMN "JEECMS"."JC_CHANNEL_EXT"."ALLOW_UPDOWN" IS '顶踩(true:开放;false:关闭)';
COMMENT ON COLUMN "JEECMS"."JC_CHANNEL_EXT"."IS_BLANK" IS '是否新窗口打开';
COMMENT ON COLUMN "JEECMS"."JC_CHANNEL_EXT"."TITLE" IS 'TITLE';
COMMENT ON COLUMN "JEECMS"."JC_CHANNEL_EXT"."KEYWORDS" IS 'KEYWORDS';
COMMENT ON COLUMN "JEECMS"."JC_CHANNEL_EXT"."DESCRIPTION" IS 'DESCRIPTION';
COMMENT ON COLUMN "JEECMS"."JC_CHANNEL_EXT"."ALLOW_SHARE" IS '分享(true:开放;false:关闭)';
COMMENT ON COLUMN "JEECMS"."JC_CHANNEL_EXT"."ALLOW_SCORE" IS '评分(true:开放;false:关闭)';
COMMENT ON COLUMN "JEECMS"."JC_CHANNEL_EXT"."TPL_MOBILE_CHANNEL" IS '手机栏目页模板';

-- ----------------------------
-- Records of JC_CHANNEL_EXT
-- ----------------------------
INSERT INTO "JEECMS"."JC_CHANNEL_EXT" VALUES ('1', '新闻', null, null, '0', '0', '0', '0', '20', null, null, null, '/WEB-INF/t/cms/www/default/channel/news.html', null, null, null, '0', '0', '139', '139', '310', '310', '0', '1', '0', '新闻资讯', '新闻资讯', '新闻资讯', '0', '0', null);
INSERT INTO "JEECMS"."JC_CHANNEL_EXT" VALUES ('9', '下载', null, null, '0', '0', '1', '0', '20', null, null, null, null, null, null, null, '0', '0', '139', '139', '310', '310', '0', '1', '0', '下载中心', '下载中心', '下载中心', '0', '0', null);
INSERT INTO "JEECMS"."JC_CHANNEL_EXT" VALUES ('10', '关于我们', null, null, '0', '0', '1', '0', '20', null, null, null, null, null, null, null, '0', '0', '139', '139', '310', '310', '0', '1', '0', '关于我们', '关于我们', '关于我们', '0', '0', null);
INSERT INTO "JEECMS"."JC_CHANNEL_EXT" VALUES ('11', '国内新闻', null, null, '0', '0', '0', '0', '20', null, null, null, '/WEB-INF/t/cms/www/default/channel/news_child.html', '/WEB-INF/t/cms/www/default/content/news.html', null, null, '0', '0', '139', '139', '310', '310', '0', '1', '0', '国内新闻', '国内新闻', '国内新闻', '0', '0', null);
INSERT INTO "JEECMS"."JC_CHANNEL_EXT" VALUES ('12', '国际新闻', null, null, '0', '0', '0', '0', '20', null, null, null, '/WEB-INF/t/cms/www/default/channel/news_child.html', null, null, null, '0', '0', '139', '139', '310', '310', '0', '1', '0', '国际新闻', '国际新闻', '国际新闻', '0', '0', null);
INSERT INTO "JEECMS"."JC_CHANNEL_EXT" VALUES ('13', '社会热点', null, null, '0', '0', '0', '0', '20', null, null, null, '/WEB-INF/t/cms/www/default/channel/news_child.html', null, null, null, '0', '0', '139', '139', '310', '310', '0', '1', '0', '社会热点', '社会热点', '社会热点', '0', '0', null);
INSERT INTO "JEECMS"."JC_CHANNEL_EXT" VALUES ('14', '时事评论', null, null, '0', '0', '0', '0', '20', null, null, null, '/WEB-INF/t/cms/www/default/channel/news_child.html', null, null, null, '0', '0', '139', '139', '310', '310', '0', '1', '0', '时事评论', '时事评论', '时事评论', '0', '0', null);
INSERT INTO "JEECMS"."JC_CHANNEL_EXT" VALUES ('15', '图片新闻', null, null, '0', '0', '1', '0', '20', null, null, null, '/WEB-INF/t/cms/www/default/channel/news_child.html', '/WEB-INF/t/cms/www/default/content/news.html', null, null, '1', '0', '139', '139', '310', '310', '0', '1', '0', '图片新闻', '图片新闻', '图片新闻', '0', '0', null);
INSERT INTO "JEECMS"."JC_CHANNEL_EXT" VALUES ('37', '系统软件', null, null, '0', '0', '1', '0', '20', null, null, null, '/WEB-INF/t/cms/www/default/channel/download_child.html', null, null, null, '1', '1', '48', '48', '139', '98', '0', '1', '0', '系统软件', '系统软件', '系统软件', '0', '0', null);
INSERT INTO "JEECMS"."JC_CHANNEL_EXT" VALUES ('38', '网络游戏', null, null, '0', '0', '1', '0', '20', null, null, null, '/WEB-INF/t/cms/www/default/channel/download_child.html', null, null, null, '1', '1', '48', '48', '139', '98', '0', '1', '0', '网络游戏', '网络工具', '网络游戏', '0', '0', null);
INSERT INTO "JEECMS"."JC_CHANNEL_EXT" VALUES ('39', '媒体工具', null, null, '0', '0', '1', '0', '20', null, null, null, '/WEB-INF/t/cms/www/default/channel/download_child.html', null, null, null, '1', '1', '48', '48', '139', '98', '0', '1', '0', '媒体工具', '媒体工具', '媒体工具', '0', '0', null);
INSERT INTO "JEECMS"."JC_CHANNEL_EXT" VALUES ('40', '基金视点', null, null, '0', '0', '0', '0', '20', null, null, null, '/WEB-INF/t/cms/www/default/channel/news_child.html', '/WEB-INF/t/cms/www/default/content/news.html', null, null, '0', '0', '139', '139', '310', '310', '0', '1', '0', null, null, null, '0', '0', null);
INSERT INTO "JEECMS"."JC_CHANNEL_EXT" VALUES ('41', '财经报道', null, null, '0', '0', '0', '0', '20', null, null, null, '/WEB-INF/t/cms/www/default/channel/news_child.html', null, null, null, '0', '0', '139', '139', '310', '310', '0', '1', '0', null, null, null, '0', '0', null);
INSERT INTO "JEECMS"."JC_CHANNEL_EXT" VALUES ('42', '图库', null, null, '0', '0', '0', '0', '20', null, null, null, '/WEB-INF/t/cms/www/default/channel/pic.html', '/WEB-INF/t/cms/www/default/content/pic.html', null, null, '0', '0', '139', '139', '310', '310', '0', '1', '0', null, null, null, '0', '0', null);
INSERT INTO "JEECMS"."JC_CHANNEL_EXT" VALUES ('43', '文娱体育', null, null, '0', '0', '0', '0', '20', null, null, null, '/WEB-INF/t/cms/www/default/channel/pic_child.html', '/WEB-INF/t/cms/www/default/content/pic.html', null, null, '1', '0', '67', '50', '310', '310', '0', '1', '0', null, null, null, '0', '0', null);
INSERT INTO "JEECMS"."JC_CHANNEL_EXT" VALUES ('44', '美容资讯', null, null, '0', '0', '0', '0', '20', null, null, null, '/WEB-INF/t/cms/www/default/channel/pic_child.html', '/WEB-INF/t/cms/www/default/content/pic.html', null, null, '0', '0', '139', '139', '310', '310', '0', '1', '0', null, null, null, '0', '0', null);
INSERT INTO "JEECMS"."JC_CHANNEL_EXT" VALUES ('45', '文化 校园', null, null, '0', '0', '0', '0', '20', null, null, null, '/WEB-INF/t/cms/www/default/channel/pic_child.html', '/WEB-INF/t/cms/www/default/content/pic.html', null, null, '0', '0', '139', '139', '310', '310', '0', '1', '0', null, null, null, '0', '0', null);
INSERT INTO "JEECMS"."JC_CHANNEL_EXT" VALUES ('46', '视频', null, null, '0', '0', '0', '0', '20', null, null, null, null, null, null, null, '0', '0', '139', '139', '310', '310', '0', '1', '0', null, null, null, '0', '0', null);
INSERT INTO "JEECMS"."JC_CHANNEL_EXT" VALUES ('49', '电视剧', null, null, '0', '0', '0', '0', '20', null, null, null, '/WEB-INF/t/cms/www/default/channel/vedio_child.html', '/WEB-INF/t/cms/www/default/content/vedio.html', null, null, '0', '0', '139', '139', '310', '310', '0', '1', '0', null, null, null, '0', '0', null);
INSERT INTO "JEECMS"."JC_CHANNEL_EXT" VALUES ('50', '纪录片', null, null, '0', '0', '0', '0', '20', null, null, null, '/WEB-INF/t/cms/www/default/channel/vedio_child.html', '/WEB-INF/t/cms/www/default/content/vedio.html', null, null, '0', '0', '139', '139', '310', '310', '0', '1', '0', null, null, null, '0', '0', null);
INSERT INTO "JEECMS"."JC_CHANNEL_EXT" VALUES ('51', '电影', null, null, '0', '0', '0', '0', '20', null, null, null, '/WEB-INF/t/cms/www/default/channel/vedio_child.html', '/WEB-INF/t/cms/www/default/content/vedio.html', null, null, '0', '0', '139', '139', '310', '310', '0', '1', '0', null, null, null, '0', '0', null);
INSERT INTO "JEECMS"."JC_CHANNEL_EXT" VALUES ('57', '实用助手', null, null, '0', '0', '1', '0', '20', null, null, null, '/WEB-INF/t/cms/www/default/channel/download.html', '/WEB-INF/t/cms/www/default/content/download.html', null, null, '1', '1', '48', '48', '180', '120', '0', '1', '0', null, null, null, '0', '0', null);
INSERT INTO "JEECMS"."JC_CHANNEL_EXT" VALUES ('60', '网络调查', null, null, '0', '0', '0', '0', '20', null, null, null, '/WEB-INF/t/cms/www/default/channel/news_wldc.html', null, null, null, '0', '0', '139', '139', '310', '310', '0', '1', '0', '网络调查', '网络调查', '网络调查', '0', '0', null);
INSERT INTO "JEECMS"."JC_CHANNEL_EXT" VALUES ('61', '招聘', null, null, '0', '0', '0', '0', '20', null, null, null, '/WEB-INF/t/cms/www/default/channel/job.html', '/WEB-INF/t/cms/www/default/content/job.html', null, null, '0', '0', '139', '139', '310', '310', '0', '1', '0', '招聘', '招聘', '招聘', '0', '0', null);
INSERT INTO "JEECMS"."JC_CHANNEL_EXT" VALUES ('64', '文库', null, null, '0', '0', '0', '0', '20', null, null, null, null, null, null, null, '0', '0', '139', '139', '310', '310', '0', '1', '0', '文库', '文库', '文库', '0', '0', null);
INSERT INTO "JEECMS"."JC_CHANNEL_EXT" VALUES ('65', '教育', null, null, '0', '0', '0', '0', '20', null, null, null, null, null, null, null, '0', '0', '139', '139', '310', '310', '0', '1', '0', '教育', '教育', '教育', '0', '0', null);
INSERT INTO "JEECMS"."JC_CHANNEL_EXT" VALUES ('66', '计算机', null, null, '0', '0', '0', '0', '20', null, null, null, null, null, null, null, '0', '0', '139', '139', '310', '310', '0', '1', '0', '计算机', '计算机', '计算机', '0', '0', null);

-- ----------------------------
-- Table structure for JC_CHANNEL_MODEL
-- ----------------------------
DROP TABLE "JEECMS"."JC_CHANNEL_MODEL";
CREATE TABLE "JEECMS"."JC_CHANNEL_MODEL" (
"CHANNEL_ID" NUMBER(11) NOT NULL ,
"MODEL_ID" NUMBER(11) NOT NULL ,
"TPL_CONTENT" VARCHAR2(100 BYTE) NULL ,
"PRIORITY" NUMBER(11) DEFAULT 10  NOT NULL ,
"TPL_MOBILE_CONTENT" VARCHAR2(100 BYTE) DEFAULT NULL  NULL 
)
LOGGING
NOCOMPRESS
NOCACHE

;
COMMENT ON TABLE "JEECMS"."JC_CHANNEL_MODEL" IS '栏目可选内容模型表;';
COMMENT ON COLUMN "JEECMS"."JC_CHANNEL_MODEL"."MODEL_ID" IS '模型id';
COMMENT ON COLUMN "JEECMS"."JC_CHANNEL_MODEL"."TPL_CONTENT" IS '内容模板';
COMMENT ON COLUMN "JEECMS"."JC_CHANNEL_MODEL"."PRIORITY" IS '排序';
COMMENT ON COLUMN "JEECMS"."JC_CHANNEL_MODEL"."TPL_MOBILE_CONTENT" IS '手机内容页模板';

-- ----------------------------
-- Records of JC_CHANNEL_MODEL
-- ----------------------------

-- ----------------------------
-- Table structure for JC_CHANNEL_TXT
-- ----------------------------
DROP TABLE "JEECMS"."JC_CHANNEL_TXT";
CREATE TABLE "JEECMS"."JC_CHANNEL_TXT" (
"CHANNEL_ID" NUMBER(11) NOT NULL ,
"TXT" CLOB NULL ,
"TXT1" CLOB NULL ,
"TXT2" CLOB NULL ,
"TXT3" CLOB NULL 
)
LOGGING
NOCOMPRESS
NOCACHE

;
COMMENT ON TABLE "JEECMS"."JC_CHANNEL_TXT" IS 'CMS栏目文本表;';
COMMENT ON COLUMN "JEECMS"."JC_CHANNEL_TXT"."TXT" IS '栏目内容';
COMMENT ON COLUMN "JEECMS"."JC_CHANNEL_TXT"."TXT1" IS '扩展内容1';
COMMENT ON COLUMN "JEECMS"."JC_CHANNEL_TXT"."TXT2" IS '扩展内容2';
COMMENT ON COLUMN "JEECMS"."JC_CHANNEL_TXT"."TXT3" IS '扩展内容3';

-- ----------------------------
-- Records of JC_CHANNEL_TXT
-- ----------------------------
INSERT INTO "JEECMS"."JC_CHANNEL_TXT" VALUES ('10', '<p><font size=\"2\">;;; JEECMS是JavaEE版网站管理系统（Java Enterprise Edition Content Manage System）的简称。</font></p>\r\n<p><font size=\"2\">;;;;Java凭借其强大、稳定、安全、高效等多方面的优势，一直是企业级应用的首选。在国外基于JavaEE技术的CMS已经发展的相当成熟，但授权费昂贵，一般需几十万一套；而国内在这方面一直比较薄弱，至今没有一款基于JavaEE技术的开源免费CMS产品。这次我们本着;大气开源，诚信图强;的原则将我们开发的这套JEECMS系统源码完全公布，希望能为国内JavaEE技术的发展尽自己的一份力量。</font></p>\r\n<p><font size=\"2\">;;;;JEECMS使用目前java主流技术架构：hibernate3+spring3+freemarker。AJAX使用jquery和json实现。视图层并没有使用传统的 JSP技术，而是使用更为专业、灵活、高效freemarker。 数据库使用MYSQL，并可支持orcale、DB2、SQLServer等主流数据库。应用服务器使用tomcat，并支持其他weblogic、 websphere等应用服务器。</font></p>\r\n<p><font size=\"2\">;;;;JEECMS并不是一个只追求技术之先进，而不考虑用户实际使用的象牙塔CMS。系统的设计宗旨就是从用户的需求出发，提供最便利、合理的使用方式，懂html就能建站，从设计上满足搜索引擎优化，最小性能消耗满足小网站要求、可扩展群集满足大网站需要。</font></p>\r\n<p><font size=\"2\">;;;;很多人觉得java、jsp难掌握，技术门槛高。jeecms具有强大的模板机制。所有前台页面均由模板生成，通过在线编辑模板轻松调整页面显示。模板内容不涉及任何java和jsp技术，只需掌握html语法和jeecms标签即可完成动态网页制作。</font></p>\r\n<p><font size=\"2\">;;;;强大、灵活的标签。提供两种风格的标签，一种风格的标签封装了大量互联网上常见的显示样式，通过调整参数就可实现文章列表、图文混排、图文滚动、跑马灯、焦点图等效果。这种标签的优势在于页面制作简单、效率高，对js、css、html不够精通和希望快速建站的用户非常适用。并且各种效果的内容不使用js生成，对搜索引擎非常友好。另一种风格的标签只负责读取数据，由用户自己控制显示内容和显示方式，想到什么就能做到什么，对于技术能力高和追求个性化的用户，可谓如鱼得水。</font></p>\r\n<p><font size=\"2\">;;;;采用完全生成静态页面技术，加快页面访问速度，提升搜索引擎友好性；采用扁平的、可自定义的路径结构。对于有特别需求者，可自定义页面后缀，如.php,.asp,.aspx等。</font></p>\r\n<p><font size=\"2\">;;;;站群设计，对于大型的网站，往往需要通过次级域名建立子站群，各个子站后台管理权限可以分离，程序和附件分离，前台用户实现单点登录，大规模网站轻松建设。</font></p>', null, null, null);

-- ----------------------------
-- Table structure for JC_CHANNEL_USER
-- ----------------------------
DROP TABLE "JEECMS"."JC_CHANNEL_USER";
CREATE TABLE "JEECMS"."JC_CHANNEL_USER" (
"CHANNEL_ID" NUMBER(11) NOT NULL ,
"USER_ID" NUMBER(11) NOT NULL 
)
LOGGING
NOCOMPRESS
NOCACHE

;
COMMENT ON TABLE "JEECMS"."JC_CHANNEL_USER" IS 'CMS栏目用户关联表;';

-- ----------------------------
-- Records of JC_CHANNEL_USER
-- ----------------------------

-- ----------------------------
-- Table structure for JC_CHNL_GROUP_CONTRI
-- ----------------------------
DROP TABLE "JEECMS"."JC_CHNL_GROUP_CONTRI";
CREATE TABLE "JEECMS"."JC_CHNL_GROUP_CONTRI" (
"CHANNEL_ID" NUMBER(11) NOT NULL ,
"GROUP_ID" NUMBER(11) NOT NULL 
)
LOGGING
NOCOMPRESS
NOCACHE

;
COMMENT ON TABLE "JEECMS"."JC_CHNL_GROUP_CONTRI" IS 'CMS栏目投稿会员组关联表;';

-- ----------------------------
-- Records of JC_CHNL_GROUP_CONTRI
-- ----------------------------
INSERT INTO "JEECMS"."JC_CHNL_GROUP_CONTRI" VALUES ('1', '1');
INSERT INTO "JEECMS"."JC_CHNL_GROUP_CONTRI" VALUES ('9', '1');
INSERT INTO "JEECMS"."JC_CHNL_GROUP_CONTRI" VALUES ('10', '1');
INSERT INTO "JEECMS"."JC_CHNL_GROUP_CONTRI" VALUES ('11', '1');
INSERT INTO "JEECMS"."JC_CHNL_GROUP_CONTRI" VALUES ('12', '1');
INSERT INTO "JEECMS"."JC_CHNL_GROUP_CONTRI" VALUES ('13', '1');
INSERT INTO "JEECMS"."JC_CHNL_GROUP_CONTRI" VALUES ('14', '1');
INSERT INTO "JEECMS"."JC_CHNL_GROUP_CONTRI" VALUES ('15', '1');
INSERT INTO "JEECMS"."JC_CHNL_GROUP_CONTRI" VALUES ('37', '1');
INSERT INTO "JEECMS"."JC_CHNL_GROUP_CONTRI" VALUES ('38', '1');
INSERT INTO "JEECMS"."JC_CHNL_GROUP_CONTRI" VALUES ('39', '1');
INSERT INTO "JEECMS"."JC_CHNL_GROUP_CONTRI" VALUES ('40', '1');
INSERT INTO "JEECMS"."JC_CHNL_GROUP_CONTRI" VALUES ('41', '1');
INSERT INTO "JEECMS"."JC_CHNL_GROUP_CONTRI" VALUES ('42', '1');
INSERT INTO "JEECMS"."JC_CHNL_GROUP_CONTRI" VALUES ('42', '2');
INSERT INTO "JEECMS"."JC_CHNL_GROUP_CONTRI" VALUES ('43', '1');
INSERT INTO "JEECMS"."JC_CHNL_GROUP_CONTRI" VALUES ('43', '2');
INSERT INTO "JEECMS"."JC_CHNL_GROUP_CONTRI" VALUES ('44', '1');
INSERT INTO "JEECMS"."JC_CHNL_GROUP_CONTRI" VALUES ('44', '2');
INSERT INTO "JEECMS"."JC_CHNL_GROUP_CONTRI" VALUES ('45', '1');
INSERT INTO "JEECMS"."JC_CHNL_GROUP_CONTRI" VALUES ('45', '2');
INSERT INTO "JEECMS"."JC_CHNL_GROUP_CONTRI" VALUES ('46', '1');
INSERT INTO "JEECMS"."JC_CHNL_GROUP_CONTRI" VALUES ('46', '2');
INSERT INTO "JEECMS"."JC_CHNL_GROUP_CONTRI" VALUES ('49', '1');
INSERT INTO "JEECMS"."JC_CHNL_GROUP_CONTRI" VALUES ('49', '2');
INSERT INTO "JEECMS"."JC_CHNL_GROUP_CONTRI" VALUES ('50', '1');
INSERT INTO "JEECMS"."JC_CHNL_GROUP_CONTRI" VALUES ('50', '2');
INSERT INTO "JEECMS"."JC_CHNL_GROUP_CONTRI" VALUES ('51', '1');
INSERT INTO "JEECMS"."JC_CHNL_GROUP_CONTRI" VALUES ('51', '2');
INSERT INTO "JEECMS"."JC_CHNL_GROUP_CONTRI" VALUES ('57', '1');
INSERT INTO "JEECMS"."JC_CHNL_GROUP_CONTRI" VALUES ('60', '1');
INSERT INTO "JEECMS"."JC_CHNL_GROUP_CONTRI" VALUES ('60', '2');
INSERT INTO "JEECMS"."JC_CHNL_GROUP_CONTRI" VALUES ('60', '3');
INSERT INTO "JEECMS"."JC_CHNL_GROUP_CONTRI" VALUES ('61', '1');
INSERT INTO "JEECMS"."JC_CHNL_GROUP_CONTRI" VALUES ('61', '2');
INSERT INTO "JEECMS"."JC_CHNL_GROUP_CONTRI" VALUES ('61', '3');
INSERT INTO "JEECMS"."JC_CHNL_GROUP_CONTRI" VALUES ('64', '1');
INSERT INTO "JEECMS"."JC_CHNL_GROUP_CONTRI" VALUES ('64', '2');
INSERT INTO "JEECMS"."JC_CHNL_GROUP_CONTRI" VALUES ('64', '3');
INSERT INTO "JEECMS"."JC_CHNL_GROUP_CONTRI" VALUES ('65', '1');
INSERT INTO "JEECMS"."JC_CHNL_GROUP_CONTRI" VALUES ('65', '2');
INSERT INTO "JEECMS"."JC_CHNL_GROUP_CONTRI" VALUES ('65', '3');
INSERT INTO "JEECMS"."JC_CHNL_GROUP_CONTRI" VALUES ('66', '1');
INSERT INTO "JEECMS"."JC_CHNL_GROUP_CONTRI" VALUES ('66', '2');
INSERT INTO "JEECMS"."JC_CHNL_GROUP_CONTRI" VALUES ('66', '3');

-- ----------------------------
-- Table structure for JC_CHNL_GROUP_VIEW
-- ----------------------------
DROP TABLE "JEECMS"."JC_CHNL_GROUP_VIEW";
CREATE TABLE "JEECMS"."JC_CHNL_GROUP_VIEW" (
"CHANNEL_ID" NUMBER(11) NOT NULL ,
"GROUP_ID" NUMBER(11) NOT NULL 
)
LOGGING
NOCOMPRESS
NOCACHE

;
COMMENT ON TABLE "JEECMS"."JC_CHNL_GROUP_VIEW" IS 'CMS栏目浏览会员组关联表;';

-- ----------------------------
-- Records of JC_CHNL_GROUP_VIEW
-- ----------------------------

-- ----------------------------
-- Table structure for JC_COMMENT
-- ----------------------------
DROP TABLE "JEECMS"."JC_COMMENT";
CREATE TABLE "JEECMS"."JC_COMMENT" (
"COMMENT_ID" NUMBER(11) NOT NULL ,
"COMMENT_USER_ID" NUMBER(11) NULL ,
"REPLY_USER_ID" NUMBER(11) NULL ,
"CONTENT_ID" NUMBER(11) NOT NULL ,
"SITE_ID" NUMBER(11) NOT NULL ,
"CREATE_TIME" DATE NOT NULL ,
"REPLY_TIME" DATE NULL ,
"UPS" NUMBER(1) DEFAULT 0  NOT NULL ,
"DOWNS" NUMBER(1) DEFAULT 0  NOT NULL ,
"IS_RECOMMEND" NUMBER(1) DEFAULT 0  NOT NULL ,
"IS_CHECKED" NUMBER(1) DEFAULT 0  NOT NULL ,
"SCORE" NUMBER(11) NULL 
)
LOGGING
NOCOMPRESS
NOCACHE

;
COMMENT ON TABLE "JEECMS"."JC_COMMENT" IS 'CMS评论表;';
COMMENT ON COLUMN "JEECMS"."JC_COMMENT"."COMMENT_USER_ID" IS '评论用户ID';
COMMENT ON COLUMN "JEECMS"."JC_COMMENT"."REPLY_USER_ID" IS '回复用户ID';
COMMENT ON COLUMN "JEECMS"."JC_COMMENT"."CONTENT_ID" IS '内容ID';
COMMENT ON COLUMN "JEECMS"."JC_COMMENT"."SITE_ID" IS '站点ID';
COMMENT ON COLUMN "JEECMS"."JC_COMMENT"."CREATE_TIME" IS '评论时间';
COMMENT ON COLUMN "JEECMS"."JC_COMMENT"."REPLY_TIME" IS '回复时间';
COMMENT ON COLUMN "JEECMS"."JC_COMMENT"."UPS" IS '支持数';
COMMENT ON COLUMN "JEECMS"."JC_COMMENT"."DOWNS" IS '反对数';
COMMENT ON COLUMN "JEECMS"."JC_COMMENT"."IS_RECOMMEND" IS '是否推荐';
COMMENT ON COLUMN "JEECMS"."JC_COMMENT"."IS_CHECKED" IS '是否审核';
COMMENT ON COLUMN "JEECMS"."JC_COMMENT"."SCORE" IS '评分';

-- ----------------------------
-- Records of JC_COMMENT
-- ----------------------------

-- ----------------------------
-- Table structure for JC_COMMENT_EXT
-- ----------------------------
DROP TABLE "JEECMS"."JC_COMMENT_EXT";
CREATE TABLE "JEECMS"."JC_COMMENT_EXT" (
"COMMENT_ID" NUMBER(11) NOT NULL ,
"IP" VARCHAR2(50 BYTE) NULL ,
"TEXT" CLOB NULL ,
"REPLY" CLOB NULL 
)
LOGGING
NOCOMPRESS
NOCACHE

;
COMMENT ON TABLE "JEECMS"."JC_COMMENT_EXT" IS 'CMS评论扩展表;';
COMMENT ON COLUMN "JEECMS"."JC_COMMENT_EXT"."IP" IS 'IP地址';
COMMENT ON COLUMN "JEECMS"."JC_COMMENT_EXT"."TEXT" IS '评论内容';
COMMENT ON COLUMN "JEECMS"."JC_COMMENT_EXT"."REPLY" IS '回复内容';

-- ----------------------------
-- Records of JC_COMMENT_EXT
-- ----------------------------

-- ----------------------------
-- Table structure for JC_CONFIG
-- ----------------------------
DROP TABLE "JEECMS"."JC_CONFIG";
CREATE TABLE "JEECMS"."JC_CONFIG" (
"CONFIG_ID" NUMBER(11) NOT NULL ,
"CONTEXT_PATH" VARCHAR2(20 BYTE) DEFAULT '/jeecms'  NULL ,
"SERVLET_POINT" VARCHAR2(20 BYTE) NULL ,
"PORT" NUMBER(11) NULL ,
"DB_FILE_URI" VARCHAR2(50 BYTE) DEFAULT '/dbfile.svl?n='  NOT NULL ,
"IS_UPLOAD_TO_DB" NUMBER(1) DEFAULT 0  NOT NULL ,
"DEF_IMG" VARCHAR2(255 BYTE) DEFAULT '/jeecms/r/cms/www/default/no_picture.gif'  NOT NULL ,
"LOGIN_URL" VARCHAR2(255 BYTE) DEFAULT 'login.jspx'  NOT NULL ,
"PROCESS_URL" VARCHAR2(255 BYTE) NULL ,
"MARK_ON" NUMBER(1) DEFAULT 1  NOT NULL ,
"MARK_WIDTH" NUMBER(11) DEFAULT 120  NOT NULL ,
"MARK_HEIGHT" NUMBER(11) DEFAULT 120  NOT NULL ,
"MARK_IMAGE" VARCHAR2(100 BYTE) DEFAULT '/r/cms/www/watermark.png'  NULL ,
"MARK_CONTENT" VARCHAR2(100 BYTE) DEFAULT 'www.jeecms.com'  NOT NULL ,
"MARK_SIZE" NUMBER(11) DEFAULT 20  NOT NULL ,
"MARK_COLOR" VARCHAR2(10 BYTE) DEFAULT '#FF0000'  NOT NULL ,
"MARK_ALPHA" NUMBER(11) DEFAULT 50  NOT NULL ,
"MARK_POSITION" NUMBER(11) DEFAULT 1  NOT NULL ,
"MARK_OFFSET_X" NUMBER(11) DEFAULT 0  NOT NULL ,
"MARK_OFFSET_Y" NUMBER(11) DEFAULT 0  NOT NULL ,
"COUNT_CLEAR_TIME" DATE NOT NULL ,
"COUNT_COPY_TIME" DATE NOT NULL ,
"DOWNLOAD_CODE" VARCHAR2(32 BYTE) DEFAULT 'JEECMS'  NOT NULL ,
"DOWNLOAD_TIME" NUMBER(11) DEFAULT 12  NOT NULL ,
"EMAIL_HOST" VARCHAR2(50 BYTE) NULL ,
"EMAIL_ENCODING" VARCHAR2(20 BYTE) NULL ,
"EMAIL_USERNAME" VARCHAR2(100 BYTE) NULL ,
"EMAIL_PASSWORD" VARCHAR2(100 BYTE) NULL ,
"EMAIL_PERSONAL" VARCHAR2(100 BYTE) NULL ,
"EMAIL_VALIDATE" NUMBER(1) DEFAULT 0  NULL ,
"OFFICE_HOME" VARCHAR2(255 BYTE) NOT NULL ,
"OFFICE_PORT" VARCHAR2(10 BYTE) DEFAULT '8810'  NOT NULL ,
"SWFTOOLS_HOME" VARCHAR2(255 BYTE) NOT NULL ,
"VIEW_ONLY_CHECKED" NUMBER(1) DEFAULT 0  NOT NULL ,
"INSIDE_SITE" NUMBER(1) DEFAULT 0  NOT NULL 
)
LOGGING
NOCOMPRESS
NOCACHE

;
COMMENT ON TABLE "JEECMS"."JC_CONFIG" IS 'CMS配置表;';
COMMENT ON COLUMN "JEECMS"."JC_CONFIG"."CONTEXT_PATH" IS '部署路径';
COMMENT ON COLUMN "JEECMS"."JC_CONFIG"."SERVLET_POINT" IS 'Servlet挂载点';
COMMENT ON COLUMN "JEECMS"."JC_CONFIG"."PORT" IS '端口';
COMMENT ON COLUMN "JEECMS"."JC_CONFIG"."DB_FILE_URI" IS '数据库附件访问地址';
COMMENT ON COLUMN "JEECMS"."JC_CONFIG"."IS_UPLOAD_TO_DB" IS '上传附件至数据库';
COMMENT ON COLUMN "JEECMS"."JC_CONFIG"."DEF_IMG" IS '图片不存在时默认图片';
COMMENT ON COLUMN "JEECMS"."JC_CONFIG"."LOGIN_URL" IS '登录地址';
COMMENT ON COLUMN "JEECMS"."JC_CONFIG"."PROCESS_URL" IS '登录后处理地址';
COMMENT ON COLUMN "JEECMS"."JC_CONFIG"."MARK_ON" IS '开启图片水印';
COMMENT ON COLUMN "JEECMS"."JC_CONFIG"."MARK_WIDTH" IS '图片最小宽度';
COMMENT ON COLUMN "JEECMS"."JC_CONFIG"."MARK_HEIGHT" IS '图片最小高度';
COMMENT ON COLUMN "JEECMS"."JC_CONFIG"."MARK_IMAGE" IS '图片水印';
COMMENT ON COLUMN "JEECMS"."JC_CONFIG"."MARK_CONTENT" IS '文字水印内容';
COMMENT ON COLUMN "JEECMS"."JC_CONFIG"."MARK_SIZE" IS '文字水印大小';
COMMENT ON COLUMN "JEECMS"."JC_CONFIG"."MARK_COLOR" IS '文字水印颜色';
COMMENT ON COLUMN "JEECMS"."JC_CONFIG"."MARK_ALPHA" IS '水印透明度（0-100）';
COMMENT ON COLUMN "JEECMS"."JC_CONFIG"."MARK_POSITION" IS '水印位置(0-5)';
COMMENT ON COLUMN "JEECMS"."JC_CONFIG"."MARK_OFFSET_X" IS 'x坐标偏移量';
COMMENT ON COLUMN "JEECMS"."JC_CONFIG"."MARK_OFFSET_Y" IS 'y坐标偏移量';
COMMENT ON COLUMN "JEECMS"."JC_CONFIG"."COUNT_CLEAR_TIME" IS '计数器清除时间';
COMMENT ON COLUMN "JEECMS"."JC_CONFIG"."COUNT_COPY_TIME" IS '计数器拷贝时间';
COMMENT ON COLUMN "JEECMS"."JC_CONFIG"."DOWNLOAD_CODE" IS '下载防盗链md5混淆码';
COMMENT ON COLUMN "JEECMS"."JC_CONFIG"."DOWNLOAD_TIME" IS '下载有效时间（小时）';
COMMENT ON COLUMN "JEECMS"."JC_CONFIG"."EMAIL_HOST" IS '邮件发送服务器';
COMMENT ON COLUMN "JEECMS"."JC_CONFIG"."EMAIL_ENCODING" IS '邮件发送编码';
COMMENT ON COLUMN "JEECMS"."JC_CONFIG"."EMAIL_USERNAME" IS '邮箱用户名';
COMMENT ON COLUMN "JEECMS"."JC_CONFIG"."EMAIL_PASSWORD" IS '邮箱密码';
COMMENT ON COLUMN "JEECMS"."JC_CONFIG"."EMAIL_PERSONAL" IS '邮箱发件人';
COMMENT ON COLUMN "JEECMS"."JC_CONFIG"."EMAIL_VALIDATE" IS '开启邮箱验证';
COMMENT ON COLUMN "JEECMS"."JC_CONFIG"."OFFICE_HOME" IS 'openoffice安装目录';
COMMENT ON COLUMN "JEECMS"."JC_CONFIG"."OFFICE_PORT" IS 'openoffice端口';
COMMENT ON COLUMN "JEECMS"."JC_CONFIG"."SWFTOOLS_HOME" IS 'swftoos安装目录';
COMMENT ON COLUMN "JEECMS"."JC_CONFIG"."VIEW_ONLY_CHECKED" IS '只有终审才能浏览内容页';
COMMENT ON COLUMN "JEECMS"."JC_CONFIG"."INSIDE_SITE" IS '内网（通过站点路径区分站点）';

-- ----------------------------
-- Records of JC_CONFIG
-- ----------------------------
INSERT INTO "JEECMS"."JC_CONFIG" VALUES ('1', '/jeecms', null, '8080', '/dbfile.svl?n=', '0', '/jeecms/r/cms/www/no_picture.gif', '/login.jspx', null, '1', '120', '120', '/r/cms/www/watermark.png', 'www.jeecms.com', '20', '#FF0000', '50', '1', '0', '0', TO_DATE('2015-11-05 00:00:00', 'YYYY-MM-DD HH24:MI:SS'), TO_DATE('2015-11-05 21:46:42', 'YYYY-MM-DD HH24:MI:SS'), 'jeecms', '12', null, null, null, null, null, '0', '/opt/openoffice4', '8810', '/opt/swftools/bin/pdf2swf', '0', '0');

-- ----------------------------
-- Table structure for JC_CONFIG_ATTR
-- ----------------------------
DROP TABLE "JEECMS"."JC_CONFIG_ATTR";
CREATE TABLE "JEECMS"."JC_CONFIG_ATTR" (
"CONFIG_ID" NUMBER(11) NOT NULL ,
"ATTR_NAME" VARCHAR2(30 BYTE) NOT NULL ,
"ATTR_VALUE" VARCHAR2(255 BYTE) NULL 
)
LOGGING
NOCOMPRESS
NOCACHE

;
COMMENT ON TABLE "JEECMS"."JC_CONFIG_ATTR" IS 'CMS配置属性表;';
COMMENT ON COLUMN "JEECMS"."JC_CONFIG_ATTR"."ATTR_NAME" IS '名称';
COMMENT ON COLUMN "JEECMS"."JC_CONFIG_ATTR"."ATTR_VALUE" IS '值';

-- ----------------------------
-- Records of JC_CONFIG_ATTR
-- ----------------------------
INSERT INTO "JEECMS"."JC_CONFIG_ATTR" VALUES ('1', 'flowSwitch', 'true');
INSERT INTO "JEECMS"."JC_CONFIG_ATTR" VALUES ('1', 'password_min_len', '3');
INSERT INTO "JEECMS"."JC_CONFIG_ATTR" VALUES ('1', 'username_reserved', null);
INSERT INTO "JEECMS"."JC_CONFIG_ATTR" VALUES ('1', 'register_on', 'true');
INSERT INTO "JEECMS"."JC_CONFIG_ATTR" VALUES ('1', 'member_on', 'true');
INSERT INTO "JEECMS"."JC_CONFIG_ATTR" VALUES ('1', 'username_min_len', '3');
INSERT INTO "JEECMS"."JC_CONFIG_ATTR" VALUES ('1', 'version', 'v6');
INSERT INTO "JEECMS"."JC_CONFIG_ATTR" VALUES ('1', 'check_on', 'false');
INSERT INTO "JEECMS"."JC_CONFIG_ATTR" VALUES ('1', 'new_picture', '/r/cms/www/new.gif');
INSERT INTO "JEECMS"."JC_CONFIG_ATTR" VALUES ('1', 'day', '3');
INSERT INTO "JEECMS"."JC_CONFIG_ATTR" VALUES ('1', 'preview', 'false');
INSERT INTO "JEECMS"."JC_CONFIG_ATTR" VALUES ('1', 'qqEnable', 'false');
INSERT INTO "JEECMS"."JC_CONFIG_ATTR" VALUES ('1', 'sinaEnable', 'false');
INSERT INTO "JEECMS"."JC_CONFIG_ATTR" VALUES ('1', 'qqWeboEnable', 'false');
INSERT INTO "JEECMS"."JC_CONFIG_ATTR" VALUES ('1', 'ssoEnable', 'true');
INSERT INTO "JEECMS"."JC_CONFIG_ATTR" VALUES ('1', 'sso_1', 'http://bbs.cmscms.com/jeebbs4/sso/authenticate.jspx');

-- ----------------------------
-- Table structure for JC_CONFIG_ITEM
-- ----------------------------
DROP TABLE "JEECMS"."JC_CONFIG_ITEM";
CREATE TABLE "JEECMS"."JC_CONFIG_ITEM" (
"MODELITEM_ID" NUMBER(11) NOT NULL ,
"CONFIG_ID" NUMBER(11) NOT NULL ,
"FIELD" VARCHAR2(50 BYTE) NOT NULL ,
"ITEM_LABEL" VARCHAR2(100 BYTE) NOT NULL ,
"PRIORITY" NUMBER(11) DEFAULT 70  NOT NULL ,
"DEF_VALUE" VARCHAR2(255 BYTE) DEFAULT NULL  NULL ,
"OPT_VALUE" VARCHAR2(255 BYTE) DEFAULT NULL  NULL ,
"TEXT_SIZE" VARCHAR2(20 BYTE) DEFAULT NULL  NULL ,
"AREA_ROWS" VARCHAR2(3 BYTE) DEFAULT NULL  NULL ,
"AREA_COLS" VARCHAR2(3 BYTE) DEFAULT NULL  NULL ,
"HELP" VARCHAR2(255 BYTE) DEFAULT NULL  NULL ,
"HELP_POSITION" VARCHAR2(1 BYTE) DEFAULT NULL  NULL ,
"DATA_TYPE" NUMBER(11) DEFAULT 1  NOT NULL ,
"IS_REQUIRED" NUMBER(1) DEFAULT 0  NOT NULL ,
"CATEGORY" NUMBER(11) DEFAULT 1  NOT NULL 
)
LOGGING
NOCOMPRESS
NOCACHE

;
COMMENT ON TABLE "JEECMS"."JC_CONFIG_ITEM" IS 'CMS配置模型项表';
COMMENT ON COLUMN "JEECMS"."JC_CONFIG_ITEM"."FIELD" IS '字段';
COMMENT ON COLUMN "JEECMS"."JC_CONFIG_ITEM"."ITEM_LABEL" IS '名称';
COMMENT ON COLUMN "JEECMS"."JC_CONFIG_ITEM"."PRIORITY" IS '排序';
COMMENT ON COLUMN "JEECMS"."JC_CONFIG_ITEM"."DEF_VALUE" IS '默认值';
COMMENT ON COLUMN "JEECMS"."JC_CONFIG_ITEM"."OPT_VALUE" IS '可选项';
COMMENT ON COLUMN "JEECMS"."JC_CONFIG_ITEM"."TEXT_SIZE" IS '长度';
COMMENT ON COLUMN "JEECMS"."JC_CONFIG_ITEM"."AREA_ROWS" IS '文本行数';
COMMENT ON COLUMN "JEECMS"."JC_CONFIG_ITEM"."AREA_COLS" IS '文本列数';
COMMENT ON COLUMN "JEECMS"."JC_CONFIG_ITEM"."HELP" IS '帮助信息';
COMMENT ON COLUMN "JEECMS"."JC_CONFIG_ITEM"."DATA_TYPE" IS '数据类型 "1":"字符串文本","2":"整型文本","3":"浮点型文本","4":"文本区","5":"日期","6":"下拉列表","7":"复选框","8":"单选框"';
COMMENT ON COLUMN "JEECMS"."JC_CONFIG_ITEM"."IS_REQUIRED" IS '是否必填';
COMMENT ON COLUMN "JEECMS"."JC_CONFIG_ITEM"."CATEGORY" IS '模型项目所属分类（1会员注册模型）';

-- ----------------------------
-- Records of JC_CONFIG_ITEM
-- ----------------------------

-- ----------------------------
-- Table structure for JC_CONTENT
-- ----------------------------
DROP TABLE "JEECMS"."JC_CONTENT";
CREATE TABLE "JEECMS"."JC_CONTENT" (
"CONTENT_ID" NUMBER(11) NOT NULL ,
"CHANNEL_ID" NUMBER(11) NOT NULL ,
"USER_ID" NUMBER(11) NOT NULL ,
"TYPE_ID" NUMBER(11) NOT NULL ,
"MODEL_ID" NUMBER(11) NOT NULL ,
"SITE_ID" NUMBER(11) NOT NULL ,
"SORT_DATE" DATE NOT NULL ,
"TOP_LEVEL" NUMBER(1) DEFAULT 0  NOT NULL ,
"HAS_TITLE_IMG" NUMBER(1) DEFAULT 0  NOT NULL ,
"IS_RECOMMEND" NUMBER(1) DEFAULT 0  NOT NULL ,
"STATUS" NUMBER(4) DEFAULT 2  NOT NULL ,
"VIEWS_DAY" NUMBER(11) DEFAULT 0  NOT NULL ,
"COMMENTS_DAY" NUMBER(11) DEFAULT 0  NOT NULL ,
"DOWNLOADS_DAY" NUMBER(11) DEFAULT 0  NOT NULL ,
"UPS_DAY" NUMBER(11) DEFAULT 0  NOT NULL ,
"SCORE" NUMBER(11) DEFAULT 0  NOT NULL 
)
LOGGING
NOCOMPRESS
NOCACHE

;
COMMENT ON TABLE "JEECMS"."JC_CONTENT" IS 'CMS内容表;';
COMMENT ON COLUMN "JEECMS"."JC_CONTENT"."CHANNEL_ID" IS '栏目ID';
COMMENT ON COLUMN "JEECMS"."JC_CONTENT"."USER_ID" IS '用户ID';
COMMENT ON COLUMN "JEECMS"."JC_CONTENT"."TYPE_ID" IS '属性ID';
COMMENT ON COLUMN "JEECMS"."JC_CONTENT"."MODEL_ID" IS '模型ID';
COMMENT ON COLUMN "JEECMS"."JC_CONTENT"."SITE_ID" IS '站点ID';
COMMENT ON COLUMN "JEECMS"."JC_CONTENT"."SORT_DATE" IS '排序日期';
COMMENT ON COLUMN "JEECMS"."JC_CONTENT"."TOP_LEVEL" IS '固顶级别';
COMMENT ON COLUMN "JEECMS"."JC_CONTENT"."HAS_TITLE_IMG" IS '是否有标题图';
COMMENT ON COLUMN "JEECMS"."JC_CONTENT"."IS_RECOMMEND" IS '是否推荐';
COMMENT ON COLUMN "JEECMS"."JC_CONTENT"."STATUS" IS '状态(0:草稿;1:审核中;2:审核通过;3:回收站;4:投稿;5:归档)';
COMMENT ON COLUMN "JEECMS"."JC_CONTENT"."VIEWS_DAY" IS '日访问数';
COMMENT ON COLUMN "JEECMS"."JC_CONTENT"."COMMENTS_DAY" IS '日评论数';
COMMENT ON COLUMN "JEECMS"."JC_CONTENT"."DOWNLOADS_DAY" IS '日下载数';
COMMENT ON COLUMN "JEECMS"."JC_CONTENT"."UPS_DAY" IS '日顶数';
COMMENT ON COLUMN "JEECMS"."JC_CONTENT"."SCORE" IS '得分';

-- ----------------------------
-- Records of JC_CONTENT
-- ----------------------------
INSERT INTO "JEECMS"."JC_CONTENT" VALUES ('172', '39', '1', '1', '4', '1', TO_DATE('2013-09-27 09:55:24', 'YYYY-MM-DD HH24:MI:SS'), '0', '1', '0', '2', '0', '0', '1', '0', '0');
INSERT INTO "JEECMS"."JC_CONTENT" VALUES ('173', '39', '1', '1', '4', '1', TO_DATE('2013-09-27 09:55:05', 'YYYY-MM-DD HH24:MI:SS'), '0', '1', '0', '2', '0', '0', '1', '0', '0');
INSERT INTO "JEECMS"."JC_CONTENT" VALUES ('174', '37', '1', '1', '4', '1', TO_DATE('2013-09-27 09:45:25', 'YYYY-MM-DD HH24:MI:SS'), '0', '1', '0', '2', '0', '0', '1', '0', '0');
INSERT INTO "JEECMS"."JC_CONTENT" VALUES ('315', '37', '1', '1', '4', '1', TO_DATE('2013-09-27 09:47:36', 'YYYY-MM-DD HH24:MI:SS'), '0', '1', '0', '2', '0', '0', '6', '0', '0');
INSERT INTO "JEECMS"."JC_CONTENT" VALUES ('320', '37', '1', '1', '4', '1', TO_DATE('2013-09-27 09:48:31', 'YYYY-MM-DD HH24:MI:SS'), '0', '1', '0', '2', '0', '0', '4', '0', '0');
INSERT INTO "JEECMS"."JC_CONTENT" VALUES ('326', '38', '1', '1', '4', '1', TO_DATE('2013-09-27 09:52:39', 'YYYY-MM-DD HH24:MI:SS'), '0', '1', '0', '2', '0', '0', '2', '0', '0');
INSERT INTO "JEECMS"."JC_CONTENT" VALUES ('328', '38', '1', '1', '4', '1', TO_DATE('2013-09-27 09:51:14', 'YYYY-MM-DD HH24:MI:SS'), '0', '1', '0', '2', '0', '0', '0', '0', '0');
INSERT INTO "JEECMS"."JC_CONTENT" VALUES ('329', '38', '1', '1', '4', '1', TO_DATE('2013-09-27 09:50:33', 'YYYY-MM-DD HH24:MI:SS'), '0', '1', '0', '2', '0', '0', '0', '0', '0');
INSERT INTO "JEECMS"."JC_CONTENT" VALUES ('330', '38', '1', '1', '4', '1', TO_DATE('2013-09-27 09:49:36', 'YYYY-MM-DD HH24:MI:SS'), '0', '1', '0', '2', '0', '0', '1', '0', '0');
INSERT INTO "JEECMS"."JC_CONTENT" VALUES ('331', '39', '1', '1', '4', '1', TO_DATE('2013-09-27 09:54:05', 'YYYY-MM-DD HH24:MI:SS'), '0', '1', '0', '2', '0', '0', '0', '0', '0');
INSERT INTO "JEECMS"."JC_CONTENT" VALUES ('332', '39', '1', '1', '4', '1', TO_DATE('2013-09-27 09:53:14', 'YYYY-MM-DD HH24:MI:SS'), '0', '1', '0', '2', '0', '0', '1', '0', '0');
INSERT INTO "JEECMS"."JC_CONTENT" VALUES ('333', '37', '1', '1', '4', '1', TO_DATE('2013-09-27 09:49:26', 'YYYY-MM-DD HH24:MI:SS'), '0', '1', '0', '2', '0', '0', '6', '0', '0');
INSERT INTO "JEECMS"."JC_CONTENT" VALUES ('334', '57', '1', '1', '4', '1', TO_DATE('2013-09-27 09:58:05', 'YYYY-MM-DD HH24:MI:SS'), '0', '1', '0', '2', '0', '0', '1', '0', '0');
INSERT INTO "JEECMS"."JC_CONTENT" VALUES ('335', '57', '1', '1', '4', '1', TO_DATE('2013-09-27 09:57:15', 'YYYY-MM-DD HH24:MI:SS'), '0', '1', '0', '2', '0', '0', '0', '0', '0');
INSERT INTO "JEECMS"."JC_CONTENT" VALUES ('336', '57', '1', '1', '4', '1', TO_DATE('2013-09-27 09:56:51', 'YYYY-MM-DD HH24:MI:SS'), '0', '1', '0', '2', '0', '0', '1', '0', '0');
INSERT INTO "JEECMS"."JC_CONTENT" VALUES ('337', '57', '1', '1', '4', '1', TO_DATE('2013-09-27 09:55:49', 'YYYY-MM-DD HH24:MI:SS'), '0', '1', '0', '2', '0', '0', '3', '0', '0');
INSERT INTO "JEECMS"."JC_CONTENT" VALUES ('436', '13', '1', '1', '1', '1', TO_DATE('2013-07-08 15:34:08', 'YYYY-MM-DD HH24:MI:SS'), '0', '0', '0', '2', '0', '0', '0', '0', '0');
INSERT INTO "JEECMS"."JC_CONTENT" VALUES ('437', '13', '1', '1', '1', '1', TO_DATE('2013-07-08 15:34:09', 'YYYY-MM-DD HH24:MI:SS'), '0', '0', '0', '2', '0', '0', '0', '0', '0');
INSERT INTO "JEECMS"."JC_CONTENT" VALUES ('438', '13', '1', '1', '1', '1', TO_DATE('2013-07-08 15:34:11', 'YYYY-MM-DD HH24:MI:SS'), '0', '0', '0', '2', '0', '0', '0', '0', '0');
INSERT INTO "JEECMS"."JC_CONTENT" VALUES ('439', '13', '1', '1', '1', '1', TO_DATE('2013-07-08 15:34:11', 'YYYY-MM-DD HH24:MI:SS'), '0', '0', '0', '2', '0', '0', '0', '0', '0');
INSERT INTO "JEECMS"."JC_CONTENT" VALUES ('440', '13', '1', '1', '1', '1', TO_DATE('2013-07-08 15:34:12', 'YYYY-MM-DD HH24:MI:SS'), '0', '0', '0', '2', '0', '0', '0', '0', '0');
INSERT INTO "JEECMS"."JC_CONTENT" VALUES ('441', '13', '1', '1', '1', '1', TO_DATE('2013-07-08 15:34:13', 'YYYY-MM-DD HH24:MI:SS'), '0', '0', '1', '2', '0', '0', '0', '0', '0');
INSERT INTO "JEECMS"."JC_CONTENT" VALUES ('442', '13', '1', '1', '1', '1', TO_DATE('2013-07-08 15:34:14', 'YYYY-MM-DD HH24:MI:SS'), '0', '0', '0', '2', '0', '0', '0', '0', '0');
INSERT INTO "JEECMS"."JC_CONTENT" VALUES ('443', '13', '1', '1', '1', '1', TO_DATE('2013-07-08 15:34:15', 'YYYY-MM-DD HH24:MI:SS'), '0', '0', '0', '2', '0', '0', '0', '0', '0');
INSERT INTO "JEECMS"."JC_CONTENT" VALUES ('444', '11', '1', '1', '1', '1', TO_DATE('2013-07-08 15:34:17', 'YYYY-MM-DD HH24:MI:SS'), '0', '0', '0', '2', '0', '0', '0', '0', '0');
INSERT INTO "JEECMS"."JC_CONTENT" VALUES ('445', '13', '1', '1', '1', '1', TO_DATE('2013-07-08 15:34:18', 'YYYY-MM-DD HH24:MI:SS'), '0', '0', '0', '2', '0', '0', '0', '0', '0');
INSERT INTO "JEECMS"."JC_CONTENT" VALUES ('446', '11', '1', '1', '1', '1', TO_DATE('2013-07-08 15:34:18', 'YYYY-MM-DD HH24:MI:SS'), '0', '0', '0', '2', '0', '0', '0', '0', '0');
INSERT INTO "JEECMS"."JC_CONTENT" VALUES ('447', '12', '1', '1', '1', '1', TO_DATE('2013-07-08 15:34:20', 'YYYY-MM-DD HH24:MI:SS'), '0', '0', '0', '2', '1', '0', '0', '0', '0');
INSERT INTO "JEECMS"."JC_CONTENT" VALUES ('448', '11', '1', '1', '1', '1', TO_DATE('2013-07-08 15:34:21', 'YYYY-MM-DD HH24:MI:SS'), '0', '0', '0', '2', '0', '0', '0', '0', '0');
INSERT INTO "JEECMS"."JC_CONTENT" VALUES ('473', '49', '1', '3', '6', '1', TO_DATE('2013-08-20 11:30:47', 'YYYY-MM-DD HH24:MI:SS'), '0', '1', '0', '2', '0', '0', '0', '0', '0');
INSERT INTO "JEECMS"."JC_CONTENT" VALUES ('474', '49', '1', '2', '6', '1', TO_DATE('2013-08-20 11:36:14', 'YYYY-MM-DD HH24:MI:SS'), '0', '1', '0', '2', '0', '0', '0', '0', '0');
INSERT INTO "JEECMS"."JC_CONTENT" VALUES ('475', '49', '1', '2', '6', '1', TO_DATE('2013-08-20 11:36:43', 'YYYY-MM-DD HH24:MI:SS'), '0', '1', '0', '2', '0', '0', '0', '0', '0');
INSERT INTO "JEECMS"."JC_CONTENT" VALUES ('476', '49', '1', '2', '6', '1', TO_DATE('2013-08-20 11:43:16', 'YYYY-MM-DD HH24:MI:SS'), '0', '1', '0', '2', '0', '0', '0', '0', '0');
INSERT INTO "JEECMS"."JC_CONTENT" VALUES ('477', '49', '1', '2', '6', '1', TO_DATE('2013-08-20 11:44:30', 'YYYY-MM-DD HH24:MI:SS'), '0', '1', '0', '2', '0', '0', '0', '0', '0');
INSERT INTO "JEECMS"."JC_CONTENT" VALUES ('478', '49', '1', '2', '6', '1', TO_DATE('2013-08-20 11:45:42', 'YYYY-MM-DD HH24:MI:SS'), '0', '1', '0', '2', '0', '0', '0', '0', '0');
INSERT INTO "JEECMS"."JC_CONTENT" VALUES ('479', '49', '1', '2', '6', '1', TO_DATE('2013-08-20 11:46:57', 'YYYY-MM-DD HH24:MI:SS'), '0', '1', '0', '2', '0', '0', '0', '0', '0');
INSERT INTO "JEECMS"."JC_CONTENT" VALUES ('480', '49', '1', '2', '6', '1', TO_DATE('2013-08-20 11:47:53', 'YYYY-MM-DD HH24:MI:SS'), '0', '1', '0', '2', '0', '0', '0', '0', '0');
INSERT INTO "JEECMS"."JC_CONTENT" VALUES ('481', '50', '1', '2', '6', '1', TO_DATE('2013-08-20 11:56:55', 'YYYY-MM-DD HH24:MI:SS'), '0', '1', '0', '2', '0', '0', '0', '0', '0');
INSERT INTO "JEECMS"."JC_CONTENT" VALUES ('482', '50', '1', '2', '6', '1', TO_DATE('2013-08-20 12:02:03', 'YYYY-MM-DD HH24:MI:SS'), '0', '1', '1', '2', '0', '0', '0', '0', '0');
INSERT INTO "JEECMS"."JC_CONTENT" VALUES ('483', '50', '1', '2', '6', '1', TO_DATE('2013-08-20 12:05:52', 'YYYY-MM-DD HH24:MI:SS'), '0', '1', '1', '2', '0', '0', '0', '0', '0');
INSERT INTO "JEECMS"."JC_CONTENT" VALUES ('484', '50', '1', '2', '6', '1', TO_DATE('2013-08-20 12:09:02', 'YYYY-MM-DD HH24:MI:SS'), '0', '1', '1', '2', '0', '0', '0', '0', '0');
INSERT INTO "JEECMS"."JC_CONTENT" VALUES ('487', '43', '1', '2', '5', '1', TO_DATE('2013-08-21 11:34:29', 'YYYY-MM-DD HH24:MI:SS'), '0', '0', '0', '2', '0', '0', '0', '0', '0');
INSERT INTO "JEECMS"."JC_CONTENT" VALUES ('488', '43', '1', '2', '5', '1', TO_DATE('2013-08-21 11:59:29', 'YYYY-MM-DD HH24:MI:SS'), '0', '0', '0', '2', '0', '0', '0', '0', '0');
INSERT INTO "JEECMS"."JC_CONTENT" VALUES ('489', '43', '1', '2', '5', '1', TO_DATE('2013-08-21 13:40:11', 'YYYY-MM-DD HH24:MI:SS'), '0', '0', '1', '2', '0', '0', '0', '0', '0');
INSERT INTO "JEECMS"."JC_CONTENT" VALUES ('490', '43', '1', '2', '5', '1', TO_DATE('2013-08-21 14:35:35', 'YYYY-MM-DD HH24:MI:SS'), '0', '0', '0', '2', '0', '0', '0', '0', '0');
INSERT INTO "JEECMS"."JC_CONTENT" VALUES ('491', '43', '1', '2', '5', '1', TO_DATE('2013-08-21 14:47:08', 'YYYY-MM-DD HH24:MI:SS'), '0', '0', '1', '2', '0', '0', '0', '0', '0');
INSERT INTO "JEECMS"."JC_CONTENT" VALUES ('492', '43', '1', '2', '5', '1', TO_DATE('2013-08-21 14:49:52', 'YYYY-MM-DD HH24:MI:SS'), '0', '0', '1', '2', '0', '0', '0', '0', '0');
INSERT INTO "JEECMS"."JC_CONTENT" VALUES ('494', '43', '1', '2', '5', '1', TO_DATE('2013-08-21 14:58:46', 'YYYY-MM-DD HH24:MI:SS'), '0', '0', '1', '2', '0', '0', '0', '0', '0');
INSERT INTO "JEECMS"."JC_CONTENT" VALUES ('495', '44', '1', '1', '1', '1', TO_DATE('2013-08-21 15:12:25', 'YYYY-MM-DD HH24:MI:SS'), '0', '0', '0', '2', '0', '0', '0', '0', '0');
INSERT INTO "JEECMS"."JC_CONTENT" VALUES ('496', '44', '1', '1', '1', '1', TO_DATE('2013-08-21 15:19:59', 'YYYY-MM-DD HH24:MI:SS'), '0', '0', '0', '2', '0', '0', '0', '0', '0');
INSERT INTO "JEECMS"."JC_CONTENT" VALUES ('497', '44', '1', '1', '6', '1', TO_DATE('2013-08-21 15:24:11', 'YYYY-MM-DD HH24:MI:SS'), '0', '0', '0', '2', '0', '0', '0', '0', '0');
INSERT INTO "JEECMS"."JC_CONTENT" VALUES ('498', '44', '1', '1', '1', '1', TO_DATE('2013-08-22 09:13:41', 'YYYY-MM-DD HH24:MI:SS'), '0', '0', '1', '2', '0', '0', '0', '0', '0');
INSERT INTO "JEECMS"."JC_CONTENT" VALUES ('499', '45', '1', '1', '1', '1', TO_DATE('2013-08-22 09:21:00', 'YYYY-MM-DD HH24:MI:SS'), '0', '0', '0', '2', '0', '0', '0', '0', '0');
INSERT INTO "JEECMS"."JC_CONTENT" VALUES ('500', '45', '1', '1', '1', '1', TO_DATE('2013-08-22 09:28:09', 'YYYY-MM-DD HH24:MI:SS'), '0', '0', '0', '2', '0', '0', '0', '0', '0');
INSERT INTO "JEECMS"."JC_CONTENT" VALUES ('501', '45', '1', '1', '1', '1', TO_DATE('2013-08-22 09:45:50', 'YYYY-MM-DD HH24:MI:SS'), '0', '0', '0', '2', '0', '0', '0', '0', '0');
INSERT INTO "JEECMS"."JC_CONTENT" VALUES ('502', '49', '1', '2', '6', '1', TO_DATE('2013-09-09 16:51:46', 'YYYY-MM-DD HH24:MI:SS'), '0', '1', '0', '2', '0', '0', '0', '0', '0');
INSERT INTO "JEECMS"."JC_CONTENT" VALUES ('503', '49', '1', '2', '6', '1', TO_DATE('2013-09-09 16:55:35', 'YYYY-MM-DD HH24:MI:SS'), '0', '1', '0', '2', '0', '0', '0', '0', '0');
INSERT INTO "JEECMS"."JC_CONTENT" VALUES ('504', '49', '1', '2', '6', '1', TO_DATE('2013-09-09 16:59:13', 'YYYY-MM-DD HH24:MI:SS'), '0', '1', '0', '2', '0', '0', '0', '0', '0');
INSERT INTO "JEECMS"."JC_CONTENT" VALUES ('505', '49', '1', '2', '6', '1', TO_DATE('2013-09-09 17:00:23', 'YYYY-MM-DD HH24:MI:SS'), '0', '1', '0', '2', '1', '0', '0', '0', '0');
INSERT INTO "JEECMS"."JC_CONTENT" VALUES ('506', '11', '1', '3', '5', '1', TO_DATE('2013-09-10 09:22:39', 'YYYY-MM-DD HH24:MI:SS'), '0', '0', '1', '2', '0', '0', '0', '0', '0');
INSERT INTO "JEECMS"."JC_CONTENT" VALUES ('507', '11', '1', '3', '1', '1', TO_DATE('2013-09-10 09:50:40', 'YYYY-MM-DD HH24:MI:SS'), '0', '0', '0', '2', '0', '0', '0', '0', '0');
INSERT INTO "JEECMS"."JC_CONTENT" VALUES ('508', '11', '1', '3', '1', '1', TO_DATE('2013-09-10 09:53:55', 'YYYY-MM-DD HH24:MI:SS'), '0', '0', '0', '2', '0', '0', '0', '0', '0');
INSERT INTO "JEECMS"."JC_CONTENT" VALUES ('509', '11', '1', '1', '1', '1', TO_DATE('2013-09-10 10:28:25', 'YYYY-MM-DD HH24:MI:SS'), '0', '0', '0', '2', '0', '0', '0', '0', '0');
INSERT INTO "JEECMS"."JC_CONTENT" VALUES ('510', '11', '1', '3', '5', '1', TO_DATE('2013-09-10 10:38:52', 'YYYY-MM-DD HH24:MI:SS'), '0', '0', '0', '2', '0', '0', '0', '0', '0');
INSERT INTO "JEECMS"."JC_CONTENT" VALUES ('511', '11', '1', '3', '5', '1', TO_DATE('2013-09-10 10:45:34', 'YYYY-MM-DD HH24:MI:SS'), '0', '0', '0', '2', '2', '0', '0', '0', '0');
INSERT INTO "JEECMS"."JC_CONTENT" VALUES ('512', '13', '1', '2', '1', '1', TO_DATE('2013-09-10 14:40:05', 'YYYY-MM-DD HH24:MI:SS'), '0', '0', '0', '2', '0', '0', '0', '0', '0');
INSERT INTO "JEECMS"."JC_CONTENT" VALUES ('513', '45', '1', '2', '5', '1', TO_DATE('2013-09-12 10:59:15', 'YYYY-MM-DD HH24:MI:SS'), '0', '0', '0', '2', '0', '0', '0', '0', '0');
INSERT INTO "JEECMS"."JC_CONTENT" VALUES ('514', '45', '1', '2', '5', '1', TO_DATE('2013-09-12 11:04:04', 'YYYY-MM-DD HH24:MI:SS'), '0', '0', '0', '2', '0', '0', '0', '0', '0');
INSERT INTO "JEECMS"."JC_CONTENT" VALUES ('515', '45', '1', '2', '5', '1', TO_DATE('2013-09-12 11:08:22', 'YYYY-MM-DD HH24:MI:SS'), '0', '0', '0', '2', '0', '0', '0', '0', '0');
INSERT INTO "JEECMS"."JC_CONTENT" VALUES ('516', '45', '1', '2', '5', '1', TO_DATE('2013-09-12 11:12:45', 'YYYY-MM-DD HH24:MI:SS'), '0', '0', '0', '2', '0', '0', '0', '0', '0');
INSERT INTO "JEECMS"."JC_CONTENT" VALUES ('517', '45', '1', '2', '5', '1', TO_DATE('2013-09-12 11:19:03', 'YYYY-MM-DD HH24:MI:SS'), '0', '0', '0', '2', '0', '0', '0', '0', '0');
INSERT INTO "JEECMS"."JC_CONTENT" VALUES ('518', '45', '1', '2', '5', '1', TO_DATE('2013-09-12 11:22:50', 'YYYY-MM-DD HH24:MI:SS'), '0', '0', '0', '2', '0', '0', '0', '0', '0');
INSERT INTO "JEECMS"."JC_CONTENT" VALUES ('519', '44', '1', '3', '5', '1', TO_DATE('2013-09-12 12:07:42', 'YYYY-MM-DD HH24:MI:SS'), '0', '0', '0', '2', '0', '0', '0', '0', '0');
INSERT INTO "JEECMS"."JC_CONTENT" VALUES ('520', '44', '1', '3', '5', '1', TO_DATE('2013-09-12 13:43:06', 'YYYY-MM-DD HH24:MI:SS'), '0', '0', '0', '2', '0', '0', '0', '0', '0');
INSERT INTO "JEECMS"."JC_CONTENT" VALUES ('521', '44', '1', '2', '5', '1', TO_DATE('2013-09-12 13:45:55', 'YYYY-MM-DD HH24:MI:SS'), '0', '0', '0', '2', '0', '0', '0', '0', '0');
INSERT INTO "JEECMS"."JC_CONTENT" VALUES ('522', '44', '1', '2', '5', '1', TO_DATE('2013-09-12 13:49:36', 'YYYY-MM-DD HH24:MI:SS'), '0', '0', '0', '2', '0', '0', '0', '0', '0');
INSERT INTO "JEECMS"."JC_CONTENT" VALUES ('523', '44', '1', '2', '5', '1', TO_DATE('2013-09-12 13:52:46', 'YYYY-MM-DD HH24:MI:SS'), '0', '0', '0', '2', '0', '0', '0', '0', '0');
INSERT INTO "JEECMS"."JC_CONTENT" VALUES ('524', '44', '1', '3', '5', '1', TO_DATE('2013-09-12 13:58:30', 'YYYY-MM-DD HH24:MI:SS'), '0', '0', '0', '2', '0', '0', '0', '0', '0');
INSERT INTO "JEECMS"."JC_CONTENT" VALUES ('525', '44', '1', '3', '5', '1', TO_DATE('2013-09-12 14:08:58', 'YYYY-MM-DD HH24:MI:SS'), '0', '0', '0', '2', '0', '0', '0', '0', '0');
INSERT INTO "JEECMS"."JC_CONTENT" VALUES ('526', '44', '1', '3', '5', '1', TO_DATE('2013-09-12 14:14:53', 'YYYY-MM-DD HH24:MI:SS'), '0', '0', '0', '2', '0', '0', '0', '0', '0');
INSERT INTO "JEECMS"."JC_CONTENT" VALUES ('527', '44', '1', '3', '5', '1', TO_DATE('2013-09-12 14:23:30', 'YYYY-MM-DD HH24:MI:SS'), '0', '0', '0', '2', '0', '0', '0', '0', '0');
INSERT INTO "JEECMS"."JC_CONTENT" VALUES ('528', '44', '1', '2', '5', '1', TO_DATE('2013-09-12 14:28:33', 'YYYY-MM-DD HH24:MI:SS'), '0', '0', '0', '2', '0', '0', '0', '0', '0');
INSERT INTO "JEECMS"."JC_CONTENT" VALUES ('529', '44', '1', '2', '5', '1', TO_DATE('2013-09-12 14:33:47', 'YYYY-MM-DD HH24:MI:SS'), '0', '0', '0', '2', '0', '0', '0', '0', '0');
INSERT INTO "JEECMS"."JC_CONTENT" VALUES ('530', '44', '1', '2', '5', '1', TO_DATE('2013-09-12 14:57:01', 'YYYY-MM-DD HH24:MI:SS'), '0', '0', '0', '2', '0', '0', '0', '0', '0');
INSERT INTO "JEECMS"."JC_CONTENT" VALUES ('531', '44', '1', '3', '5', '1', TO_DATE('2013-09-12 15:07:03', 'YYYY-MM-DD HH24:MI:SS'), '0', '0', '0', '2', '0', '0', '0', '0', '0');
INSERT INTO "JEECMS"."JC_CONTENT" VALUES ('532', '44', '1', '3', '5', '1', TO_DATE('2013-09-12 15:11:43', 'YYYY-MM-DD HH24:MI:SS'), '0', '0', '0', '2', '0', '0', '0', '0', '0');
INSERT INTO "JEECMS"."JC_CONTENT" VALUES ('533', '44', '1', '3', '5', '1', TO_DATE('2013-09-12 15:23:00', 'YYYY-MM-DD HH24:MI:SS'), '0', '0', '0', '2', '0', '0', '0', '0', '0');
INSERT INTO "JEECMS"."JC_CONTENT" VALUES ('534', '44', '1', '2', '5', '1', TO_DATE('2013-09-12 15:36:56', 'YYYY-MM-DD HH24:MI:SS'), '0', '0', '0', '2', '0', '0', '0', '0', '0');
INSERT INTO "JEECMS"."JC_CONTENT" VALUES ('535', '44', '1', '2', '5', '1', TO_DATE('2013-09-12 15:43:13', 'YYYY-MM-DD HH24:MI:SS'), '0', '0', '0', '2', '0', '0', '0', '0', '0');
INSERT INTO "JEECMS"."JC_CONTENT" VALUES ('536', '44', '1', '3', '5', '1', TO_DATE('2013-09-12 15:48:01', 'YYYY-MM-DD HH24:MI:SS'), '0', '0', '0', '2', '0', '0', '0', '0', '0');
INSERT INTO "JEECMS"."JC_CONTENT" VALUES ('539', '50', '1', '2', '6', '1', TO_DATE('2013-09-13 14:12:47', 'YYYY-MM-DD HH24:MI:SS'), '0', '1', '0', '2', '0', '0', '0', '0', '0');
INSERT INTO "JEECMS"."JC_CONTENT" VALUES ('540', '50', '1', '2', '6', '1', TO_DATE('2013-09-13 14:24:03', 'YYYY-MM-DD HH24:MI:SS'), '0', '1', '0', '2', '0', '0', '0', '0', '0');
INSERT INTO "JEECMS"."JC_CONTENT" VALUES ('541', '50', '1', '2', '6', '1', TO_DATE('2013-09-13 14:29:31', 'YYYY-MM-DD HH24:MI:SS'), '0', '1', '0', '2', '0', '0', '0', '0', '0');
INSERT INTO "JEECMS"."JC_CONTENT" VALUES ('553', '61', '1', '1', '8', '1', TO_DATE('2013-09-27 09:31:51', 'YYYY-MM-DD HH24:MI:SS'), '0', '0', '0', '2', '0', '0', '0', '0', '0');
INSERT INTO "JEECMS"."JC_CONTENT" VALUES ('558', '65', '1', '1', '9', '1', TO_DATE('2013-09-27 09:41:27', 'YYYY-MM-DD HH24:MI:SS'), '0', '0', '0', '2', '0', '0', '0', '0', '0');
INSERT INTO "JEECMS"."JC_CONTENT" VALUES ('559', '12', '1', '1', '1', '1', TO_DATE('2013-09-27 10:18:25', 'YYYY-MM-DD HH24:MI:SS'), '0', '0', '0', '2', '0', '0', '0', '0', '0');
INSERT INTO "JEECMS"."JC_CONTENT" VALUES ('560', '12', '1', '1', '1', '1', TO_DATE('2013-09-27 10:18:47', 'YYYY-MM-DD HH24:MI:SS'), '0', '0', '0', '2', '0', '0', '0', '0', '0');
INSERT INTO "JEECMS"."JC_CONTENT" VALUES ('561', '14', '1', '1', '1', '1', TO_DATE('2013-09-27 10:19:30', 'YYYY-MM-DD HH24:MI:SS'), '0', '0', '0', '2', '0', '0', '0', '0', '0');
INSERT INTO "JEECMS"."JC_CONTENT" VALUES ('562', '14', '1', '1', '1', '1', TO_DATE('2013-09-27 10:19:51', 'YYYY-MM-DD HH24:MI:SS'), '0', '0', '0', '2', '0', '0', '0', '0', '0');
INSERT INTO "JEECMS"."JC_CONTENT" VALUES ('563', '14', '1', '1', '1', '1', TO_DATE('2013-09-27 10:20:09', 'YYYY-MM-DD HH24:MI:SS'), '0', '0', '0', '2', '0', '0', '0', '0', '0');
INSERT INTO "JEECMS"."JC_CONTENT" VALUES ('564', '14', '1', '1', '1', '1', TO_DATE('2013-09-27 10:20:31', 'YYYY-MM-DD HH24:MI:SS'), '0', '0', '0', '2', '0', '0', '0', '0', '0');
INSERT INTO "JEECMS"."JC_CONTENT" VALUES ('565', '15', '1', '2', '1', '1', TO_DATE('2013-09-27 10:20:59', 'YYYY-MM-DD HH24:MI:SS'), '0', '0', '0', '2', '0', '0', '0', '0', '0');
INSERT INTO "JEECMS"."JC_CONTENT" VALUES ('566', '15', '1', '2', '1', '1', TO_DATE('2013-09-27 10:21:22', 'YYYY-MM-DD HH24:MI:SS'), '0', '0', '0', '2', '0', '0', '0', '0', '0');
INSERT INTO "JEECMS"."JC_CONTENT" VALUES ('567', '15', '1', '2', '1', '1', TO_DATE('2013-09-27 10:22:02', 'YYYY-MM-DD HH24:MI:SS'), '0', '0', '0', '2', '0', '0', '0', '0', '0');
INSERT INTO "JEECMS"."JC_CONTENT" VALUES ('568', '40', '1', '1', '1', '1', TO_DATE('2013-09-27 10:23:29', 'YYYY-MM-DD HH24:MI:SS'), '0', '0', '0', '2', '0', '0', '0', '0', '0');
INSERT INTO "JEECMS"."JC_CONTENT" VALUES ('569', '40', '1', '1', '1', '1', TO_DATE('2013-09-27 10:23:49', 'YYYY-MM-DD HH24:MI:SS'), '0', '0', '0', '2', '0', '0', '0', '0', '0');
INSERT INTO "JEECMS"."JC_CONTENT" VALUES ('570', '40', '1', '1', '1', '1', TO_DATE('2013-09-27 10:24:10', 'YYYY-MM-DD HH24:MI:SS'), '0', '0', '0', '2', '0', '0', '0', '0', '0');
INSERT INTO "JEECMS"."JC_CONTENT" VALUES ('571', '41', '1', '1', '1', '1', TO_DATE('2013-09-27 10:25:17', 'YYYY-MM-DD HH24:MI:SS'), '0', '0', '0', '2', '0', '0', '0', '0', '0');
INSERT INTO "JEECMS"."JC_CONTENT" VALUES ('572', '11', '1', '1', '1', '1', TO_DATE('2013-09-27 10:25:36', 'YYYY-MM-DD HH24:MI:SS'), '0', '0', '0', '2', '1', '0', '0', '0', '0');

-- ----------------------------
-- Table structure for JC_CONTENT_ATTACHMENT
-- ----------------------------
DROP TABLE "JEECMS"."JC_CONTENT_ATTACHMENT";
CREATE TABLE "JEECMS"."JC_CONTENT_ATTACHMENT" (
"CONTENT_ID" NUMBER(11) NOT NULL ,
"PRIORITY" NUMBER(11) NOT NULL ,
"ATTACHMENT_PATH" VARCHAR2(255 BYTE) NOT NULL ,
"ATTACHMENT_NAME" VARCHAR2(100 BYTE) NOT NULL ,
"FILENAME" VARCHAR2(100 BYTE) NULL ,
"DOWNLOAD_COUNT" NUMBER(11) DEFAULT 0  NOT NULL 
)
LOGGING
NOCOMPRESS
NOCACHE

;
COMMENT ON TABLE "JEECMS"."JC_CONTENT_ATTACHMENT" IS 'CMS内容附件表;';
COMMENT ON COLUMN "JEECMS"."JC_CONTENT_ATTACHMENT"."PRIORITY" IS '排列顺序';
COMMENT ON COLUMN "JEECMS"."JC_CONTENT_ATTACHMENT"."ATTACHMENT_PATH" IS '附件路径';
COMMENT ON COLUMN "JEECMS"."JC_CONTENT_ATTACHMENT"."ATTACHMENT_NAME" IS '附件名称';
COMMENT ON COLUMN "JEECMS"."JC_CONTENT_ATTACHMENT"."FILENAME" IS '文件名';
COMMENT ON COLUMN "JEECMS"."JC_CONTENT_ATTACHMENT"."DOWNLOAD_COUNT" IS '下载次数';

-- ----------------------------
-- Records of JC_CONTENT_ATTACHMENT
-- ----------------------------
INSERT INTO "JEECMS"."JC_CONTENT_ATTACHMENT" VALUES ('172', '0', '/u/cms/www/201309/19115513v9k3.zip', '111.zip', '111.zip', '0');
INSERT INTO "JEECMS"."JC_CONTENT_ATTACHMENT" VALUES ('173', '0', '/u/cms/www/201309/19115459jnds.zip', '111.zip', '111.zip', '0');
INSERT INTO "JEECMS"."JC_CONTENT_ATTACHMENT" VALUES ('174', '0', '/u/cms/www/201309/19115540rghk.zip', '111.zip', '111.zip', '0');
INSERT INTO "JEECMS"."JC_CONTENT_ATTACHMENT" VALUES ('315', '0', '/u/cms/www/201309/19111015xsud.zip', '111.zip', '111.zip', '0');
INSERT INTO "JEECMS"."JC_CONTENT_ATTACHMENT" VALUES ('320', '0', '/u/cms/www/201309/19112925s625.zip', '111.zip', '111.zip', '0');
INSERT INTO "JEECMS"."JC_CONTENT_ATTACHMENT" VALUES ('326', '0', '/u/cms/www/201309/19114320y7x2.zip', '111.zip', '111.zip', '0');
INSERT INTO "JEECMS"."JC_CONTENT_ATTACHMENT" VALUES ('328', '0', '/u/cms/www/201309/19120206ddre.zip', '111.zip', '111.zip', '0');
INSERT INTO "JEECMS"."JC_CONTENT_ATTACHMENT" VALUES ('329', '0', '/u/cms/www/201309/19132320u46d.zip', '111.zip', '111.zip', '0');
INSERT INTO "JEECMS"."JC_CONTENT_ATTACHMENT" VALUES ('330', '0', '/u/cms/www/201309/19134542a8qu.zip', '111.zip', '111.zip', '0');
INSERT INTO "JEECMS"."JC_CONTENT_ATTACHMENT" VALUES ('331', '0', '/u/cms/www/201309/19135345g1s7.zip', '111.zip', '111.zip', '0');
INSERT INTO "JEECMS"."JC_CONTENT_ATTACHMENT" VALUES ('332', '0', '/u/cms/www/201309/19140010z9z1.zip', '111.zip', '111.zip', '0');
INSERT INTO "JEECMS"."JC_CONTENT_ATTACHMENT" VALUES ('333', '0', '/u/cms/www/201309/19141042cfu8.zip', '111.zip', '111.zip', '0');
INSERT INTO "JEECMS"."JC_CONTENT_ATTACHMENT" VALUES ('334', '0', '/u/cms/www/201309/191418286eoi.zip', '111.zip', '111.zip', '0');
INSERT INTO "JEECMS"."JC_CONTENT_ATTACHMENT" VALUES ('335', '0', '/u/cms/www/201309/19142201umby.zip', '111.zip', '111.zip', '0');
INSERT INTO "JEECMS"."JC_CONTENT_ATTACHMENT" VALUES ('336', '0', '/u/cms/www/201309/191425405rka.zip', '111.zip', '111.zip', '0');
INSERT INTO "JEECMS"."JC_CONTENT_ATTACHMENT" VALUES ('337', '0', '/u/cms/www/201309/19143017qxs3.zip', '111.zip', '111.zip', '0');

-- ----------------------------
-- Table structure for JC_CONTENT_ATTR
-- ----------------------------
DROP TABLE "JEECMS"."JC_CONTENT_ATTR";
CREATE TABLE "JEECMS"."JC_CONTENT_ATTR" (
"CONTENT_ID" NUMBER(11) NOT NULL ,
"ATTR_NAME" VARCHAR2(30 BYTE) NOT NULL ,
"ATTR_VALUE" VARCHAR2(255 BYTE) NULL 
)
LOGGING
NOCOMPRESS
NOCACHE

;
COMMENT ON TABLE "JEECMS"."JC_CONTENT_ATTR" IS 'CMS内容扩展属性表;';
COMMENT ON COLUMN "JEECMS"."JC_CONTENT_ATTR"."ATTR_NAME" IS '名称';
COMMENT ON COLUMN "JEECMS"."JC_CONTENT_ATTR"."ATTR_VALUE" IS '值';

-- ----------------------------
-- Records of JC_CONTENT_ATTR
-- ----------------------------
INSERT INTO "JEECMS"."JC_CONTENT_ATTR" VALUES ('172', 'warrant', '免费版');
INSERT INTO "JEECMS"."JC_CONTENT_ATTR" VALUES ('172', 'demoUrl', 'http://');
INSERT INTO "JEECMS"."JC_CONTENT_ATTR" VALUES ('172', 'relatedLink', 'http://');
INSERT INTO "JEECMS"."JC_CONTENT_ATTR" VALUES ('172', 'softType', '国产软件');
INSERT INTO "JEECMS"."JC_CONTENT_ATTR" VALUES ('173', 'warrant', '免费版');
INSERT INTO "JEECMS"."JC_CONTENT_ATTR" VALUES ('173', 'demoUrl', 'http://');
INSERT INTO "JEECMS"."JC_CONTENT_ATTR" VALUES ('173', 'relatedLink', 'http://');
INSERT INTO "JEECMS"."JC_CONTENT_ATTR" VALUES ('173', 'softType', '国产软件');
INSERT INTO "JEECMS"."JC_CONTENT_ATTR" VALUES ('174', 'warrant', '免费版');
INSERT INTO "JEECMS"."JC_CONTENT_ATTR" VALUES ('174', 'demoUrl', 'http://');
INSERT INTO "JEECMS"."JC_CONTENT_ATTR" VALUES ('174', 'relatedLink', 'http://');
INSERT INTO "JEECMS"."JC_CONTENT_ATTR" VALUES ('174', 'softType', '国产软件');
INSERT INTO "JEECMS"."JC_CONTENT_ATTR" VALUES ('315', 'demoUrl', 'http://');
INSERT INTO "JEECMS"."JC_CONTENT_ATTR" VALUES ('315', 'warrant', '免费版');
INSERT INTO "JEECMS"."JC_CONTENT_ATTR" VALUES ('315', 'relatedLink', 'http://');
INSERT INTO "JEECMS"."JC_CONTENT_ATTR" VALUES ('315', 'softType', '国产软件');
INSERT INTO "JEECMS"."JC_CONTENT_ATTR" VALUES ('320', 'demoUrl', 'http://');
INSERT INTO "JEECMS"."JC_CONTENT_ATTR" VALUES ('320', 'warrant', '免费版');
INSERT INTO "JEECMS"."JC_CONTENT_ATTR" VALUES ('320', 'relatedLink', 'http://');
INSERT INTO "JEECMS"."JC_CONTENT_ATTR" VALUES ('320', 'softType', '国产软件');
INSERT INTO "JEECMS"."JC_CONTENT_ATTR" VALUES ('326', 'demoUrl', 'http://');
INSERT INTO "JEECMS"."JC_CONTENT_ATTR" VALUES ('326', 'warrant', '免费版');
INSERT INTO "JEECMS"."JC_CONTENT_ATTR" VALUES ('326', 'relatedLink', 'http://');
INSERT INTO "JEECMS"."JC_CONTENT_ATTR" VALUES ('326', 'softType', '国产软件');
INSERT INTO "JEECMS"."JC_CONTENT_ATTR" VALUES ('328', 'demoUrl', 'http://');
INSERT INTO "JEECMS"."JC_CONTENT_ATTR" VALUES ('328', 'warrant', '免费版');
INSERT INTO "JEECMS"."JC_CONTENT_ATTR" VALUES ('328', 'relatedLink', 'http://');
INSERT INTO "JEECMS"."JC_CONTENT_ATTR" VALUES ('328', 'softType', '国产软件');
INSERT INTO "JEECMS"."JC_CONTENT_ATTR" VALUES ('329', 'demoUrl', 'http://');
INSERT INTO "JEECMS"."JC_CONTENT_ATTR" VALUES ('329', 'warrant', '免费版');
INSERT INTO "JEECMS"."JC_CONTENT_ATTR" VALUES ('329', 'relatedLink', 'http://');
INSERT INTO "JEECMS"."JC_CONTENT_ATTR" VALUES ('329', 'softType', '国产软件');
INSERT INTO "JEECMS"."JC_CONTENT_ATTR" VALUES ('330', 'demoUrl', 'http://');
INSERT INTO "JEECMS"."JC_CONTENT_ATTR" VALUES ('330', 'warrant', '免费版');
INSERT INTO "JEECMS"."JC_CONTENT_ATTR" VALUES ('330', 'relatedLink', 'http://');
INSERT INTO "JEECMS"."JC_CONTENT_ATTR" VALUES ('330', 'softType', '国产软件');
INSERT INTO "JEECMS"."JC_CONTENT_ATTR" VALUES ('331', 'demoUrl', 'http://');
INSERT INTO "JEECMS"."JC_CONTENT_ATTR" VALUES ('331', 'warrant', '免费版');
INSERT INTO "JEECMS"."JC_CONTENT_ATTR" VALUES ('331', 'relatedLink', 'http://');
INSERT INTO "JEECMS"."JC_CONTENT_ATTR" VALUES ('331', 'softType', '国产软件');
INSERT INTO "JEECMS"."JC_CONTENT_ATTR" VALUES ('332', 'demoUrl', 'http://');
INSERT INTO "JEECMS"."JC_CONTENT_ATTR" VALUES ('332', 'warrant', '免费版');
INSERT INTO "JEECMS"."JC_CONTENT_ATTR" VALUES ('332', 'relatedLink', 'http://');
INSERT INTO "JEECMS"."JC_CONTENT_ATTR" VALUES ('332', 'softType', '国产软件');
INSERT INTO "JEECMS"."JC_CONTENT_ATTR" VALUES ('333', 'demoUrl', 'http://');
INSERT INTO "JEECMS"."JC_CONTENT_ATTR" VALUES ('333', 'warrant', '免费版');
INSERT INTO "JEECMS"."JC_CONTENT_ATTR" VALUES ('333', 'relatedLink', 'http://');
INSERT INTO "JEECMS"."JC_CONTENT_ATTR" VALUES ('333', 'softType', '国产软件');
INSERT INTO "JEECMS"."JC_CONTENT_ATTR" VALUES ('334', 'demoUrl', 'http://');
INSERT INTO "JEECMS"."JC_CONTENT_ATTR" VALUES ('334', 'warrant', '免费版');
INSERT INTO "JEECMS"."JC_CONTENT_ATTR" VALUES ('334', 'relatedLink', 'http://');
INSERT INTO "JEECMS"."JC_CONTENT_ATTR" VALUES ('334', 'softType', '国产软件');
INSERT INTO "JEECMS"."JC_CONTENT_ATTR" VALUES ('335', 'demoUrl', 'http://');
INSERT INTO "JEECMS"."JC_CONTENT_ATTR" VALUES ('335', 'warrant', '免费版');
INSERT INTO "JEECMS"."JC_CONTENT_ATTR" VALUES ('335', 'relatedLink', 'http://');
INSERT INTO "JEECMS"."JC_CONTENT_ATTR" VALUES ('335', 'softType', '国产软件');
INSERT INTO "JEECMS"."JC_CONTENT_ATTR" VALUES ('336', 'demoUrl', 'http://');
INSERT INTO "JEECMS"."JC_CONTENT_ATTR" VALUES ('336', 'warrant', '免费版');
INSERT INTO "JEECMS"."JC_CONTENT_ATTR" VALUES ('336', 'relatedLink', 'http://');
INSERT INTO "JEECMS"."JC_CONTENT_ATTR" VALUES ('336', 'softType', '国产软件');
INSERT INTO "JEECMS"."JC_CONTENT_ATTR" VALUES ('337', 'demoUrl', 'http://');
INSERT INTO "JEECMS"."JC_CONTENT_ATTR" VALUES ('337', 'warrant', '免费版');
INSERT INTO "JEECMS"."JC_CONTENT_ATTR" VALUES ('337', 'relatedLink', 'http://');
INSERT INTO "JEECMS"."JC_CONTENT_ATTR" VALUES ('337', 'softType', '国产软件');
INSERT INTO "JEECMS"."JC_CONTENT_ATTR" VALUES ('473', 'Starring', '张国强 濮存昕 李菁菁 刘威葳 高亚麟');
INSERT INTO "JEECMS"."JC_CONTENT_ATTR" VALUES ('473', 'Director', '康洪雷');
INSERT INTO "JEECMS"."JC_CONTENT_ATTR" VALUES ('474', 'Starring', '张国强 濮存昕 李菁菁 刘威葳 高亚麟');
INSERT INTO "JEECMS"."JC_CONTENT_ATTR" VALUES ('474', 'Director', '康洪雷');
INSERT INTO "JEECMS"."JC_CONTENT_ATTR" VALUES ('475', 'Starring', '张国强 濮存昕 李菁菁 刘威葳 高亚麟');
INSERT INTO "JEECMS"."JC_CONTENT_ATTR" VALUES ('475', 'Director', '康洪雷');
INSERT INTO "JEECMS"."JC_CONTENT_ATTR" VALUES ('476', 'Starring', '张国强 濮存昕 李菁菁 刘威葳 高亚麟');
INSERT INTO "JEECMS"."JC_CONTENT_ATTR" VALUES ('476', 'Director', '康洪雷');
INSERT INTO "JEECMS"."JC_CONTENT_ATTR" VALUES ('477', 'Starring', '张国强 濮存昕 李菁菁 刘威葳 高亚麟');
INSERT INTO "JEECMS"."JC_CONTENT_ATTR" VALUES ('477', 'Director', '康洪雷');
INSERT INTO "JEECMS"."JC_CONTENT_ATTR" VALUES ('478', 'Starring', '张国强 濮存昕 李菁菁 刘威葳 高亚麟');
INSERT INTO "JEECMS"."JC_CONTENT_ATTR" VALUES ('478', 'Director', '康洪雷');
INSERT INTO "JEECMS"."JC_CONTENT_ATTR" VALUES ('479', 'Starring', '张国强 濮存昕 李菁菁 刘威葳 高亚麟');
INSERT INTO "JEECMS"."JC_CONTENT_ATTR" VALUES ('479', 'Director', '康洪雷');
INSERT INTO "JEECMS"."JC_CONTENT_ATTR" VALUES ('480', 'Starring', '张国强 濮存昕 李菁菁 刘威葳 高亚麟');
INSERT INTO "JEECMS"."JC_CONTENT_ATTR" VALUES ('480', 'Director', '康洪雷');
INSERT INTO "JEECMS"."JC_CONTENT_ATTR" VALUES ('481', 'Starring', '未知');
INSERT INTO "JEECMS"."JC_CONTENT_ATTR" VALUES ('481', 'Director', '未知');
INSERT INTO "JEECMS"."JC_CONTENT_ATTR" VALUES ('482', 'Starring', '未知');
INSERT INTO "JEECMS"."JC_CONTENT_ATTR" VALUES ('482', 'Director', '未知');
INSERT INTO "JEECMS"."JC_CONTENT_ATTR" VALUES ('483', 'Starring', '未知');
INSERT INTO "JEECMS"."JC_CONTENT_ATTR" VALUES ('483', 'Director', '未知');
INSERT INTO "JEECMS"."JC_CONTENT_ATTR" VALUES ('484', 'Starring', '未知');
INSERT INTO "JEECMS"."JC_CONTENT_ATTR" VALUES ('484', 'Director', '未知');
INSERT INTO "JEECMS"."JC_CONTENT_ATTR" VALUES ('497', 'Starring', null);
INSERT INTO "JEECMS"."JC_CONTENT_ATTR" VALUES ('497', 'Director', null);
INSERT INTO "JEECMS"."JC_CONTENT_ATTR" VALUES ('502', 'VideoType', '都市,喜剧');
INSERT INTO "JEECMS"."JC_CONTENT_ATTR" VALUES ('502', 'Starring', '文章 马伊琍 朱佳煜 王耀庆 张子萱');
INSERT INTO "JEECMS"."JC_CONTENT_ATTR" VALUES ('502', 'Director', '文章');
INSERT INTO "JEECMS"."JC_CONTENT_ATTR" VALUES ('502', 'Video', '正片');
INSERT INTO "JEECMS"."JC_CONTENT_ATTR" VALUES ('503', 'VideoType', '都市,喜剧');
INSERT INTO "JEECMS"."JC_CONTENT_ATTR" VALUES ('503', 'Starring', '文章 马伊琍 朱佳煜 王耀庆 张子萱');
INSERT INTO "JEECMS"."JC_CONTENT_ATTR" VALUES ('503', 'Director', '文章');
INSERT INTO "JEECMS"."JC_CONTENT_ATTR" VALUES ('503', 'Video', '正片');
INSERT INTO "JEECMS"."JC_CONTENT_ATTR" VALUES ('504', 'VideoType', '都市,喜剧');
INSERT INTO "JEECMS"."JC_CONTENT_ATTR" VALUES ('504', 'Starring', '文章 马伊琍 朱佳煜 王耀庆 张子萱');
INSERT INTO "JEECMS"."JC_CONTENT_ATTR" VALUES ('504', 'Director', '文章');
INSERT INTO "JEECMS"."JC_CONTENT_ATTR" VALUES ('504', 'Video', '正片');
INSERT INTO "JEECMS"."JC_CONTENT_ATTR" VALUES ('505', 'VideoType', '都市,喜剧');
INSERT INTO "JEECMS"."JC_CONTENT_ATTR" VALUES ('505', 'Starring', '文章 马伊琍 朱佳煜 王耀庆 张子萱');
INSERT INTO "JEECMS"."JC_CONTENT_ATTR" VALUES ('505', 'Director', '文章');
INSERT INTO "JEECMS"."JC_CONTENT_ATTR" VALUES ('505', 'Video', '正片');
INSERT INTO "JEECMS"."JC_CONTENT_ATTR" VALUES ('480', 'VideoType', '都市');
INSERT INTO "JEECMS"."JC_CONTENT_ATTR" VALUES ('480', 'Video', '正片');
INSERT INTO "JEECMS"."JC_CONTENT_ATTR" VALUES ('479', 'VideoType', '都市');
INSERT INTO "JEECMS"."JC_CONTENT_ATTR" VALUES ('479', 'Video', '正片');
INSERT INTO "JEECMS"."JC_CONTENT_ATTR" VALUES ('478', 'VideoType', '都市');
INSERT INTO "JEECMS"."JC_CONTENT_ATTR" VALUES ('478', 'Video', '正片');
INSERT INTO "JEECMS"."JC_CONTENT_ATTR" VALUES ('477', 'VideoType', '都市');
INSERT INTO "JEECMS"."JC_CONTENT_ATTR" VALUES ('477', 'Video', '正片');
INSERT INTO "JEECMS"."JC_CONTENT_ATTR" VALUES ('473', 'VideoType', '都市');
INSERT INTO "JEECMS"."JC_CONTENT_ATTR" VALUES ('473', 'Video', '正片');
INSERT INTO "JEECMS"."JC_CONTENT_ATTR" VALUES ('474', 'VideoType', '都市');
INSERT INTO "JEECMS"."JC_CONTENT_ATTR" VALUES ('474', 'Video', '正片');
INSERT INTO "JEECMS"."JC_CONTENT_ATTR" VALUES ('475', 'VideoType', '都市');
INSERT INTO "JEECMS"."JC_CONTENT_ATTR" VALUES ('475', 'Video', '正片');
INSERT INTO "JEECMS"."JC_CONTENT_ATTR" VALUES ('476', 'VideoType', '都市');
INSERT INTO "JEECMS"."JC_CONTENT_ATTR" VALUES ('476', 'Video', '正片');
INSERT INTO "JEECMS"."JC_CONTENT_ATTR" VALUES ('484', 'VideoType', '古装');
INSERT INTO "JEECMS"."JC_CONTENT_ATTR" VALUES ('484', 'Video', '正片');
INSERT INTO "JEECMS"."JC_CONTENT_ATTR" VALUES ('483', 'VideoType', '惊悚');
INSERT INTO "JEECMS"."JC_CONTENT_ATTR" VALUES ('483', 'Video', '正片');
INSERT INTO "JEECMS"."JC_CONTENT_ATTR" VALUES ('482', 'VideoType', '历史');
INSERT INTO "JEECMS"."JC_CONTENT_ATTR" VALUES ('482', 'Video', '正片');
INSERT INTO "JEECMS"."JC_CONTENT_ATTR" VALUES ('481', 'VideoType', '谍战,战争');
INSERT INTO "JEECMS"."JC_CONTENT_ATTR" VALUES ('481', 'Video', '正片');
INSERT INTO "JEECMS"."JC_CONTENT_ATTR" VALUES ('539', 'VideoType', '历史');
INSERT INTO "JEECMS"."JC_CONTENT_ATTR" VALUES ('539', 'Starring', null);
INSERT INTO "JEECMS"."JC_CONTENT_ATTR" VALUES ('539', 'Director', '上海纪实频道.');
INSERT INTO "JEECMS"."JC_CONTENT_ATTR" VALUES ('539', 'Video', '正片');
INSERT INTO "JEECMS"."JC_CONTENT_ATTR" VALUES ('540', 'VideoType', '伦理,战争');
INSERT INTO "JEECMS"."JC_CONTENT_ATTR" VALUES ('540', 'Starring', null);
INSERT INTO "JEECMS"."JC_CONTENT_ATTR" VALUES ('540', 'Director', '旅游卫视');
INSERT INTO "JEECMS"."JC_CONTENT_ATTR" VALUES ('540', 'Video', '正片');
INSERT INTO "JEECMS"."JC_CONTENT_ATTR" VALUES ('541', 'VideoType', '都市,伦理');
INSERT INTO "JEECMS"."JC_CONTENT_ATTR" VALUES ('541', 'Starring', null);
INSERT INTO "JEECMS"."JC_CONTENT_ATTR" VALUES ('541', 'Director', '江西卫视.');
INSERT INTO "JEECMS"."JC_CONTENT_ATTR" VALUES ('541', 'Video', '正片');
INSERT INTO "JEECMS"."JC_CONTENT_ATTR" VALUES ('553', 'category', 'java工程师');
INSERT INTO "JEECMS"."JC_CONTENT_ATTR" VALUES ('553', 'nature', '全职');
INSERT INTO "JEECMS"."JC_CONTENT_ATTR" VALUES ('553', 'nums', '1-3人');
INSERT INTO "JEECMS"."JC_CONTENT_ATTR" VALUES ('553', 'hasmanage', '要求');
INSERT INTO "JEECMS"."JC_CONTENT_ATTR" VALUES ('553', 'experience', '1-3年');
INSERT INTO "JEECMS"."JC_CONTENT_ATTR" VALUES ('553', 'workplace', '上海');
INSERT INTO "JEECMS"."JC_CONTENT_ATTR" VALUES ('553', 'salary', '1500-2000');
INSERT INTO "JEECMS"."JC_CONTENT_ATTR" VALUES ('553', 'education', '本科');
INSERT INTO "JEECMS"."JC_CONTENT_ATTR" VALUES ('553', 'deadline', null);

-- ----------------------------
-- Table structure for JC_CONTENT_CHANNEL
-- ----------------------------
DROP TABLE "JEECMS"."JC_CONTENT_CHANNEL";
CREATE TABLE "JEECMS"."JC_CONTENT_CHANNEL" (
"CHANNEL_ID" NUMBER(11) NOT NULL ,
"CONTENT_ID" NUMBER(11) NOT NULL 
)
LOGGING
NOCOMPRESS
NOCACHE

;
COMMENT ON TABLE "JEECMS"."JC_CONTENT_CHANNEL" IS 'CMS内容栏目关联表;';

-- ----------------------------
-- Records of JC_CONTENT_CHANNEL
-- ----------------------------
INSERT INTO "JEECMS"."JC_CONTENT_CHANNEL" VALUES ('11', '444');
INSERT INTO "JEECMS"."JC_CONTENT_CHANNEL" VALUES ('11', '446');
INSERT INTO "JEECMS"."JC_CONTENT_CHANNEL" VALUES ('11', '448');
INSERT INTO "JEECMS"."JC_CONTENT_CHANNEL" VALUES ('11', '506');
INSERT INTO "JEECMS"."JC_CONTENT_CHANNEL" VALUES ('11', '507');
INSERT INTO "JEECMS"."JC_CONTENT_CHANNEL" VALUES ('11', '508');
INSERT INTO "JEECMS"."JC_CONTENT_CHANNEL" VALUES ('11', '509');
INSERT INTO "JEECMS"."JC_CONTENT_CHANNEL" VALUES ('11', '510');
INSERT INTO "JEECMS"."JC_CONTENT_CHANNEL" VALUES ('11', '511');
INSERT INTO "JEECMS"."JC_CONTENT_CHANNEL" VALUES ('12', '447');
INSERT INTO "JEECMS"."JC_CONTENT_CHANNEL" VALUES ('12', '559');
INSERT INTO "JEECMS"."JC_CONTENT_CHANNEL" VALUES ('12', '560');
INSERT INTO "JEECMS"."JC_CONTENT_CHANNEL" VALUES ('13', '436');
INSERT INTO "JEECMS"."JC_CONTENT_CHANNEL" VALUES ('13', '437');
INSERT INTO "JEECMS"."JC_CONTENT_CHANNEL" VALUES ('13', '438');
INSERT INTO "JEECMS"."JC_CONTENT_CHANNEL" VALUES ('13', '439');
INSERT INTO "JEECMS"."JC_CONTENT_CHANNEL" VALUES ('13', '440');
INSERT INTO "JEECMS"."JC_CONTENT_CHANNEL" VALUES ('13', '441');
INSERT INTO "JEECMS"."JC_CONTENT_CHANNEL" VALUES ('13', '442');
INSERT INTO "JEECMS"."JC_CONTENT_CHANNEL" VALUES ('13', '443');
INSERT INTO "JEECMS"."JC_CONTENT_CHANNEL" VALUES ('13', '444');
INSERT INTO "JEECMS"."JC_CONTENT_CHANNEL" VALUES ('13', '445');
INSERT INTO "JEECMS"."JC_CONTENT_CHANNEL" VALUES ('13', '446');
INSERT INTO "JEECMS"."JC_CONTENT_CHANNEL" VALUES ('13', '447');
INSERT INTO "JEECMS"."JC_CONTENT_CHANNEL" VALUES ('13', '448');
INSERT INTO "JEECMS"."JC_CONTENT_CHANNEL" VALUES ('13', '512');
INSERT INTO "JEECMS"."JC_CONTENT_CHANNEL" VALUES ('14', '561');
INSERT INTO "JEECMS"."JC_CONTENT_CHANNEL" VALUES ('14', '562');
INSERT INTO "JEECMS"."JC_CONTENT_CHANNEL" VALUES ('14', '563');
INSERT INTO "JEECMS"."JC_CONTENT_CHANNEL" VALUES ('14', '564');
INSERT INTO "JEECMS"."JC_CONTENT_CHANNEL" VALUES ('15', '511');
INSERT INTO "JEECMS"."JC_CONTENT_CHANNEL" VALUES ('15', '565');
INSERT INTO "JEECMS"."JC_CONTENT_CHANNEL" VALUES ('15', '566');
INSERT INTO "JEECMS"."JC_CONTENT_CHANNEL" VALUES ('15', '567');
INSERT INTO "JEECMS"."JC_CONTENT_CHANNEL" VALUES ('37', '174');
INSERT INTO "JEECMS"."JC_CONTENT_CHANNEL" VALUES ('37', '315');
INSERT INTO "JEECMS"."JC_CONTENT_CHANNEL" VALUES ('37', '320');
INSERT INTO "JEECMS"."JC_CONTENT_CHANNEL" VALUES ('37', '333');
INSERT INTO "JEECMS"."JC_CONTENT_CHANNEL" VALUES ('38', '326');
INSERT INTO "JEECMS"."JC_CONTENT_CHANNEL" VALUES ('38', '328');
INSERT INTO "JEECMS"."JC_CONTENT_CHANNEL" VALUES ('38', '329');
INSERT INTO "JEECMS"."JC_CONTENT_CHANNEL" VALUES ('38', '330');
INSERT INTO "JEECMS"."JC_CONTENT_CHANNEL" VALUES ('39', '172');
INSERT INTO "JEECMS"."JC_CONTENT_CHANNEL" VALUES ('39', '173');
INSERT INTO "JEECMS"."JC_CONTENT_CHANNEL" VALUES ('39', '331');
INSERT INTO "JEECMS"."JC_CONTENT_CHANNEL" VALUES ('39', '332');
INSERT INTO "JEECMS"."JC_CONTENT_CHANNEL" VALUES ('40', '568');
INSERT INTO "JEECMS"."JC_CONTENT_CHANNEL" VALUES ('40', '569');
INSERT INTO "JEECMS"."JC_CONTENT_CHANNEL" VALUES ('40', '570');
INSERT INTO "JEECMS"."JC_CONTENT_CHANNEL" VALUES ('41', '571');
INSERT INTO "JEECMS"."JC_CONTENT_CHANNEL" VALUES ('41', '572');
INSERT INTO "JEECMS"."JC_CONTENT_CHANNEL" VALUES ('43', '487');
INSERT INTO "JEECMS"."JC_CONTENT_CHANNEL" VALUES ('43', '488');
INSERT INTO "JEECMS"."JC_CONTENT_CHANNEL" VALUES ('43', '489');
INSERT INTO "JEECMS"."JC_CONTENT_CHANNEL" VALUES ('43', '490');
INSERT INTO "JEECMS"."JC_CONTENT_CHANNEL" VALUES ('43', '491');
INSERT INTO "JEECMS"."JC_CONTENT_CHANNEL" VALUES ('43', '492');
INSERT INTO "JEECMS"."JC_CONTENT_CHANNEL" VALUES ('43', '494');
INSERT INTO "JEECMS"."JC_CONTENT_CHANNEL" VALUES ('44', '495');
INSERT INTO "JEECMS"."JC_CONTENT_CHANNEL" VALUES ('44', '496');
INSERT INTO "JEECMS"."JC_CONTENT_CHANNEL" VALUES ('44', '497');
INSERT INTO "JEECMS"."JC_CONTENT_CHANNEL" VALUES ('44', '498');
INSERT INTO "JEECMS"."JC_CONTENT_CHANNEL" VALUES ('44', '519');
INSERT INTO "JEECMS"."JC_CONTENT_CHANNEL" VALUES ('44', '520');
INSERT INTO "JEECMS"."JC_CONTENT_CHANNEL" VALUES ('44', '521');
INSERT INTO "JEECMS"."JC_CONTENT_CHANNEL" VALUES ('44', '522');
INSERT INTO "JEECMS"."JC_CONTENT_CHANNEL" VALUES ('44', '523');
INSERT INTO "JEECMS"."JC_CONTENT_CHANNEL" VALUES ('44', '524');
INSERT INTO "JEECMS"."JC_CONTENT_CHANNEL" VALUES ('44', '525');
INSERT INTO "JEECMS"."JC_CONTENT_CHANNEL" VALUES ('44', '526');
INSERT INTO "JEECMS"."JC_CONTENT_CHANNEL" VALUES ('44', '527');
INSERT INTO "JEECMS"."JC_CONTENT_CHANNEL" VALUES ('44', '528');
INSERT INTO "JEECMS"."JC_CONTENT_CHANNEL" VALUES ('44', '529');
INSERT INTO "JEECMS"."JC_CONTENT_CHANNEL" VALUES ('44', '530');
INSERT INTO "JEECMS"."JC_CONTENT_CHANNEL" VALUES ('44', '531');
INSERT INTO "JEECMS"."JC_CONTENT_CHANNEL" VALUES ('44', '532');
INSERT INTO "JEECMS"."JC_CONTENT_CHANNEL" VALUES ('44', '533');
INSERT INTO "JEECMS"."JC_CONTENT_CHANNEL" VALUES ('44', '534');
INSERT INTO "JEECMS"."JC_CONTENT_CHANNEL" VALUES ('44', '535');
INSERT INTO "JEECMS"."JC_CONTENT_CHANNEL" VALUES ('44', '536');
INSERT INTO "JEECMS"."JC_CONTENT_CHANNEL" VALUES ('45', '499');
INSERT INTO "JEECMS"."JC_CONTENT_CHANNEL" VALUES ('45', '500');
INSERT INTO "JEECMS"."JC_CONTENT_CHANNEL" VALUES ('45', '501');
INSERT INTO "JEECMS"."JC_CONTENT_CHANNEL" VALUES ('45', '513');
INSERT INTO "JEECMS"."JC_CONTENT_CHANNEL" VALUES ('45', '514');
INSERT INTO "JEECMS"."JC_CONTENT_CHANNEL" VALUES ('45', '515');
INSERT INTO "JEECMS"."JC_CONTENT_CHANNEL" VALUES ('45', '516');
INSERT INTO "JEECMS"."JC_CONTENT_CHANNEL" VALUES ('45', '517');
INSERT INTO "JEECMS"."JC_CONTENT_CHANNEL" VALUES ('45', '518');
INSERT INTO "JEECMS"."JC_CONTENT_CHANNEL" VALUES ('49', '473');
INSERT INTO "JEECMS"."JC_CONTENT_CHANNEL" VALUES ('49', '474');
INSERT INTO "JEECMS"."JC_CONTENT_CHANNEL" VALUES ('49', '475');
INSERT INTO "JEECMS"."JC_CONTENT_CHANNEL" VALUES ('49', '476');
INSERT INTO "JEECMS"."JC_CONTENT_CHANNEL" VALUES ('49', '477');
INSERT INTO "JEECMS"."JC_CONTENT_CHANNEL" VALUES ('49', '478');
INSERT INTO "JEECMS"."JC_CONTENT_CHANNEL" VALUES ('49', '479');
INSERT INTO "JEECMS"."JC_CONTENT_CHANNEL" VALUES ('49', '480');
INSERT INTO "JEECMS"."JC_CONTENT_CHANNEL" VALUES ('49', '502');
INSERT INTO "JEECMS"."JC_CONTENT_CHANNEL" VALUES ('49', '503');
INSERT INTO "JEECMS"."JC_CONTENT_CHANNEL" VALUES ('49', '504');
INSERT INTO "JEECMS"."JC_CONTENT_CHANNEL" VALUES ('49', '505');
INSERT INTO "JEECMS"."JC_CONTENT_CHANNEL" VALUES ('50', '481');
INSERT INTO "JEECMS"."JC_CONTENT_CHANNEL" VALUES ('50', '482');
INSERT INTO "JEECMS"."JC_CONTENT_CHANNEL" VALUES ('50', '483');
INSERT INTO "JEECMS"."JC_CONTENT_CHANNEL" VALUES ('50', '484');
INSERT INTO "JEECMS"."JC_CONTENT_CHANNEL" VALUES ('50', '539');
INSERT INTO "JEECMS"."JC_CONTENT_CHANNEL" VALUES ('50', '540');
INSERT INTO "JEECMS"."JC_CONTENT_CHANNEL" VALUES ('50', '541');
INSERT INTO "JEECMS"."JC_CONTENT_CHANNEL" VALUES ('57', '334');
INSERT INTO "JEECMS"."JC_CONTENT_CHANNEL" VALUES ('57', '335');
INSERT INTO "JEECMS"."JC_CONTENT_CHANNEL" VALUES ('57', '336');
INSERT INTO "JEECMS"."JC_CONTENT_CHANNEL" VALUES ('57', '337');
INSERT INTO "JEECMS"."JC_CONTENT_CHANNEL" VALUES ('61', '553');
INSERT INTO "JEECMS"."JC_CONTENT_CHANNEL" VALUES ('65', '558');

-- ----------------------------
-- Table structure for JC_CONTENT_CHECK
-- ----------------------------
DROP TABLE "JEECMS"."JC_CONTENT_CHECK";
CREATE TABLE "JEECMS"."JC_CONTENT_CHECK" (
"CONTENT_ID" NUMBER(11) NOT NULL ,
"CHECK_STEP" NUMBER(1) DEFAULT 0  NOT NULL ,
"CHECK_OPINION" VARCHAR2(255 BYTE) NULL ,
"IS_REJECTED" NUMBER(1) DEFAULT 0  NOT NULL ,
"REVIEWER" NUMBER(11) NULL ,
"CHECK_DATE" DATE NULL 
)
LOGGING
NOCOMPRESS
NOCACHE

;
COMMENT ON TABLE "JEECMS"."JC_CONTENT_CHECK" IS 'CMS内容审核信息表; ';
COMMENT ON COLUMN "JEECMS"."JC_CONTENT_CHECK"."CHECK_STEP" IS '审核步数';
COMMENT ON COLUMN "JEECMS"."JC_CONTENT_CHECK"."CHECK_OPINION" IS '审核意见';
COMMENT ON COLUMN "JEECMS"."JC_CONTENT_CHECK"."IS_REJECTED" IS '是否退回';
COMMENT ON COLUMN "JEECMS"."JC_CONTENT_CHECK"."REVIEWER" IS '终审者';
COMMENT ON COLUMN "JEECMS"."JC_CONTENT_CHECK"."CHECK_DATE" IS '终审时间';

-- ----------------------------
-- Records of JC_CONTENT_CHECK
-- ----------------------------
INSERT INTO "JEECMS"."JC_CONTENT_CHECK" VALUES ('172', '2', null, '0', '1', TO_DATE('2015-01-22 09:10:38', 'YYYY-MM-DD HH24:MI:SS'));
INSERT INTO "JEECMS"."JC_CONTENT_CHECK" VALUES ('173', '2', null, '0', '1', TO_DATE('2015-01-22 09:10:38', 'YYYY-MM-DD HH24:MI:SS'));
INSERT INTO "JEECMS"."JC_CONTENT_CHECK" VALUES ('174', '2', null, '0', '1', TO_DATE('2015-01-22 09:10:38', 'YYYY-MM-DD HH24:MI:SS'));
INSERT INTO "JEECMS"."JC_CONTENT_CHECK" VALUES ('315', '2', null, '0', '1', TO_DATE('2015-01-22 09:10:38', 'YYYY-MM-DD HH24:MI:SS'));
INSERT INTO "JEECMS"."JC_CONTENT_CHECK" VALUES ('320', '2', null, '0', '1', TO_DATE('2015-01-22 09:10:38', 'YYYY-MM-DD HH24:MI:SS'));
INSERT INTO "JEECMS"."JC_CONTENT_CHECK" VALUES ('326', '2', null, '0', '1', TO_DATE('2015-01-22 09:10:38', 'YYYY-MM-DD HH24:MI:SS'));
INSERT INTO "JEECMS"."JC_CONTENT_CHECK" VALUES ('328', '2', null, '0', '1', TO_DATE('2015-01-22 09:10:38', 'YYYY-MM-DD HH24:MI:SS'));
INSERT INTO "JEECMS"."JC_CONTENT_CHECK" VALUES ('329', '2', null, '0', '1', TO_DATE('2015-01-22 09:10:38', 'YYYY-MM-DD HH24:MI:SS'));
INSERT INTO "JEECMS"."JC_CONTENT_CHECK" VALUES ('330', '2', null, '0', '1', TO_DATE('2015-01-22 09:10:38', 'YYYY-MM-DD HH24:MI:SS'));
INSERT INTO "JEECMS"."JC_CONTENT_CHECK" VALUES ('331', '2', null, '0', '1', TO_DATE('2015-01-22 09:10:38', 'YYYY-MM-DD HH24:MI:SS'));
INSERT INTO "JEECMS"."JC_CONTENT_CHECK" VALUES ('332', '2', null, '0', '1', TO_DATE('2015-01-22 09:10:38', 'YYYY-MM-DD HH24:MI:SS'));
INSERT INTO "JEECMS"."JC_CONTENT_CHECK" VALUES ('333', '2', null, '0', '1', TO_DATE('2015-01-22 09:10:38', 'YYYY-MM-DD HH24:MI:SS'));
INSERT INTO "JEECMS"."JC_CONTENT_CHECK" VALUES ('334', '2', null, '0', '1', TO_DATE('2015-01-22 09:10:38', 'YYYY-MM-DD HH24:MI:SS'));
INSERT INTO "JEECMS"."JC_CONTENT_CHECK" VALUES ('335', '2', null, '0', '1', TO_DATE('2015-01-22 09:10:39', 'YYYY-MM-DD HH24:MI:SS'));
INSERT INTO "JEECMS"."JC_CONTENT_CHECK" VALUES ('336', '2', null, '0', '1', TO_DATE('2015-01-22 09:10:39', 'YYYY-MM-DD HH24:MI:SS'));
INSERT INTO "JEECMS"."JC_CONTENT_CHECK" VALUES ('337', '2', null, '0', '1', TO_DATE('2015-01-22 09:10:39', 'YYYY-MM-DD HH24:MI:SS'));
INSERT INTO "JEECMS"."JC_CONTENT_CHECK" VALUES ('436', '2', null, '0', null, null);
INSERT INTO "JEECMS"."JC_CONTENT_CHECK" VALUES ('437', '2', null, '0', null, null);
INSERT INTO "JEECMS"."JC_CONTENT_CHECK" VALUES ('438', '2', null, '0', null, null);
INSERT INTO "JEECMS"."JC_CONTENT_CHECK" VALUES ('439', '2', null, '0', null, null);
INSERT INTO "JEECMS"."JC_CONTENT_CHECK" VALUES ('440', '2', null, '0', null, null);
INSERT INTO "JEECMS"."JC_CONTENT_CHECK" VALUES ('441', '2', null, '0', null, null);
INSERT INTO "JEECMS"."JC_CONTENT_CHECK" VALUES ('442', '2', null, '0', null, null);
INSERT INTO "JEECMS"."JC_CONTENT_CHECK" VALUES ('443', '2', null, '0', null, null);
INSERT INTO "JEECMS"."JC_CONTENT_CHECK" VALUES ('444', '2', null, '0', null, null);
INSERT INTO "JEECMS"."JC_CONTENT_CHECK" VALUES ('445', '2', null, '0', null, null);
INSERT INTO "JEECMS"."JC_CONTENT_CHECK" VALUES ('446', '2', null, '0', null, null);
INSERT INTO "JEECMS"."JC_CONTENT_CHECK" VALUES ('447', '2', null, '0', null, null);
INSERT INTO "JEECMS"."JC_CONTENT_CHECK" VALUES ('448', '2', null, '0', null, null);
INSERT INTO "JEECMS"."JC_CONTENT_CHECK" VALUES ('473', '2', null, '0', null, null);
INSERT INTO "JEECMS"."JC_CONTENT_CHECK" VALUES ('474', '2', null, '0', null, null);
INSERT INTO "JEECMS"."JC_CONTENT_CHECK" VALUES ('475', '2', null, '0', null, null);
INSERT INTO "JEECMS"."JC_CONTENT_CHECK" VALUES ('476', '2', null, '0', null, null);
INSERT INTO "JEECMS"."JC_CONTENT_CHECK" VALUES ('477', '2', null, '0', null, null);
INSERT INTO "JEECMS"."JC_CONTENT_CHECK" VALUES ('478', '2', null, '0', null, null);
INSERT INTO "JEECMS"."JC_CONTENT_CHECK" VALUES ('479', '2', null, '0', null, null);
INSERT INTO "JEECMS"."JC_CONTENT_CHECK" VALUES ('480', '2', null, '0', null, null);
INSERT INTO "JEECMS"."JC_CONTENT_CHECK" VALUES ('481', '2', null, '0', null, null);
INSERT INTO "JEECMS"."JC_CONTENT_CHECK" VALUES ('482', '2', null, '0', null, null);
INSERT INTO "JEECMS"."JC_CONTENT_CHECK" VALUES ('483', '2', null, '0', null, null);
INSERT INTO "JEECMS"."JC_CONTENT_CHECK" VALUES ('484', '2', null, '0', null, null);
INSERT INTO "JEECMS"."JC_CONTENT_CHECK" VALUES ('487', '2', null, '0', null, null);
INSERT INTO "JEECMS"."JC_CONTENT_CHECK" VALUES ('488', '2', null, '0', null, null);
INSERT INTO "JEECMS"."JC_CONTENT_CHECK" VALUES ('489', '2', null, '0', null, null);
INSERT INTO "JEECMS"."JC_CONTENT_CHECK" VALUES ('490', '2', null, '0', null, null);
INSERT INTO "JEECMS"."JC_CONTENT_CHECK" VALUES ('491', '2', null, '0', null, null);
INSERT INTO "JEECMS"."JC_CONTENT_CHECK" VALUES ('492', '2', null, '0', null, null);
INSERT INTO "JEECMS"."JC_CONTENT_CHECK" VALUES ('494', '2', null, '0', null, null);
INSERT INTO "JEECMS"."JC_CONTENT_CHECK" VALUES ('495', '2', null, '0', null, null);
INSERT INTO "JEECMS"."JC_CONTENT_CHECK" VALUES ('496', '2', null, '0', null, null);
INSERT INTO "JEECMS"."JC_CONTENT_CHECK" VALUES ('497', '2', null, '0', null, null);
INSERT INTO "JEECMS"."JC_CONTENT_CHECK" VALUES ('498', '2', null, '0', null, null);
INSERT INTO "JEECMS"."JC_CONTENT_CHECK" VALUES ('499', '2', null, '0', null, null);
INSERT INTO "JEECMS"."JC_CONTENT_CHECK" VALUES ('500', '2', null, '0', null, null);
INSERT INTO "JEECMS"."JC_CONTENT_CHECK" VALUES ('501', '2', null, '0', null, null);
INSERT INTO "JEECMS"."JC_CONTENT_CHECK" VALUES ('502', '2', null, '0', null, null);
INSERT INTO "JEECMS"."JC_CONTENT_CHECK" VALUES ('503', '2', null, '0', null, null);
INSERT INTO "JEECMS"."JC_CONTENT_CHECK" VALUES ('504', '2', null, '0', null, null);
INSERT INTO "JEECMS"."JC_CONTENT_CHECK" VALUES ('505', '2', null, '0', null, null);
INSERT INTO "JEECMS"."JC_CONTENT_CHECK" VALUES ('506', '2', null, '0', null, null);
INSERT INTO "JEECMS"."JC_CONTENT_CHECK" VALUES ('507', '2', null, '0', null, null);
INSERT INTO "JEECMS"."JC_CONTENT_CHECK" VALUES ('508', '2', null, '0', null, null);
INSERT INTO "JEECMS"."JC_CONTENT_CHECK" VALUES ('509', '2', null, '0', null, null);
INSERT INTO "JEECMS"."JC_CONTENT_CHECK" VALUES ('510', '2', null, '0', null, null);
INSERT INTO "JEECMS"."JC_CONTENT_CHECK" VALUES ('511', '2', null, '0', null, null);
INSERT INTO "JEECMS"."JC_CONTENT_CHECK" VALUES ('512', '2', null, '0', null, null);
INSERT INTO "JEECMS"."JC_CONTENT_CHECK" VALUES ('513', '2', null, '0', null, null);
INSERT INTO "JEECMS"."JC_CONTENT_CHECK" VALUES ('514', '2', null, '0', null, null);
INSERT INTO "JEECMS"."JC_CONTENT_CHECK" VALUES ('515', '2', null, '0', null, null);
INSERT INTO "JEECMS"."JC_CONTENT_CHECK" VALUES ('516', '2', null, '0', null, null);
INSERT INTO "JEECMS"."JC_CONTENT_CHECK" VALUES ('517', '2', null, '0', null, null);
INSERT INTO "JEECMS"."JC_CONTENT_CHECK" VALUES ('518', '2', null, '0', null, null);
INSERT INTO "JEECMS"."JC_CONTENT_CHECK" VALUES ('519', '2', null, '0', null, null);
INSERT INTO "JEECMS"."JC_CONTENT_CHECK" VALUES ('520', '2', null, '0', null, null);
INSERT INTO "JEECMS"."JC_CONTENT_CHECK" VALUES ('521', '2', null, '0', null, null);
INSERT INTO "JEECMS"."JC_CONTENT_CHECK" VALUES ('522', '2', null, '0', null, null);
INSERT INTO "JEECMS"."JC_CONTENT_CHECK" VALUES ('523', '2', null, '0', null, null);
INSERT INTO "JEECMS"."JC_CONTENT_CHECK" VALUES ('524', '2', null, '0', null, null);
INSERT INTO "JEECMS"."JC_CONTENT_CHECK" VALUES ('525', '2', null, '0', null, null);
INSERT INTO "JEECMS"."JC_CONTENT_CHECK" VALUES ('526', '2', null, '0', null, null);
INSERT INTO "JEECMS"."JC_CONTENT_CHECK" VALUES ('527', '2', null, '0', null, null);
INSERT INTO "JEECMS"."JC_CONTENT_CHECK" VALUES ('528', '2', null, '0', null, null);
INSERT INTO "JEECMS"."JC_CONTENT_CHECK" VALUES ('529', '2', null, '0', null, null);
INSERT INTO "JEECMS"."JC_CONTENT_CHECK" VALUES ('530', '2', null, '0', null, null);
INSERT INTO "JEECMS"."JC_CONTENT_CHECK" VALUES ('531', '2', null, '0', null, null);
INSERT INTO "JEECMS"."JC_CONTENT_CHECK" VALUES ('532', '2', null, '0', null, null);
INSERT INTO "JEECMS"."JC_CONTENT_CHECK" VALUES ('533', '2', null, '0', null, null);
INSERT INTO "JEECMS"."JC_CONTENT_CHECK" VALUES ('534', '2', null, '0', null, null);
INSERT INTO "JEECMS"."JC_CONTENT_CHECK" VALUES ('535', '2', null, '0', null, null);
INSERT INTO "JEECMS"."JC_CONTENT_CHECK" VALUES ('536', '2', null, '0', null, null);
INSERT INTO "JEECMS"."JC_CONTENT_CHECK" VALUES ('539', '2', null, '0', null, null);
INSERT INTO "JEECMS"."JC_CONTENT_CHECK" VALUES ('540', '2', null, '0', null, null);
INSERT INTO "JEECMS"."JC_CONTENT_CHECK" VALUES ('541', '2', null, '0', null, null);
INSERT INTO "JEECMS"."JC_CONTENT_CHECK" VALUES ('553', '2', null, '0', null, null);
INSERT INTO "JEECMS"."JC_CONTENT_CHECK" VALUES ('558', '2', null, '0', null, null);
INSERT INTO "JEECMS"."JC_CONTENT_CHECK" VALUES ('559', '2', null, '0', null, null);
INSERT INTO "JEECMS"."JC_CONTENT_CHECK" VALUES ('560', '2', null, '0', null, null);
INSERT INTO "JEECMS"."JC_CONTENT_CHECK" VALUES ('561', '2', null, '0', null, null);
INSERT INTO "JEECMS"."JC_CONTENT_CHECK" VALUES ('562', '2', null, '0', null, null);
INSERT INTO "JEECMS"."JC_CONTENT_CHECK" VALUES ('563', '2', null, '0', null, null);
INSERT INTO "JEECMS"."JC_CONTENT_CHECK" VALUES ('564', '2', null, '0', null, null);
INSERT INTO "JEECMS"."JC_CONTENT_CHECK" VALUES ('565', '2', null, '0', null, null);
INSERT INTO "JEECMS"."JC_CONTENT_CHECK" VALUES ('566', '2', null, '0', null, null);
INSERT INTO "JEECMS"."JC_CONTENT_CHECK" VALUES ('567', '2', null, '0', null, null);
INSERT INTO "JEECMS"."JC_CONTENT_CHECK" VALUES ('568', '2', null, '0', null, null);
INSERT INTO "JEECMS"."JC_CONTENT_CHECK" VALUES ('569', '2', null, '0', null, null);
INSERT INTO "JEECMS"."JC_CONTENT_CHECK" VALUES ('570', '2', null, '0', null, null);
INSERT INTO "JEECMS"."JC_CONTENT_CHECK" VALUES ('571', '2', null, '0', null, null);
INSERT INTO "JEECMS"."JC_CONTENT_CHECK" VALUES ('572', '2', null, '0', null, null);

-- ----------------------------
-- Table structure for JC_CONTENT_COUNT
-- ----------------------------
DROP TABLE "JEECMS"."JC_CONTENT_COUNT";
CREATE TABLE "JEECMS"."JC_CONTENT_COUNT" (
"CONTENT_ID" NUMBER(11) NOT NULL ,
"VIEWS" NUMBER(11) DEFAULT 0  NOT NULL ,
"VIEWS_MONTH" NUMBER(11) DEFAULT 0  NOT NULL ,
"VIEWS_WEEK" NUMBER(11) DEFAULT 0  NOT NULL ,
"VIEWS_DAY" NUMBER(11) DEFAULT 0  NOT NULL ,
"COMMENTS" NUMBER(11) DEFAULT 0  NOT NULL ,
"COMMENTS_MONTH" NUMBER(11) DEFAULT 0  NOT NULL ,
"COMMENTS_WEEK" NUMBER(11) DEFAULT 0  NOT NULL ,
"COMMENTS_DAY" NUMBER(11) DEFAULT 0  NOT NULL ,
"DOWNLOADS" NUMBER(11) DEFAULT 0  NOT NULL ,
"DOWNLOADS_MONTH" NUMBER(11) DEFAULT 0  NOT NULL ,
"DOWNLOADS_WEEK" NUMBER(11) DEFAULT 0  NOT NULL ,
"DOWNLOADS_DAY" NUMBER(11) DEFAULT 0  NOT NULL ,
"UPS" NUMBER(11) DEFAULT 0  NOT NULL ,
"UPS_MONTH" NUMBER(11) DEFAULT 0  NOT NULL ,
"UPS_WEEK" NUMBER(11) DEFAULT 0  NOT NULL ,
"UPS_DAY" NUMBER(11) DEFAULT 0  NOT NULL ,
"DOWNS" NUMBER(11) DEFAULT 0  NOT NULL 
)
LOGGING
NOCOMPRESS
NOCACHE

;
COMMENT ON TABLE "JEECMS"."JC_CONTENT_COUNT" IS 'CMS内容计数表;';
COMMENT ON COLUMN "JEECMS"."JC_CONTENT_COUNT"."VIEWS" IS '总访问数';
COMMENT ON COLUMN "JEECMS"."JC_CONTENT_COUNT"."VIEWS_MONTH" IS '月访问数';
COMMENT ON COLUMN "JEECMS"."JC_CONTENT_COUNT"."VIEWS_WEEK" IS '周访问数';
COMMENT ON COLUMN "JEECMS"."JC_CONTENT_COUNT"."VIEWS_DAY" IS '日访问数';
COMMENT ON COLUMN "JEECMS"."JC_CONTENT_COUNT"."COMMENTS" IS '总评论数';
COMMENT ON COLUMN "JEECMS"."JC_CONTENT_COUNT"."COMMENTS_MONTH" IS '月评论数';
COMMENT ON COLUMN "JEECMS"."JC_CONTENT_COUNT"."COMMENTS_WEEK" IS '周评论数';
COMMENT ON COLUMN "JEECMS"."JC_CONTENT_COUNT"."COMMENTS_DAY" IS '日评论数';
COMMENT ON COLUMN "JEECMS"."JC_CONTENT_COUNT"."DOWNLOADS" IS '总下载数';
COMMENT ON COLUMN "JEECMS"."JC_CONTENT_COUNT"."DOWNLOADS_MONTH" IS '月下载数';
COMMENT ON COLUMN "JEECMS"."JC_CONTENT_COUNT"."DOWNLOADS_WEEK" IS '周下载数';
COMMENT ON COLUMN "JEECMS"."JC_CONTENT_COUNT"."DOWNLOADS_DAY" IS '日下载数';
COMMENT ON COLUMN "JEECMS"."JC_CONTENT_COUNT"."UPS" IS '总顶数';
COMMENT ON COLUMN "JEECMS"."JC_CONTENT_COUNT"."UPS_MONTH" IS '月顶数';
COMMENT ON COLUMN "JEECMS"."JC_CONTENT_COUNT"."UPS_WEEK" IS '周顶数';
COMMENT ON COLUMN "JEECMS"."JC_CONTENT_COUNT"."UPS_DAY" IS '日顶数';
COMMENT ON COLUMN "JEECMS"."JC_CONTENT_COUNT"."DOWNS" IS '总踩数';

-- ----------------------------
-- Records of JC_CONTENT_COUNT
-- ----------------------------
INSERT INTO "JEECMS"."JC_CONTENT_COUNT" VALUES ('172', '3', '0', '0', '0', '0', '0', '0', '0', '1', '1', '1', '1', '0', '0', '0', '0', '0');
INSERT INTO "JEECMS"."JC_CONTENT_COUNT" VALUES ('173', '6', '0', '0', '0', '0', '0', '0', '0', '1', '1', '1', '1', '0', '0', '0', '0', '0');
INSERT INTO "JEECMS"."JC_CONTENT_COUNT" VALUES ('174', '6', '0', '0', '0', '0', '0', '0', '0', '1', '1', '1', '1', '0', '0', '0', '0', '0');
INSERT INTO "JEECMS"."JC_CONTENT_COUNT" VALUES ('315', '112', '0', '0', '0', '0', '0', '0', '0', '6', '6', '1', '6', '1', '0', '0', '0', '0');
INSERT INTO "JEECMS"."JC_CONTENT_COUNT" VALUES ('320', '39', '0', '0', '0', '0', '0', '0', '0', '4', '4', '1', '4', '0', '0', '0', '0', '0');
INSERT INTO "JEECMS"."JC_CONTENT_COUNT" VALUES ('326', '14', '0', '0', '0', '0', '0', '0', '0', '2', '2', '1', '2', '0', '0', '0', '0', '0');
INSERT INTO "JEECMS"."JC_CONTENT_COUNT" VALUES ('328', '3', '0', '0', '0', '0', '0', '0', '0', '0', '0', '0', '0', '0', '0', '0', '0', '0');
INSERT INTO "JEECMS"."JC_CONTENT_COUNT" VALUES ('329', '6', '0', '0', '0', '0', '0', '0', '0', '0', '0', '0', '0', '0', '0', '0', '0', '1');
INSERT INTO "JEECMS"."JC_CONTENT_COUNT" VALUES ('330', '8', '0', '0', '0', '0', '0', '0', '0', '1', '1', '1', '1', '0', '0', '0', '0', '0');
INSERT INTO "JEECMS"."JC_CONTENT_COUNT" VALUES ('331', '5', '0', '0', '0', '0', '0', '0', '0', '0', '0', '0', '0', '0', '0', '0', '0', '0');
INSERT INTO "JEECMS"."JC_CONTENT_COUNT" VALUES ('332', '11', '0', '0', '0', '0', '0', '0', '0', '1', '1', '1', '1', '0', '0', '0', '0', '0');
INSERT INTO "JEECMS"."JC_CONTENT_COUNT" VALUES ('333', '39', '0', '0', '0', '0', '0', '0', '0', '6', '6', '1', '6', '1', '0', '0', '0', '0');
INSERT INTO "JEECMS"."JC_CONTENT_COUNT" VALUES ('334', '2', '0', '0', '0', '0', '0', '0', '0', '1', '1', '1', '1', '0', '0', '0', '0', '0');
INSERT INTO "JEECMS"."JC_CONTENT_COUNT" VALUES ('335', '6', '0', '0', '0', '0', '0', '0', '0', '0', '0', '0', '0', '0', '0', '0', '0', '0');
INSERT INTO "JEECMS"."JC_CONTENT_COUNT" VALUES ('336', '6', '0', '0', '0', '0', '0', '0', '0', '1', '1', '1', '1', '0', '0', '0', '0', '0');
INSERT INTO "JEECMS"."JC_CONTENT_COUNT" VALUES ('337', '21', '0', '0', '0', '0', '0', '0', '0', '3', '3', '1', '3', '1', '0', '0', '0', '0');
INSERT INTO "JEECMS"."JC_CONTENT_COUNT" VALUES ('436', '6', '0', '0', '0', '0', '0', '0', '0', '0', '0', '0', '0', '0', '0', '0', '0', '0');
INSERT INTO "JEECMS"."JC_CONTENT_COUNT" VALUES ('437', '4', '0', '0', '0', '0', '0', '0', '0', '0', '0', '0', '0', '1', '0', '0', '0', '0');
INSERT INTO "JEECMS"."JC_CONTENT_COUNT" VALUES ('438', '18', '0', '0', '0', '1', '0', '0', '0', '0', '0', '0', '0', '0', '0', '0', '0', '0');
INSERT INTO "JEECMS"."JC_CONTENT_COUNT" VALUES ('439', '1', '0', '0', '0', '0', '0', '0', '0', '0', '0', '0', '0', '0', '0', '0', '0', '0');
INSERT INTO "JEECMS"."JC_CONTENT_COUNT" VALUES ('440', '1', '0', '0', '0', '0', '0', '0', '0', '0', '0', '0', '0', '0', '0', '0', '0', '0');
INSERT INTO "JEECMS"."JC_CONTENT_COUNT" VALUES ('441', '13', '0', '0', '0', '0', '0', '0', '0', '0', '0', '0', '0', '0', '0', '0', '0', '0');
INSERT INTO "JEECMS"."JC_CONTENT_COUNT" VALUES ('442', '8', '0', '0', '0', '0', '0', '0', '0', '0', '0', '0', '0', '0', '0', '0', '0', '0');
INSERT INTO "JEECMS"."JC_CONTENT_COUNT" VALUES ('443', '10', '0', '0', '0', '0', '0', '0', '0', '0', '0', '0', '0', '0', '0', '0', '0', '0');
INSERT INTO "JEECMS"."JC_CONTENT_COUNT" VALUES ('444', '3', '0', '0', '0', '0', '0', '0', '0', '0', '0', '0', '0', '0', '0', '0', '0', '0');
INSERT INTO "JEECMS"."JC_CONTENT_COUNT" VALUES ('445', '11', '0', '0', '0', '0', '0', '0', '0', '0', '0', '0', '0', '0', '0', '0', '0', '0');
INSERT INTO "JEECMS"."JC_CONTENT_COUNT" VALUES ('446', '10', '0', '0', '0', '1', '0', '0', '0', '0', '0', '0', '0', '0', '0', '0', '0', '0');
INSERT INTO "JEECMS"."JC_CONTENT_COUNT" VALUES ('447', '16', '1', '1', '1', '0', '0', '0', '0', '0', '0', '0', '0', '0', '0', '0', '0', '0');
INSERT INTO "JEECMS"."JC_CONTENT_COUNT" VALUES ('448', '39', '0', '0', '0', '1', '0', '0', '0', '0', '0', '0', '0', '0', '0', '0', '0', '0');
INSERT INTO "JEECMS"."JC_CONTENT_COUNT" VALUES ('473', '4', '0', '0', '0', '0', '0', '0', '0', '0', '0', '0', '0', '0', '0', '0', '0', '0');
INSERT INTO "JEECMS"."JC_CONTENT_COUNT" VALUES ('474', '2', '0', '0', '0', '0', '0', '0', '0', '0', '0', '0', '0', '0', '0', '0', '0', '0');
INSERT INTO "JEECMS"."JC_CONTENT_COUNT" VALUES ('475', '2', '0', '0', '0', '0', '0', '0', '0', '0', '0', '0', '0', '0', '0', '0', '0', '0');
INSERT INTO "JEECMS"."JC_CONTENT_COUNT" VALUES ('476', '2', '0', '0', '0', '0', '0', '0', '0', '0', '0', '0', '0', '0', '0', '0', '0', '0');
INSERT INTO "JEECMS"."JC_CONTENT_COUNT" VALUES ('477', '3', '0', '0', '0', '0', '0', '0', '0', '0', '0', '0', '0', '0', '0', '0', '0', '0');
INSERT INTO "JEECMS"."JC_CONTENT_COUNT" VALUES ('478', '4', '0', '0', '0', '0', '0', '0', '0', '0', '0', '0', '0', '0', '0', '0', '0', '0');
INSERT INTO "JEECMS"."JC_CONTENT_COUNT" VALUES ('479', '10', '0', '0', '0', '0', '0', '0', '0', '0', '0', '0', '0', '0', '0', '0', '0', '0');
INSERT INTO "JEECMS"."JC_CONTENT_COUNT" VALUES ('480', '7', '0', '0', '0', '0', '0', '0', '0', '0', '0', '0', '0', '0', '0', '0', '0', '0');
INSERT INTO "JEECMS"."JC_CONTENT_COUNT" VALUES ('481', '6', '0', '0', '0', '0', '0', '0', '0', '0', '0', '0', '0', '0', '0', '0', '0', '0');
INSERT INTO "JEECMS"."JC_CONTENT_COUNT" VALUES ('482', '0', '0', '0', '0', '0', '0', '0', '0', '0', '0', '0', '0', '0', '0', '0', '0', '0');
INSERT INTO "JEECMS"."JC_CONTENT_COUNT" VALUES ('483', '1', '0', '0', '0', '0', '0', '0', '0', '0', '0', '0', '0', '0', '0', '0', '0', '0');
INSERT INTO "JEECMS"."JC_CONTENT_COUNT" VALUES ('484', '8', '0', '0', '0', '0', '0', '0', '0', '0', '0', '0', '0', '0', '0', '0', '0', '0');
INSERT INTO "JEECMS"."JC_CONTENT_COUNT" VALUES ('487', '8', '0', '0', '0', '0', '0', '0', '0', '0', '0', '0', '0', '0', '0', '0', '0', '0');
INSERT INTO "JEECMS"."JC_CONTENT_COUNT" VALUES ('488', '3', '0', '0', '0', '0', '0', '0', '0', '0', '0', '0', '0', '0', '0', '0', '0', '0');
INSERT INTO "JEECMS"."JC_CONTENT_COUNT" VALUES ('489', '6', '0', '0', '0', '0', '0', '0', '0', '0', '0', '0', '0', '0', '0', '0', '0', '0');
INSERT INTO "JEECMS"."JC_CONTENT_COUNT" VALUES ('490', '4', '0', '0', '0', '0', '0', '0', '0', '0', '0', '0', '0', '0', '0', '0', '0', '0');
INSERT INTO "JEECMS"."JC_CONTENT_COUNT" VALUES ('491', '13', '0', '0', '0', '0', '0', '0', '0', '0', '0', '0', '0', '0', '0', '0', '0', '0');
INSERT INTO "JEECMS"."JC_CONTENT_COUNT" VALUES ('492', '15', '0', '0', '0', '0', '0', '0', '0', '0', '0', '0', '0', '0', '0', '0', '0', '0');
INSERT INTO "JEECMS"."JC_CONTENT_COUNT" VALUES ('494', '27', '0', '0', '0', '0', '0', '0', '0', '0', '0', '0', '0', '0', '0', '0', '0', '0');
INSERT INTO "JEECMS"."JC_CONTENT_COUNT" VALUES ('495', '5', '0', '0', '0', '0', '0', '0', '0', '0', '0', '0', '0', '0', '0', '0', '0', '0');
INSERT INTO "JEECMS"."JC_CONTENT_COUNT" VALUES ('496', '3', '0', '0', '0', '0', '0', '0', '0', '0', '0', '0', '0', '0', '0', '0', '0', '0');
INSERT INTO "JEECMS"."JC_CONTENT_COUNT" VALUES ('497', '4', '1', '1', '1', '0', '0', '0', '0', '0', '0', '0', '0', '0', '0', '0', '0', '0');
INSERT INTO "JEECMS"."JC_CONTENT_COUNT" VALUES ('498', '5', '0', '0', '0', '0', '0', '0', '0', '0', '0', '0', '0', '0', '0', '0', '0', '0');
INSERT INTO "JEECMS"."JC_CONTENT_COUNT" VALUES ('499', '1', '0', '0', '0', '0', '0', '0', '0', '0', '0', '0', '0', '0', '0', '0', '0', '0');
INSERT INTO "JEECMS"."JC_CONTENT_COUNT" VALUES ('500', '1', '0', '0', '0', '0', '0', '0', '0', '0', '0', '0', '0', '0', '0', '0', '0', '0');
INSERT INTO "JEECMS"."JC_CONTENT_COUNT" VALUES ('501', '6', '0', '0', '0', '0', '0', '0', '0', '0', '0', '0', '0', '0', '0', '0', '0', '0');
INSERT INTO "JEECMS"."JC_CONTENT_COUNT" VALUES ('502', '117', '0', '0', '0', '1', '0', '0', '0', '0', '0', '0', '0', '0', '0', '0', '0', '0');
INSERT INTO "JEECMS"."JC_CONTENT_COUNT" VALUES ('503', '90', '0', '0', '0', '0', '0', '0', '0', '0', '0', '0', '0', '0', '0', '0', '0', '0');
INSERT INTO "JEECMS"."JC_CONTENT_COUNT" VALUES ('504', '19', '0', '0', '0', '0', '0', '0', '0', '0', '0', '0', '0', '0', '0', '0', '0', '0');
INSERT INTO "JEECMS"."JC_CONTENT_COUNT" VALUES ('505', '28', '1', '1', '1', '0', '0', '0', '0', '0', '0', '0', '0', '0', '0', '0', '0', '0');
INSERT INTO "JEECMS"."JC_CONTENT_COUNT" VALUES ('506', '9', '0', '0', '0', '0', '0', '0', '0', '0', '0', '0', '0', '0', '0', '0', '0', '0');
INSERT INTO "JEECMS"."JC_CONTENT_COUNT" VALUES ('507', '14', '0', '0', '0', '0', '0', '0', '0', '0', '0', '0', '0', '0', '0', '0', '0', '0');
INSERT INTO "JEECMS"."JC_CONTENT_COUNT" VALUES ('508', '11', '0', '0', '0', '0', '0', '0', '0', '0', '0', '0', '0', '0', '0', '0', '0', '0');
INSERT INTO "JEECMS"."JC_CONTENT_COUNT" VALUES ('509', '21', '0', '0', '0', '0', '0', '0', '0', '0', '0', '0', '0', '0', '0', '0', '0', '0');
INSERT INTO "JEECMS"."JC_CONTENT_COUNT" VALUES ('510', '28', '1', '1', '1', '0', '0', '0', '0', '0', '0', '0', '0', '0', '0', '0', '0', '0');
INSERT INTO "JEECMS"."JC_CONTENT_COUNT" VALUES ('511', '36', '2', '2', '2', '0', '0', '0', '0', '0', '0', '0', '0', '0', '0', '0', '0', '0');
INSERT INTO "JEECMS"."JC_CONTENT_COUNT" VALUES ('512', '48', '0', '0', '0', '0', '0', '0', '0', '0', '0', '0', '0', '0', '0', '0', '0', '0');
INSERT INTO "JEECMS"."JC_CONTENT_COUNT" VALUES ('513', '2', '0', '0', '0', '0', '0', '0', '0', '0', '0', '0', '0', '0', '0', '0', '0', '0');
INSERT INTO "JEECMS"."JC_CONTENT_COUNT" VALUES ('514', '9', '0', '0', '0', '0', '0', '0', '0', '0', '0', '0', '0', '0', '0', '0', '0', '0');
INSERT INTO "JEECMS"."JC_CONTENT_COUNT" VALUES ('515', '3', '0', '0', '0', '0', '0', '0', '0', '0', '0', '0', '0', '0', '0', '0', '0', '0');
INSERT INTO "JEECMS"."JC_CONTENT_COUNT" VALUES ('516', '3', '0', '0', '0', '0', '0', '0', '0', '0', '0', '0', '0', '0', '0', '0', '0', '0');
INSERT INTO "JEECMS"."JC_CONTENT_COUNT" VALUES ('517', '6', '0', '0', '0', '0', '0', '0', '0', '0', '0', '0', '0', '0', '0', '0', '0', '0');
INSERT INTO "JEECMS"."JC_CONTENT_COUNT" VALUES ('518', '2', '0', '0', '0', '0', '0', '0', '0', '0', '0', '0', '0', '0', '0', '0', '0', '0');
INSERT INTO "JEECMS"."JC_CONTENT_COUNT" VALUES ('519', '6', '0', '0', '0', '0', '0', '0', '0', '0', '0', '0', '0', '0', '0', '0', '0', '0');
INSERT INTO "JEECMS"."JC_CONTENT_COUNT" VALUES ('520', '5', '0', '0', '0', '0', '0', '0', '0', '0', '0', '0', '0', '0', '0', '0', '0', '0');
INSERT INTO "JEECMS"."JC_CONTENT_COUNT" VALUES ('521', '3', '0', '0', '0', '0', '0', '0', '0', '0', '0', '0', '0', '0', '0', '0', '0', '0');
INSERT INTO "JEECMS"."JC_CONTENT_COUNT" VALUES ('522', '4', '0', '0', '0', '0', '0', '0', '0', '0', '0', '0', '0', '0', '0', '0', '0', '0');
INSERT INTO "JEECMS"."JC_CONTENT_COUNT" VALUES ('523', '4', '0', '0', '0', '0', '0', '0', '0', '0', '0', '0', '0', '0', '0', '0', '0', '0');
INSERT INTO "JEECMS"."JC_CONTENT_COUNT" VALUES ('524', '8', '0', '0', '0', '0', '0', '0', '0', '0', '0', '0', '0', '0', '0', '0', '0', '0');
INSERT INTO "JEECMS"."JC_CONTENT_COUNT" VALUES ('525', '11', '0', '0', '0', '0', '0', '0', '0', '0', '0', '0', '0', '0', '0', '0', '0', '0');
INSERT INTO "JEECMS"."JC_CONTENT_COUNT" VALUES ('526', '8', '0', '0', '0', '0', '0', '0', '0', '0', '0', '0', '0', '0', '0', '0', '0', '0');
INSERT INTO "JEECMS"."JC_CONTENT_COUNT" VALUES ('527', '2', '0', '0', '0', '0', '0', '0', '0', '0', '0', '0', '0', '0', '0', '0', '0', '0');
INSERT INTO "JEECMS"."JC_CONTENT_COUNT" VALUES ('528', '3', '0', '0', '0', '0', '0', '0', '0', '0', '0', '0', '0', '0', '0', '0', '0', '0');
INSERT INTO "JEECMS"."JC_CONTENT_COUNT" VALUES ('529', '6', '0', '0', '0', '0', '0', '0', '0', '0', '0', '0', '0', '0', '0', '0', '0', '0');
INSERT INTO "JEECMS"."JC_CONTENT_COUNT" VALUES ('530', '13', '0', '0', '0', '0', '0', '0', '0', '0', '0', '0', '0', '0', '0', '0', '0', '0');
INSERT INTO "JEECMS"."JC_CONTENT_COUNT" VALUES ('531', '7', '0', '0', '0', '0', '0', '0', '0', '0', '0', '0', '0', '0', '0', '0', '0', '0');
INSERT INTO "JEECMS"."JC_CONTENT_COUNT" VALUES ('532', '6', '0', '0', '0', '0', '0', '0', '0', '0', '0', '0', '0', '0', '0', '0', '0', '0');
INSERT INTO "JEECMS"."JC_CONTENT_COUNT" VALUES ('533', '7', '0', '0', '0', '0', '0', '0', '0', '0', '0', '0', '0', '0', '0', '0', '0', '0');
INSERT INTO "JEECMS"."JC_CONTENT_COUNT" VALUES ('534', '11', '0', '0', '0', '0', '0', '0', '0', '0', '0', '0', '0', '0', '0', '0', '0', '0');
INSERT INTO "JEECMS"."JC_CONTENT_COUNT" VALUES ('535', '43', '0', '0', '0', '0', '0', '0', '0', '0', '0', '0', '0', '0', '0', '0', '0', '0');
INSERT INTO "JEECMS"."JC_CONTENT_COUNT" VALUES ('536', '44', '0', '0', '0', '0', '0', '0', '0', '0', '0', '0', '0', '0', '0', '0', '0', '0');
INSERT INTO "JEECMS"."JC_CONTENT_COUNT" VALUES ('539', '12', '0', '0', '0', '0', '0', '0', '0', '0', '0', '0', '0', '0', '0', '0', '0', '0');
INSERT INTO "JEECMS"."JC_CONTENT_COUNT" VALUES ('540', '7', '0', '0', '0', '0', '0', '0', '0', '0', '0', '0', '0', '0', '0', '0', '0', '0');
INSERT INTO "JEECMS"."JC_CONTENT_COUNT" VALUES ('541', '10', '0', '0', '0', '0', '0', '0', '0', '0', '0', '0', '0', '0', '0', '0', '0', '0');
INSERT INTO "JEECMS"."JC_CONTENT_COUNT" VALUES ('553', '1', '0', '0', '0', '0', '0', '0', '0', '0', '0', '0', '0', '0', '0', '0', '0', '0');
INSERT INTO "JEECMS"."JC_CONTENT_COUNT" VALUES ('558', '8', '0', '0', '0', '0', '0', '0', '0', '0', '0', '0', '0', '0', '0', '0', '0', '0');
INSERT INTO "JEECMS"."JC_CONTENT_COUNT" VALUES ('559', '0', '0', '0', '0', '0', '0', '0', '0', '0', '0', '0', '0', '0', '0', '0', '0', '0');
INSERT INTO "JEECMS"."JC_CONTENT_COUNT" VALUES ('560', '0', '0', '0', '0', '0', '0', '0', '0', '0', '0', '0', '0', '0', '0', '0', '0', '0');
INSERT INTO "JEECMS"."JC_CONTENT_COUNT" VALUES ('561', '0', '0', '0', '0', '0', '0', '0', '0', '0', '0', '0', '0', '0', '0', '0', '0', '0');
INSERT INTO "JEECMS"."JC_CONTENT_COUNT" VALUES ('562', '0', '0', '0', '0', '0', '0', '0', '0', '0', '0', '0', '0', '0', '0', '0', '0', '0');
INSERT INTO "JEECMS"."JC_CONTENT_COUNT" VALUES ('563', '0', '0', '0', '0', '0', '0', '0', '0', '0', '0', '0', '0', '0', '0', '0', '0', '0');
INSERT INTO "JEECMS"."JC_CONTENT_COUNT" VALUES ('564', '0', '0', '0', '0', '0', '0', '0', '0', '0', '0', '0', '0', '0', '0', '0', '0', '0');
INSERT INTO "JEECMS"."JC_CONTENT_COUNT" VALUES ('565', '0', '0', '0', '0', '0', '0', '0', '0', '0', '0', '0', '0', '0', '0', '0', '0', '0');
INSERT INTO "JEECMS"."JC_CONTENT_COUNT" VALUES ('566', '0', '0', '0', '0', '0', '0', '0', '0', '0', '0', '0', '0', '0', '0', '0', '0', '0');
INSERT INTO "JEECMS"."JC_CONTENT_COUNT" VALUES ('567', '0', '0', '0', '0', '0', '0', '0', '0', '0', '0', '0', '0', '0', '0', '0', '0', '0');
INSERT INTO "JEECMS"."JC_CONTENT_COUNT" VALUES ('568', '0', '0', '0', '0', '0', '0', '0', '0', '0', '0', '0', '0', '0', '0', '0', '0', '0');
INSERT INTO "JEECMS"."JC_CONTENT_COUNT" VALUES ('569', '0', '0', '0', '0', '0', '0', '0', '0', '0', '0', '0', '0', '0', '0', '0', '0', '0');
INSERT INTO "JEECMS"."JC_CONTENT_COUNT" VALUES ('570', '1', '1', '1', '1', '0', '0', '0', '0', '0', '0', '0', '0', '0', '0', '0', '0', '0');
INSERT INTO "JEECMS"."JC_CONTENT_COUNT" VALUES ('571', '0', '0', '0', '0', '0', '0', '0', '0', '0', '0', '0', '0', '0', '0', '0', '0', '0');
INSERT INTO "JEECMS"."JC_CONTENT_COUNT" VALUES ('572', '1', '1', '1', '1', '0', '0', '0', '0', '0', '0', '0', '0', '0', '0', '0', '0', '0');

-- ----------------------------
-- Table structure for JC_CONTENT_DOC
-- ----------------------------
DROP TABLE "JEECMS"."JC_CONTENT_DOC";
CREATE TABLE "JEECMS"."JC_CONTENT_DOC" (
"CONTENT_ID" NUMBER(11) NOT NULL ,
"DOC_PATH" VARCHAR2(255 BYTE) NOT NULL ,
"SWF_PATH" VARCHAR2(255 BYTE) NULL ,
"GRAIN" NUMBER(11) DEFAULT 0  NOT NULL ,
"DOWN_NEED" NUMBER(11) DEFAULT 0  NOT NULL ,
"IS_OPEN" NUMBER(1) DEFAULT 0  NOT NULL ,
"FILE_SUFFIX" VARCHAR2(10 BYTE) NOT NULL ,
"AVG_SCORE" FLOAT DEFAULT 0.0  NOT NULL ,
"SWF_NUM" NUMBER(11) DEFAULT 1  NOT NULL 
)
LOGGING
NOCOMPRESS
NOCACHE

;
COMMENT ON TABLE "JEECMS"."JC_CONTENT_DOC" IS '文库相关;';
COMMENT ON COLUMN "JEECMS"."JC_CONTENT_DOC"."DOC_PATH" IS '文档路径';
COMMENT ON COLUMN "JEECMS"."JC_CONTENT_DOC"."SWF_PATH" IS '转换的swf路径';
COMMENT ON COLUMN "JEECMS"."JC_CONTENT_DOC"."GRAIN" IS '财富收益';
COMMENT ON COLUMN "JEECMS"."JC_CONTENT_DOC"."DOWN_NEED" IS '下载需要财富';
COMMENT ON COLUMN "JEECMS"."JC_CONTENT_DOC"."IS_OPEN" IS '是否开放';
COMMENT ON COLUMN "JEECMS"."JC_CONTENT_DOC"."FILE_SUFFIX" IS '文档文件格式';
COMMENT ON COLUMN "JEECMS"."JC_CONTENT_DOC"."AVG_SCORE" IS '平均得分';
COMMENT ON COLUMN "JEECMS"."JC_CONTENT_DOC"."SWF_NUM" IS 'swf文件总量';

-- ----------------------------
-- Records of JC_CONTENT_DOC
-- ----------------------------
INSERT INTO "JEECMS"."JC_CONTENT_DOC" VALUES ('558', '/wenku/www/201309/28091555i0gm.doc', '/wenku/www/201309/28091555i0gm.swf', '0', '1', '1', 'doc', '0', '1');

-- ----------------------------
-- Table structure for JC_CONTENT_EXT
-- ----------------------------
DROP TABLE "JEECMS"."JC_CONTENT_EXT";
CREATE TABLE "JEECMS"."JC_CONTENT_EXT" (
"CONTENT_ID" NUMBER(11) NOT NULL ,
"TITLE" VARCHAR2(150 BYTE) NOT NULL ,
"SHORT_TITLE" VARCHAR2(150 BYTE) NULL ,
"AUTHOR" VARCHAR2(100 BYTE) NULL ,
"ORIGIN" VARCHAR2(100 BYTE) NULL ,
"ORIGIN_URL" VARCHAR2(255 BYTE) NULL ,
"DESCRIPTION" VARCHAR2(255 BYTE) NULL ,
"RELEASE_DATE" DATE NOT NULL ,
"MEDIA_PATH" VARCHAR2(255 BYTE) NULL ,
"MEDIA_TYPE" VARCHAR2(20 BYTE) NULL ,
"TITLE_COLOR" VARCHAR2(10 BYTE) NULL ,
"IS_BOLD" NUMBER(1) DEFAULT 0  NOT NULL ,
"TITLE_IMG" VARCHAR2(100 BYTE) NULL ,
"CONTENT_IMG" VARCHAR2(100 BYTE) NULL ,
"TYPE_IMG" VARCHAR2(100 BYTE) NULL ,
"LINK" VARCHAR2(255 BYTE) NULL ,
"TPL_CONTENT" VARCHAR2(100 BYTE) NULL ,
"NEED_REGENERATE" NUMBER(1) DEFAULT 1  NOT NULL ,
"TPL_MOBILE_CONTENT" VARCHAR2(100 BYTE) DEFAULT NULL  NULL ,
"TOPLEVEL_DATE" DATE NULL ,
"PIGEONHOLE_DATE" DATE NULL 
)
LOGGING
NOCOMPRESS
NOCACHE

;
COMMENT ON TABLE "JEECMS"."JC_CONTENT_EXT" IS 'CMS内容扩展表;';
COMMENT ON COLUMN "JEECMS"."JC_CONTENT_EXT"."TITLE" IS '标题';
COMMENT ON COLUMN "JEECMS"."JC_CONTENT_EXT"."SHORT_TITLE" IS '简短标题';
COMMENT ON COLUMN "JEECMS"."JC_CONTENT_EXT"."AUTHOR" IS '作者';
COMMENT ON COLUMN "JEECMS"."JC_CONTENT_EXT"."ORIGIN" IS '来源';
COMMENT ON COLUMN "JEECMS"."JC_CONTENT_EXT"."ORIGIN_URL" IS '来源链接';
COMMENT ON COLUMN "JEECMS"."JC_CONTENT_EXT"."DESCRIPTION" IS '描述';
COMMENT ON COLUMN "JEECMS"."JC_CONTENT_EXT"."RELEASE_DATE" IS '发布日期';
COMMENT ON COLUMN "JEECMS"."JC_CONTENT_EXT"."MEDIA_PATH" IS '媒体路径';
COMMENT ON COLUMN "JEECMS"."JC_CONTENT_EXT"."MEDIA_TYPE" IS '媒体类型';
COMMENT ON COLUMN "JEECMS"."JC_CONTENT_EXT"."TITLE_COLOR" IS '标题颜色';
COMMENT ON COLUMN "JEECMS"."JC_CONTENT_EXT"."IS_BOLD" IS '是否加粗';
COMMENT ON COLUMN "JEECMS"."JC_CONTENT_EXT"."TITLE_IMG" IS '标题图片';
COMMENT ON COLUMN "JEECMS"."JC_CONTENT_EXT"."CONTENT_IMG" IS '内容图片';
COMMENT ON COLUMN "JEECMS"."JC_CONTENT_EXT"."TYPE_IMG" IS '类型图片';
COMMENT ON COLUMN "JEECMS"."JC_CONTENT_EXT"."LINK" IS '外部链接';
COMMENT ON COLUMN "JEECMS"."JC_CONTENT_EXT"."TPL_CONTENT" IS '指定模板';
COMMENT ON COLUMN "JEECMS"."JC_CONTENT_EXT"."NEED_REGENERATE" IS '需要重新生成静态页';
COMMENT ON COLUMN "JEECMS"."JC_CONTENT_EXT"."TPL_MOBILE_CONTENT" IS '手机内容页模板';
COMMENT ON COLUMN "JEECMS"."JC_CONTENT_EXT"."TOPLEVEL_DATE" IS '固顶到期日期';
COMMENT ON COLUMN "JEECMS"."JC_CONTENT_EXT"."PIGEONHOLE_DATE" IS '归档日期';

-- ----------------------------
-- Records of JC_CONTENT_EXT
-- ----------------------------
INSERT INTO "JEECMS"."JC_CONTENT_EXT" VALUES ('478', '推拿 第六集', null, null, null, null, '就提出为他们免费拍婚纱照。孔佳玉一听是免费就带马跃进店里了。', TO_DATE('2013-08-20 11:45:42', 'YYYY-MM-DD HH24:MI:SS'), '/u/cms/www/201308/2011452316m3.mp4', 'FLV', null, '0', '/u/cms/www/201309/13162941ipg2.jpg', null, null, null, null, '1', null, null, null);
INSERT INTO "JEECMS"."JC_CONTENT_EXT" VALUES ('479', '推拿 第七集', null, null, null, null, '都红已经做好了被沙复明拒绝的准备，她自信地向沙复明申明自己可以在一个月的时间里学会打扫、', TO_DATE('2013-08-20 11:46:57', 'YYYY-MM-DD HH24:MI:SS'), '/u/cms/www/201308/20114641p1fb.mp4', 'FLV', null, '0', '/u/cms/www/201309/13163101ccd3.jpg', null, null, null, null, '1', null, null, null);
INSERT INTO "JEECMS"."JC_CONTENT_EXT" VALUES ('480', '推拿 第八集', null, null, null, null, '马跃和孔佳玉出去吃饭的事儿，经张一光的嘴说起来就显得神神秘秘，仿佛马跃和孔佳玉之间发生了什么似的', TO_DATE('2013-08-20 11:47:53', 'YYYY-MM-DD HH24:MI:SS'), '/u/cms/www/201308/20114740aye9.mp4', 'FLV', null, '0', '/u/cms/www/201309/13163113pd3s.jpg', null, null, null, null, '1', null, null, null);
INSERT INTO "JEECMS"."JC_CONTENT_EXT" VALUES ('481', '51区：美国最神秘的军事基地', null, null, null, null, '冷战时期进行秘密任务的51区，向来是阴谋论者关注的目标，也让一般人好奇不已。', TO_DATE('2013-08-20 11:56:55', 'YYYY-MM-DD HH24:MI:SS'), '/u/cms/www/201308/20115647nzph.mp4', 'FLV', null, '0', '/u/cms/www/201308/20115532h8tv.jpg', null, null, null, null, '1', null, null, null);
INSERT INTO "JEECMS"."JC_CONTENT_EXT" VALUES ('482', '斯大林格勒大血战70周年祭', null, null, null, null, '2012年5月16日，《非常时空》华丽转身，《新纪录》从此诞生，同样的播出时间', TO_DATE('2013-08-20 12:02:03', 'YYYY-MM-DD HH24:MI:SS'), '/u/cms/www/201308/20120155enlg.mp4', 'FLV', null, '0', '/u/cms/www/201308/201159459afm.jpg', null, null, null, null, '1', null, null, null);
INSERT INTO "JEECMS"."JC_CONTENT_EXT" VALUES ('483', '纽约男子：刺青、摩托、救援', null, null, null, null, '在纽约的各个地下室和黑暗的陋巷中，有许多落难动物身患疾病、痛苦而又孤单', TO_DATE('2013-08-20 12:05:52', 'YYYY-MM-DD HH24:MI:SS'), '/u/cms/www/201308/20120529auxr.mp4', 'FLV', null, '0', '/u/cms/www/201308/20120531bbei.jpg', null, null, null, null, '1', null, null, null);
INSERT INTO "JEECMS"."JC_CONTENT_EXT" VALUES ('484', '镖行天下：揭秘镖局', null, null, null, null, '《经典传奇》借助《传奇故事》的经验，同时又是一档大型化的历史人文故事节目。', TO_DATE('2013-08-20 12:09:02', 'YYYY-MM-DD HH24:MI:SS'), '/u/cms/www/201308/2012085643sz.mp4', 'FLV', null, '0', '/u/cms/www/201308/20120732ybv8.jpg', null, null, null, null, '1', null, null, null);
INSERT INTO "JEECMS"."JC_CONTENT_EXT" VALUES ('487', '金马影展公布焦点导演', null, null, null, null, '金马50惊喜连连，金马国际影展也端出超级菜色，继公布蔡明亮新作《郊游》担任开幕片', TO_DATE('2013-08-21 11:34:29', 'YYYY-MM-DD HH24:MI:SS'), null, null, null, '0', null, null, '/u/cms/www/201309/111745157ps9.jpg', null, null, '1', null, null, null);
INSERT INTO "JEECMS"."JC_CONTENT_EXT" VALUES ('488', '“蛊术”首现《狄仁杰》 9月28日登陆大银幕', null, null, null, null, '由华谊兄弟出品发行', TO_DATE('2013-08-21 11:59:29', 'YYYY-MM-DD HH24:MI:SS'), null, null, null, '0', null, null, '/u/cms/www/201309/11173804j6hj.jpg', null, null, '1', null, null, null);
INSERT INTO "JEECMS"."JC_CONTENT_EXT" VALUES ('489', '《金刚王》曝解密功夫秘籍', null, null, null, null, '“亚洲舞王”南贤俊演绎魔尸金刚“疯猿”', TO_DATE('2013-08-21 13:40:11', 'YYYY-MM-DD HH24:MI:SS'), null, null, null, '0', null, null, '/u/cms/www/201309/11173334yvdd.jpg', null, null, '1', null, null, null);
INSERT INTO "JEECMS"."JC_CONTENT_EXT" VALUES ('490', '《大明劫》曝概念海报 冯远征戴立忍末日战', null, null, null, null, '《大明劫》曝概念海报 冯远征戴立忍末日战', TO_DATE('2013-08-21 14:35:35', 'YYYY-MM-DD HH24:MI:SS'), null, null, null, '0', null, null, '/u/cms/www/201309/11172219hw2t.jpg', null, null, '1', null, null, null);
INSERT INTO "JEECMS"."JC_CONTENT_EXT" VALUES ('491', '《抹布女》收视攀升 海清张译激情床照曝光', null, null, null, null, '网易娱乐9月11日报道 由海清、张译、芦芳生联袂主演的都市生活轻喜剧《抹布女也有春天》', TO_DATE('2013-08-21 14:47:08', 'YYYY-MM-DD HH24:MI:SS'), null, null, null, '0', null, null, '/u/cms/www/201309/1117164754x7.jpg', null, null, '1', null, null, null);
INSERT INTO "JEECMS"."JC_CONTENT_EXT" VALUES ('492', '《老公的春天》播出过半', null, null, null, null, '4月19日报道 陈好产后首部作品《新编辑部故事》将于本月20日全国上星播出。日前片方再度公布一组剧照', TO_DATE('2013-08-21 14:49:52', 'YYYY-MM-DD HH24:MI:SS'), null, null, null, '0', null, null, '/u/cms/www/201309/11171211kmih.jpg', null, null, '1', null, null, null);
INSERT INTO "JEECMS"."JC_CONTENT_EXT" VALUES ('494', '《桐柏英雄》画册曝光', null, null, null, null, null, TO_DATE('2013-08-21 14:58:46', 'YYYY-MM-DD HH24:MI:SS'), null, null, null, '0', null, null, '/u/cms/www/201309/11170224nw94.jpg', null, null, '1', null, null, null);
INSERT INTO "JEECMS"."JC_CONTENT_EXT" VALUES ('495', '刘晓庆今日大婚 第四任老公系将门之后政协委员', null, null, null, null, '8月20日早上，刘晓庆团队透露刘晓庆与第四任丈夫已与去年注册结婚。', TO_DATE('2013-08-21 15:12:25', 'YYYY-MM-DD HH24:MI:SS'), null, null, null, '0', null, null, null, null, null, '1', null, null, null);
INSERT INTO "JEECMS"."JC_CONTENT_EXT" VALUES ('496', '赵本山女儿正式进军娱乐圈 将与潘长江女儿比拼', null, null, null, null, '浙江卫视宣。', TO_DATE('2013-08-21 15:19:59', 'YYYY-MM-DD HH24:MI:SS'), null, null, null, '0', null, null, null, null, null, '1', null, null, null);
INSERT INTO "JEECMS"."JC_CONTENT_EXT" VALUES ('497', '《全民目击》曝预告 孙红雷郭富城上演猫鼠游戏', null, null, null, null, '剧情预告片开场', TO_DATE('2013-08-21 15:24:11', 'YYYY-MM-DD HH24:MI:SS'), '/u/cms/www/201308/21152255jhhm.mp4', 'FLV', null, '0', null, null, null, null, null, '1', null, null, null);
INSERT INTO "JEECMS"."JC_CONTENT_EXT" VALUES ('498', '冯小刚定春晚相声小品类基调：唱赞歌一律不要', null, null, null, null, '前日的碰头会上', TO_DATE('2013-08-22 09:13:41', 'YYYY-MM-DD HH24:MI:SS'), null, null, null, '0', null, null, null, null, null, '1', null, null, null);
INSERT INTO "JEECMS"."JC_CONTENT_EXT" VALUES ('499', '朱为群：大数据时代亟须透明税制', null, null, null, null, null, TO_DATE('2013-08-22 09:21:00', 'YYYY-MM-DD HH24:MI:SS'), null, null, null, '0', null, null, null, null, null, '1', null, null, null);
INSERT INTO "JEECMS"."JC_CONTENT_EXT" VALUES ('500', '宋石男：谣言是世界上最古老的传媒', null, null, null, null, '专栏作家，西南民族大学教师，', TO_DATE('2013-08-22 09:28:09', 'YYYY-MM-DD HH24:MI:SS'), null, null, null, '0', null, null, null, null, null, '1', null, null, null);
INSERT INTO "JEECMS"."JC_CONTENT_EXT" VALUES ('501', '俞天任：麦克阿瑟在日本到底做了什么？', null, null, null, null, null, TO_DATE('2013-08-22 09:45:50', 'YYYY-MM-DD HH24:MI:SS'), null, null, null, '0', null, null, null, null, null, '1', null, null, null);
INSERT INTO "JEECMS"."JC_CONTENT_EXT" VALUES ('502', '小爸爸 第一集', null, null, null, null, '由于齐大胜生病住院，李三弟找不到男模，他提议让于果顶替齐大胜', TO_DATE('2013-09-09 16:51:46', 'YYYY-MM-DD HH24:MI:SS'), '/u/cms/www/201309/09165108yyn6.mp4', 'FLV', null, '0', '/u/cms/www/201309/09165026tk5e.jpg', null, null, null, null, '1', null, null, null);
INSERT INTO "JEECMS"."JC_CONTENT_EXT" VALUES ('503', '小爸爸 第二集', null, null, null, null, '由于齐大胜生病住院，李三弟找不到男模，他提议让于果顶替齐大胜', TO_DATE('2013-09-09 16:55:35', 'YYYY-MM-DD HH24:MI:SS'), '/u/cms/www/201309/09165453tawt.mp4', 'FLV', null, '0', '/u/cms/www/201309/091655240woj.jpg', null, null, null, null, '1', null, null, null);
INSERT INTO "JEECMS"."JC_CONTENT_EXT" VALUES ('504', '小爸爸 第三集', null, null, null, null, '由于齐大胜生病住院，李三弟找不到男模，他提议让于果顶替齐大胜', TO_DATE('2013-09-09 16:59:13', 'YYYY-MM-DD HH24:MI:SS'), '/u/cms/www/201309/09165859nuu5.mp4', 'FLV', null, '0', '/u/cms/www/201309/09165821s06r.jpg', null, null, null, null, '1', null, null, null);
INSERT INTO "JEECMS"."JC_CONTENT_EXT" VALUES ('505', '小爸爸 第四集', null, null, null, null, '由于齐大胜生病住院，李三弟找不到男模，他提议让于果顶替齐大胜', TO_DATE('2013-09-09 17:00:23', 'YYYY-MM-DD HH24:MI:SS'), '/u/cms/www/201309/09165948qmff.mp4', 'FLV', null, '0', '/u/cms/www/201309/09170006n0hs.jpg', null, null, null, null, '1', null, null, null);
INSERT INTO "JEECMS"."JC_CONTENT_EXT" VALUES ('506', '云南山洪冲断路桥 致4人遇难7人失踪', null, null, null, null, '9月9日，出事的客车残骸。云南省大理州云龙县只嘎村一桥梁9月8日因山洪泥石流灾害突然断裂，导致一辆大客车和一辆微型车坠河。截至目前已经导致4人死亡，7人失踪，26人受伤送往医院治疗。', TO_DATE('2013-09-10 09:22:39', 'YYYY-MM-DD HH24:MI:SS'), null, null, null, '0', null, null, '/u/cms/www/201309/10092229195q.jpg', null, null, '1', null, null, null);
INSERT INTO "JEECMS"."JC_CONTENT_EXT" VALUES ('507', '广州又现“楼歪歪” 三栋居民楼倾斜', null, '胥柏波', null, null, '上月初，广州番禺区厦滘村一居民楼因地基下陷，房屋倾斜被拆除，5日晚至今，当地又连续有三栋居民楼发生倾斜。目前，周边十余栋受影响的房屋村民已经全部疏散，当地街道办开放临时安置点接纳受影响群众，而疑似事故元凶的附近工地已停止施工', TO_DATE('2013-09-10 09:50:40', 'YYYY-MM-DD HH24:MI:SS'), null, null, null, '0', null, null, '/u/cms/www/201309/100950366ij3.jpg', null, null, '1', null, null, null);
INSERT INTO "JEECMS"."JC_CONTENT_EXT" VALUES ('508', '海口酒行发生爆炸两人受伤 玻璃碎片炸飞50米外', null, '毛鑫', null, null, '今天早上8点40分左右，海口市蓝天路一家酒行发生爆炸，两人受伤被送往医院。现场破坏严重，50米外能看到被炸飞的玻璃碎片，停在路边的多部车辆受损。目前警方已介入调查', TO_DATE('2013-09-10 09:53:55', 'YYYY-MM-DD HH24:MI:SS'), null, null, null, '0', null, null, '/u/cms/www/201309/100953460bvo.jpg', null, null, '1', null, null, null);
INSERT INTO "JEECMS"."JC_CONTENT_EXT" VALUES ('509', '朱镕基新书曾提前印样本向中央领导征求意见', null, null, null, null, '京华时报讯 由人民出版社出版的《朱镕基上海讲话实录》于8月12日向全国发行。昨天，人民出版社常务副社长任超做客中新网时介绍', TO_DATE('2013-09-10 10:28:25', 'YYYY-MM-DD HH24:MI:SS'), '/u/cms/www/201309/10102800aa0b.mp4', 'FLV', null, '0', null, null, null, null, null, '1', null, null, null);
INSERT INTO "JEECMS"."JC_CONTENT_EXT" VALUES ('510', '官方称翻越澳门大学新校区围墙属偷渡行为', null, null, null, null, '澳门大学横琴新校区围墙外，围栏上间隔一段就悬挂了“严禁翻越澳门大学围墙，违者将予以行政处罚”字样的警示横幅。', TO_DATE('2013-09-10 10:38:52', 'YYYY-MM-DD HH24:MI:SS'), null, null, null, '0', null, null, '/u/cms/www/201309/10103806oifr.jpg', null, null, '1', null, null, null);
INSERT INTO "JEECMS"."JC_CONTENT_EXT" VALUES ('511', '毛泽东逝世37周年 亲属及工作人员现身纪念', null, null, null, null, '9月9日，毛泽东亲属、身边工作人员来到毛泽东纪念堂。', TO_DATE('2013-09-10 10:45:34', 'YYYY-MM-DD HH24:MI:SS'), null, null, null, '0', null, null, '/u/cms/www/201309/10104531ukj5.jpg', null, null, '1', null, null, null);
INSERT INTO "JEECMS"."JC_CONTENT_EXT" VALUES ('512', '房价上涨最快的城市排行 去那买房让你赚翻', null, null, null, null, null, TO_DATE('2013-09-10 14:40:05', 'YYYY-MM-DD HH24:MI:SS'), null, null, null, '0', null, null, '/u/cms/www/201309/10144918u244.jpg', null, null, '1', null, null, null);
INSERT INTO "JEECMS"."JC_CONTENT_EXT" VALUES ('513', '北影开学典礼新生睡倒一片 红衣女抢镜', null, null, null, null, '网易娱乐9月6日报道（图/李道忠 文/小易）9月5日，北京电影学院开学典礼如期举行', TO_DATE('2013-09-12 10:59:15', 'YYYY-MM-DD HH24:MI:SS'), null, null, null, '0', null, null, '/u/cms/www/201309/12105908yuqz.jpg', null, null, '1', null, null, null);
INSERT INTO "JEECMS"."JC_CONTENT_EXT" VALUES ('514', '北影表演系新生自曝K歌照', null, null, null, null, '网易娱乐9月10日报道(图文/小易) 日前，几名认证为“北京电影学院2013级表演本科”的新生，在微博上曝光了同学们聚在一起唱歌的照片，还感慨“中国好同学，我们班唱歌都太好听了。”', TO_DATE('2013-09-12 11:04:04', 'YYYY-MM-DD HH24:MI:SS'), null, null, null, '0', null, null, '/u/cms/www/201309/121104013vts.jpg', null, null, '1', null, null, null);
INSERT INTO "JEECMS"."JC_CONTENT_EXT" VALUES ('515', '中戏办开学典礼 2013级新生首曝光', null, null, null, null, '网易娱乐9月10日报道（图文/小易）9月9日上午，中央戏剧学院2013—2014学年开学典礼在学院昌平校区举行，来自中国乃至世界各地的570名新生参加了典礼。', TO_DATE('2013-09-12 11:08:22', 'YYYY-MM-DD HH24:MI:SS'), null, null, null, '0', null, null, '/u/cms/www/201309/12110817ejy1.jpg', null, null, '1', null, null, null);
INSERT INTO "JEECMS"."JC_CONTENT_EXT" VALUES ('516', '高考36年变迁珍贵影像', null, null, null, null, '1977年冬天，中断了十年又重新恢复的高考制度，开始改变这个庞大国家无数人的命运。一纸试卷废除了“推荐上大学”', TO_DATE('2013-09-12 11:12:45', 'YYYY-MM-DD HH24:MI:SS'), null, null, null, '0', null, null, '/u/cms/www/201309/1211124392sy.jpg', null, null, '1', null, null, null);
INSERT INTO "JEECMS"."JC_CONTENT_EXT" VALUES ('517', '美国富二代大学生的奢侈生活', null, null, null, null, ' 在美国，日趋上涨的大学花费已经严重威胁到了低收入家庭的学生，大量学生即使在毕业四五年后还身背学债。而另一方面，一种迎合富人家庭大学生的服务新模式已经出现。', TO_DATE('2013-09-12 11:19:03', 'YYYY-MM-DD HH24:MI:SS'), null, null, null, '0', null, null, '/u/cms/www/201309/1211190051if.jpg', null, null, '1', null, null, null);
INSERT INTO "JEECMS"."JC_CONTENT_EXT" VALUES ('518', '华中师范大学新生家长“打地铺”过夜', null, null, null, null, '2013年9月7日，武汉华中师范大学新生入学首日，学校在该校佑铭体育馆内为新生家长们提供免费住宿。', TO_DATE('2013-09-12 11:22:50', 'YYYY-MM-DD HH24:MI:SS'), null, null, null, '0', null, null, '/u/cms/www/201309/12112247lfhe.jpg', null, null, '1', null, null, null);
INSERT INTO "JEECMS"."JC_CONTENT_EXT" VALUES ('519', '李冰冰时尚大片', null, null, null, null, '网易娱乐9月12日报道(图文/小易)日前，李冰冰为某知名时尚杂志拍摄的封面大片曝光。', TO_DATE('2013-09-12 12:07:42', 'YYYY-MM-DD HH24:MI:SS'), null, null, null, '0', null, null, '/u/cms/www/201309/12140033b5mx.jpg', null, null, '1', null, null, null);
INSERT INTO "JEECMS"."JC_CONTENT_EXT" VALUES ('520', '52岁刘德华上海开唱与舞伴玩借位吻', null, null, null, null, '网易娱乐9月12日报道(图文/CFP) 9月11日，刘德华上海演唱会举行。', TO_DATE('2013-09-12 13:43:06', 'YYYY-MM-DD HH24:MI:SS'), null, null, null, '0', null, null, '/u/cms/www/201309/12135944xk9f.jpg', null, null, '1', null, null, null);
INSERT INTO "JEECMS"."JC_CONTENT_EXT" VALUES ('521', '全智贤着衬衫秀长腿', null, null, null, null, '网易娱乐9月12日报道(图文/东星) 全智贤日前离开香港返韩国。当天，全智贤穿上长恤衫服装，', TO_DATE('2013-09-12 13:45:55', 'YYYY-MM-DD HH24:MI:SS'), null, null, null, '0', null, null, '/u/cms/www/201309/12134552bk69.jpg', null, null, '1', null, null, null);
INSERT INTO "JEECMS"."JC_CONTENT_EXT" VALUES ('522', '王智写真演绎复古风情', null, null, null, null, '网易娱乐9月12日报道(图文/小易) 正值中秋来临之际，新生代功夫女星王智推出一组复古写真。', TO_DATE('2013-09-12 13:49:36', 'YYYY-MM-DD HH24:MI:SS'), null, null, null, '0', null, null, '/u/cms/www/201309/12134933sxsx.jpg', null, null, '1', null, null, null);
INSERT INTO "JEECMS"."JC_CONTENT_EXT" VALUES ('523', '宋祖英升任团长后首带队演出', null, null, null, null, '网易娱乐9月12日报道(图文/小易) 10日，宋祖英升任团长后首次带队海政文工团到海校献唱，获得热烈掌声。', TO_DATE('2013-09-12 13:52:46', 'YYYY-MM-DD HH24:MI:SS'), null, null, null, '0', null, null, '/u/cms/www/201309/12135243x57l.jpg', null, null, '1', null, null, null);
INSERT INTO "JEECMS"."JC_CONTENT_EXT" VALUES ('524', '杨幂亮相纽约时装周', null, null, null, null, '网易娱乐9月11日报道(图/小易) 近日，杨幂亮相纽约时装周。', TO_DATE('2013-09-12 13:58:30', 'YYYY-MM-DD HH24:MI:SS'), null, null, null, '0', null, null, '/u/cms/www/201309/12135827xy0y.jpg', null, null, '1', null, null, null);
INSERT INTO "JEECMS"."JC_CONTENT_EXT" VALUES ('525', '王丽坤纯美大片', null, null, null, null, '网易娱乐9月11日报道(图文/小易) 近日，素颜女神王丽坤应某知名杂志邀约拍摄了一组纯美大片。', TO_DATE('2013-09-12 14:08:58', 'YYYY-MM-DD HH24:MI:SS'), null, null, null, '0', null, null, '/u/cms/www/201309/12140851yp14.jpg', null, null, '1', null, null, null);
INSERT INTO "JEECMS"."JC_CONTENT_EXT" VALUES ('526', '张智霖签新公司获直升机接送 空姐护驾', null, null, null, null, '网易娱乐9月11日报道(图文/CFP) 10日，张智霖高价签约中国3D数码娱乐有限公司。因为《冲上云霄2》而身价倍增的张智霖签约新公司获空姐陪伴、飞机接送。', TO_DATE('2013-09-12 14:14:53', 'YYYY-MM-DD HH24:MI:SS'), null, null, null, '0', null, null, '/u/cms/www/201309/121414505xah.jpg', null, null, '1', null, null, null);
INSERT INTO "JEECMS"."JC_CONTENT_EXT" VALUES ('527', '何晟铭出席敦煌保护活动 首谈《盗墓笔记》', null, null, null, null, '网易娱乐9月10日报道(图文/小易) 9月9日，敦煌保护基金启动仪式在杭州举行，网易CEO丁磊、演员何晟铭等出席活动并呼吁社会各界共同关注敦煌、保护文化，让敦煌文明代代相传', TO_DATE('2013-09-12 14:23:30', 'YYYY-MM-DD HH24:MI:SS'), null, null, null, '0', null, null, '/u/cms/www/201309/12142322wa0z.jpg', null, null, '1', null, null, null);
INSERT INTO "JEECMS"."JC_CONTENT_EXT" VALUES ('528', '宋佳封面大片曝光 恬淡清新演绎早秋时尚', null, null, null, null, '网易娱乐9月9日报道（图文/小易）近日，小宋佳曝光一组封面大片。照片中著名演员小宋佳恬淡清新，将早秋时尚演绎的淋漓尽致。据悉，由小宋佳主演的《四十九日祭》已完美收官，将于2014年播出。', TO_DATE('2013-09-12 14:28:33', 'YYYY-MM-DD HH24:MI:SS'), null, null, null, '0', null, null, '/u/cms/www/201309/12142830poeb.jpg', null, null, '1', null, null, null);
INSERT INTO "JEECMS"."JC_CONTENT_EXT" VALUES ('529', '吴秀波大奔头亮相 尽显迷人绅士范儿', null, null, null, null, '网易娱乐9月9日报道（图文/小易）近日，吴秀波出席某品牌活动，当晚吴秀波身着一身黑色西装，内搭彩色长丝巾尽显儒雅绅士风度，梳着黑色大奔儿头，整个造性让人眼前一亮。', TO_DATE('2013-09-12 14:33:47', 'YYYY-MM-DD HH24:MI:SS'), null, null, null, '0', null, null, '/u/cms/www/201309/12143342sfmg.jpg', null, null, '1', null, null, null);
INSERT INTO "JEECMS"."JC_CONTENT_EXT" VALUES ('530', '曾黎复古造型亮相纽约时装周 红唇成亮点', null, null, null, null, '网易娱乐9月10日报道(文/小易) 女星曾黎近日受邀赴美出席2014纽约春夏时装周', TO_DATE('2013-09-12 14:57:01', 'YYYY-MM-DD HH24:MI:SS'), null, null, null, '0', null, null, '/u/cms/www/201309/121456599tnd.jpg', null, null, '1', null, null, null);
INSERT INTO "JEECMS"."JC_CONTENT_EXT" VALUES ('531', '关之琳穿超短裙庆生', null, null, null, null, '网易娱乐9月8日报道 (图文/CFP) 9月07日，关之琳现身北京出席某慈善晚宴，主办方特意为关之琳庆生。', TO_DATE('2013-09-12 15:07:03', 'YYYY-MM-DD HH24:MI:SS'), null, null, null, '0', null, null, '/u/cms/www/201309/12150701tmkd.jpg', null, null, '1', null, null, null);
INSERT INTO "JEECMS"."JC_CONTENT_EXT" VALUES ('532', '黄晓明现身俄罗斯中国电影节', null, null, null, null, '网易娱乐9月7日报道(图文/CFP) 圣彼得堡当地时间9月4日晚', TO_DATE('2013-09-12 15:11:43', 'YYYY-MM-DD HH24:MI:SS'), null, null, null, '0', null, null, '/u/cms/www/201309/12151139jrv6.jpg', null, null, '1', null, null, null);
INSERT INTO "JEECMS"."JC_CONTENT_EXT" VALUES ('533', '景甜与范冰冰相谈甚欢', null, null, null, null, '2013 Jade Cool Guy全国总决赛在北京举行，景甜作为神秘颁奖嘉宾出席了活动。', TO_DATE('2013-09-12 15:23:00', 'YYYY-MM-DD HH24:MI:SS'), null, null, null, '0', null, null, '/u/cms/www/201309/12152257va9g.jpg', null, null, '1', null, null, null);
INSERT INTO "JEECMS"."JC_CONTENT_EXT" VALUES ('534', '小宋佳时尚大片', null, null, null, null, '日前，小宋佳曝光了一组最新时尚大片。', TO_DATE('2013-09-12 15:36:56', 'YYYY-MM-DD HH24:MI:SS'), null, null, null, '0', null, null, '/u/cms/www/201309/121536505s2h.jpg', null, null, '1', null, null, null);
INSERT INTO "JEECMS"."JC_CONTENT_EXT" VALUES ('535', '熊乃瑾清新写真', null, null, null, null, '日前，熊乃瑾曝光了一组清新写真。', TO_DATE('2013-09-12 15:43:13', 'YYYY-MM-DD HH24:MI:SS'), null, null, null, '0', null, null, '/u/cms/www/201309/121543059cct.jpg', null, null, '1', null, null, null);
INSERT INTO "JEECMS"."JC_CONTENT_EXT" VALUES ('536', '章子怡献唱公益节目讲述梦想', null, null, null, null, '9月1日，一年一度的大型公益节目「开学第一课」将如约和全国青少年见面。', TO_DATE('2013-09-12 15:48:01', 'YYYY-MM-DD HH24:MI:SS'), null, null, null, '0', null, null, '/u/cms/www/201309/121547582f5t.jpg', null, null, '1', null, null, null);
INSERT INTO "JEECMS"."JC_CONTENT_EXT" VALUES ('539', '中苏外交档案解密 兵戎相见', null, null, null, null, '上海纪实频道《档案》作为揭秘性的讲述栏目', TO_DATE('2013-09-13 14:12:47', 'YYYY-MM-DD HH24:MI:SS'), '/u/cms/www/201309/13141246x4my.mp4', 'FLV', null, '0', '/u/cms/www/201309/13141220dfer.jpg', null, null, null, null, '1', null, null, null);
INSERT INTO "JEECMS"."JC_CONTENT_EXT" VALUES ('540', '战后10年的伊拉克现在怎么样', null, null, null, null, '周一至周五， 每晚21点50分，旅游卫视《行者》，', TO_DATE('2013-09-13 14:24:03', 'YYYY-MM-DD HH24:MI:SS'), '/u/cms/www/201309/131422491chy.mp4', 'FLV', null, '0', '/u/cms/www/201309/131423399l1z.jpg', null, null, null, null, '1', null, null, null);
INSERT INTO "JEECMS"."JC_CONTENT_EXT" VALUES ('541', '女博士于娟和她的抗癌日记', null, null, null, null, '《传奇故事》以讲故事为主，每晚为观众讲述一个涉及真善美、德义理的社会故事。', TO_DATE('2013-09-13 14:29:31', 'YYYY-MM-DD HH24:MI:SS'), '/u/cms/www/201309/131422491chy.mp4', 'FLV', null, '0', '/u/cms/www/201309/13142927kzr3.jpg', null, null, null, null, '1', null, null, null);
INSERT INTO "JEECMS"."JC_CONTENT_EXT" VALUES ('553', '中级java工程师', null, null, null, null, null, TO_DATE('2013-08-22 11:57:22', 'YYYY-MM-DD HH24:MI:SS'), null, null, null, '0', null, null, null, null, null, '1', null, null, null);
INSERT INTO "JEECMS"."JC_CONTENT_EXT" VALUES ('558', '治近视', null, null, null, null, null, TO_DATE('2013-09-27 09:41:27', 'YYYY-MM-DD HH24:MI:SS'), null, null, null, '0', null, null, null, null, null, '1', null, null, null);
INSERT INTO "JEECMS"."JC_CONTENT_EXT" VALUES ('559', '安倍：日自卫队将跟随美军到世界任何一个角落', null, null, null, null, null, TO_DATE('2013-09-27 10:18:25', 'YYYY-MM-DD HH24:MI:SS'), null, null, null, '0', null, null, null, null, null, '1', null, null, null);
INSERT INTO "JEECMS"."JC_CONTENT_EXT" VALUES ('560', '巴基斯坦7.7级地震震中地区超9成房屋倒塌', null, null, null, null, null, TO_DATE('2013-09-27 10:18:47', 'YYYY-MM-DD HH24:MI:SS'), null, null, null, '0', null, null, null, null, null, '1', null, null, null);
INSERT INTO "JEECMS"."JC_CONTENT_EXT" VALUES ('561', '凌寒：劝禁食遭打，莫让公共规范变私人恩怨', null, null, null, null, null, TO_DATE('2013-09-27 10:19:30', 'YYYY-MM-DD HH24:MI:SS'), null, null, null, '0', null, null, null, null, null, '1', null, null, null);
INSERT INTO "JEECMS"."JC_CONTENT_EXT" VALUES ('562', '邓聿文：激活批评和自我批评这个武器', null, null, null, null, null, TO_DATE('2013-09-27 10:19:51', 'YYYY-MM-DD HH24:MI:SS'), null, null, null, '0', null, null, null, null, null, '1', null, null, null);
INSERT INTO "JEECMS"."JC_CONTENT_EXT" VALUES ('563', '牛新春：要下决心恢复自行车路权', null, null, null, null, null, TO_DATE('2013-09-27 10:20:09', 'YYYY-MM-DD HH24:MI:SS'), null, null, null, '0', null, null, null, null, null, '1', null, null, null);
INSERT INTO "JEECMS"."JC_CONTENT_EXT" VALUES ('564', '刘迎秋：新自由主义究竟是什么', null, null, null, null, null, TO_DATE('2013-09-27 10:20:31', 'YYYY-MM-DD HH24:MI:SS'), null, null, null, '0', null, null, null, null, null, '1', null, null, null);
INSERT INTO "JEECMS"."JC_CONTENT_EXT" VALUES ('565', '江苏省委常委会召开民主生活会 常委自己写材料', null, null, null, null, null, TO_DATE('2013-09-27 10:20:59', 'YYYY-MM-DD HH24:MI:SS'), null, null, null, '0', null, null, '/u/cms/www/201309/30121915un0m.jpg', null, null, '1', null, null, null);
INSERT INTO "JEECMS"."JC_CONTENT_EXT" VALUES ('566', '江苏扬中7000万建地标河豚塔 正申报吉尼斯纪录', null, null, null, null, null, TO_DATE('2013-09-27 10:21:22', 'YYYY-MM-DD HH24:MI:SS'), null, null, null, '0', null, null, '/u/cms/www/201309/30121833oafb.jpg', null, null, '1', null, null, null);
INSERT INTO "JEECMS"."JC_CONTENT_EXT" VALUES ('567', '南宁拟规定公交乘客拒给老弱让座可被赶下车', null, null, null, null, null, TO_DATE('2013-09-27 10:22:02', 'YYYY-MM-DD HH24:MI:SS'), null, null, null, '0', null, null, '/u/cms/www/201309/30121747bypf.jpg', null, null, '1', null, null, null);
INSERT INTO "JEECMS"."JC_CONTENT_EXT" VALUES ('568', '小规模股基重仓创业板 平均21%回报率领跑', null, null, null, null, null, TO_DATE('2013-09-27 10:23:29', 'YYYY-MM-DD HH24:MI:SS'), null, null, null, '0', null, null, null, null, null, '1', null, null, null);
INSERT INTO "JEECMS"."JC_CONTENT_EXT" VALUES ('569', '创业板指数年内涨83% 基金重仓潜伏四成创业板股', null, null, null, null, null, TO_DATE('2013-09-27 10:23:49', 'YYYY-MM-DD HH24:MI:SS'), null, null, null, '0', null, null, null, null, null, '1', null, null, null);
INSERT INTO "JEECMS"."JC_CONTENT_EXT" VALUES ('570', '华宝行业基金持3只创业板股 市值20.75亿元居首', null, null, null, null, null, TO_DATE('2013-09-27 10:24:10', 'YYYY-MM-DD HH24:MI:SS'), null, null, null, '0', null, null, null, null, null, '1', null, null, null);
INSERT INTO "JEECMS"."JC_CONTENT_EXT" VALUES ('571', '李嘉诚李兆基变身淡友 业绩后未增持爱股', null, null, null, null, null, TO_DATE('2013-09-27 10:25:17', 'YYYY-MM-DD HH24:MI:SS'), null, null, null, '0', null, null, null, null, null, '1', null, null, null);
INSERT INTO "JEECMS"."JC_CONTENT_EXT" VALUES ('572', '瑞信轮证：腾讯十天线争持 A股假前续软', null, null, null, null, null, TO_DATE('2013-09-27 10:25:36', 'YYYY-MM-DD HH24:MI:SS'), null, null, null, '0', null, null, null, null, null, '1', null, null, null);
INSERT INTO "JEECMS"."JC_CONTENT_EXT" VALUES ('172', '酷乐影音', '酷乐影音2010 1.0.3.6', null, null, null, '随点随看', TO_DATE('2013-09-27 09:55:26', 'YYYY-MM-DD HH24:MI:SS'), null, null, null, '0', '/u/cms/www/201309/19141318apz1.jpg', 'http://img.duote.com/softImg/soft/25902_s.jpg', null, null, null, '1', null, null, null);
INSERT INTO "JEECMS"."JC_CONTENT_EXT" VALUES ('173', '千千静听', '千千静听(TTPlayer) V5.7 BETA1', null, null, null, '千千静听是一款完全免费的音乐播放软件', TO_DATE('2013-09-27 09:55:07', 'YYYY-MM-DD HH24:MI:SS'), null, null, null, '0', '/u/cms/www/201309/19141200ip5c.jpg', 'http://ttplayer.qianqian.com/upload/100902/100902162707s.jpg', null, null, null, '1', null, null, null);
INSERT INTO "JEECMS"."JC_CONTENT_EXT" VALUES ('174', '谷歌浏览器', '谷歌浏览器(Google Chrome) V6.0.447.0 Beta', null, null, null, '谷歌浏览器', TO_DATE('2013-09-27 09:45:29', 'YYYY-MM-DD HH24:MI:SS'), null, null, null, '0', '/u/cms/www/201309/19140340fri2.jpg', 'http://img.duote.com/softImg/soft/5897_s.jpg', null, null, null, '1', null, null, null);
INSERT INTO "JEECMS"."JC_CONTENT_EXT" VALUES ('315', '硬盘数据恢复', null, null, null, null, '顶尖硬盘数据恢复软件 免费试用版', TO_DATE('2013-09-27 09:47:39', 'YYYY-MM-DD HH24:MI:SS'), null, null, null, '0', '/u/cms/www/201309/19140601kgid.jpg', '/u/cms/www/201309/19110822fin2.jpg', null, null, null, '1', null, null, null);
INSERT INTO "JEECMS"."JC_CONTENT_EXT" VALUES ('320', '360杀毒', null, null, null, null, '360杀毒', TO_DATE('2013-09-27 09:48:29', 'YYYY-MM-DD HH24:MI:SS'), null, null, null, '0', '/u/cms/www/201309/19112623820c.jpg', '/u/cms/www/201309/19112700bypf.jpg', null, null, null, '1', null, null, null);
INSERT INTO "JEECMS"."JC_CONTENT_EXT" VALUES ('326', '魔兽世界', null, null, null, null, '大地的裂变', TO_DATE('2013-09-27 09:52:41', 'YYYY-MM-DD HH24:MI:SS'), null, null, null, '0', '/u/cms/www/201309/19114043tp85.jpg', '/u/cms/www/201309/19114201tdir.jpg', null, null, null, '1', null, null, null);
INSERT INTO "JEECMS"."JC_CONTENT_EXT" VALUES ('328', '天下3', null, null, null, null, '6大革新，精彩无穷无尽', TO_DATE('2013-09-27 09:51:16', 'YYYY-MM-DD HH24:MI:SS'), null, null, null, '0', '/u/cms/www/201309/191201449moh.jpg', '/u/cms/www/201309/191203538tdp.jpg', null, null, null, '1', null, null, null);
INSERT INTO "JEECMS"."JC_CONTENT_EXT" VALUES ('329', '神魔大陆', null, null, null, null, '暮光之城', TO_DATE('2013-09-27 09:50:35', 'YYYY-MM-DD HH24:MI:SS'), null, null, null, '0', '/u/cms/www/201309/19131809acqm.jpg', '/u/cms/www/201309/19131949r2ge.jpg', null, null, null, '1', null, null, null);
INSERT INTO "JEECMS"."JC_CONTENT_EXT" VALUES ('330', '永恒之塔', null, null, null, null, '神之竞技场', TO_DATE('2013-09-27 09:49:38', 'YYYY-MM-DD HH24:MI:SS'), null, null, null, '0', '/u/cms/www/201309/191342393mlg.jpg', '/u/cms/www/201309/19134448qvza.jpg', null, null, null, '1', null, null, null);
INSERT INTO "JEECMS"."JC_CONTENT_EXT" VALUES ('331', '腾讯QQ ', null, null, null, null, '2011 正式版', TO_DATE('2013-09-27 09:54:07', 'YYYY-MM-DD HH24:MI:SS'), null, null, null, '0', '/u/cms/www/201309/191351590e53.jpg', '/u/cms/www/201309/19135821ij0m.jpg', null, null, null, '1', null, null, null);
INSERT INTO "JEECMS"."JC_CONTENT_EXT" VALUES ('332', '风行网络电影', null, null, null, null, '风行网络电影', TO_DATE('2013-09-27 09:53:16', 'YYYY-MM-DD HH24:MI:SS'), null, null, null, '0', '/u/cms/www/201309/19135642zjak.jpg', '/u/cms/www/201309/19135645ge7r.jpg', null, null, null, '1', null, null, null);
INSERT INTO "JEECMS"."JC_CONTENT_EXT" VALUES ('333', '酷狗音乐', null, null, null, null, '酷狗音乐7.1', TO_DATE('2013-09-27 09:49:28', 'YYYY-MM-DD HH24:MI:SS'), null, null, null, '0', '/u/cms/www/201309/19140803w9fg.jpg', '/u/cms/www/201309/191408471iyj.jpg', null, null, null, '1', null, null, null);
INSERT INTO "JEECMS"."JC_CONTENT_EXT" VALUES ('334', '搜狗拼音输入', null, null, null, null, '准确快速', TO_DATE('2013-09-27 09:58:07', 'YYYY-MM-DD HH24:MI:SS'), null, null, null, '0', '/u/cms/www/201309/19141700opui.jpg', '/u/cms/www/201309/19141756u9sa.jpg', null, null, null, '1', null, null, null);
INSERT INTO "JEECMS"."JC_CONTENT_EXT" VALUES ('335', '有道词典', null, null, null, null, '翻译多语种网络词典', TO_DATE('2013-09-27 09:57:18', 'YYYY-MM-DD HH24:MI:SS'), null, null, null, '0', '/u/cms/www/201309/19142041eu8x.jpg', '/u/cms/www/201309/19142206y73m.jpg', null, null, null, '1', null, null, null);
INSERT INTO "JEECMS"."JC_CONTENT_EXT" VALUES ('336', '迅雷7', null, null, null, null, '迅雷7.0', TO_DATE('2013-09-27 09:56:53', 'YYYY-MM-DD HH24:MI:SS'), null, null, null, '0', '/u/cms/www/201309/19142430589t.jpg', '/u/cms/www/201309/19142451945q.jpg', null, null, null, '1', null, null, null);
INSERT INTO "JEECMS"."JC_CONTENT_EXT" VALUES ('337', '多玩YY', null, null, null, null, 'YY4.0是多玩YY语音的全新版本，活动中心盛大起航，汇集YY上最好最优质的频道和活动，提供YY上最有价值的内容，不需再为找好 频道而费尽心机。', TO_DATE('2013-09-27 09:55:50', 'YYYY-MM-DD HH24:MI:SS'), null, null, null, '0', '/u/cms/www/201309/19142818yvty.jpg', '/u/cms/www/201309/19142840ycm6.jpg', null, null, null, '1', null, null, null);
INSERT INTO "JEECMS"."JC_CONTENT_EXT" VALUES ('436', '内地夫妇因航班延误闹香港机场袭警被拘捕', null, null, null, null, '南都讯记者石秋菊发自香港航班延误，乘客鼓噪，闹事打砸，这一幕发生在7月5日的香港机场。', TO_DATE('2013-07-08 15:34:08', 'YYYY-MM-DD HH24:MI:SS'), null, null, null, '0', null, null, null, null, null, '1', null, null, null);
INSERT INTO "JEECMS"."JC_CONTENT_EXT" VALUES ('437', '男子嫖娼后用迷药抢劫卖淫女', null, null, null, null, '晨报讯(记者颜斐)王某嫖娼后骗卖淫女喝下他放入安眠药的饮料，然后待对方熟睡后实施抢劫。', TO_DATE('2013-07-08 15:34:09', 'YYYY-MM-DD HH24:MI:SS'), null, null, null, '0', null, null, null, null, null, '1', null, null, null);
INSERT INTO "JEECMS"."JC_CONTENT_EXT" VALUES ('438', '骗子假冒导演谎称能安排演员诈骗获缓刑', null, null, null, null, '晨报讯(记者李庭煊)尹某谎称自己是中影数字基地的执行导演', TO_DATE('2013-07-08 15:34:11', 'YYYY-MM-DD HH24:MI:SS'), null, null, null, '0', null, null, null, null, null, '1', null, null, null);
INSERT INTO "JEECMS"."JC_CONTENT_EXT" VALUES ('439', '司机穿拖鞋开车低头点烟致追尾造成1人死亡', null, null, null, null, '扬子晚报讯(记者郭一鹏通讯员张晓冬)穿着拖鞋开车，还在行驶中低头点烟', TO_DATE('2013-07-08 15:34:11', 'YYYY-MM-DD HH24:MI:SS'), null, null, null, '0', null, null, null, null, null, '1', null, null, null);
INSERT INTO "JEECMS"."JC_CONTENT_EXT" VALUES ('440', '男子非法拘禁妻子情夫 殴打侮辱并索钱被诉', null, null, null, null, '晨报讯(记者颜斐)发现妻子有了情人郭某，徐某以讨债为名，伙同两个朋友将郭某拘禁3天', TO_DATE('2013-07-08 15:34:12', 'YYYY-MM-DD HH24:MI:SS'), null, null, null, '0', null, null, null, null, null, '1', null, null, null);
INSERT INTO "JEECMS"."JC_CONTENT_EXT" VALUES ('441', '伪造国字头研究院承接水电项目 曾通过政府审查', null, null, null, null, '本报记者赵志锋中国区域特色经济研究院，听起来多么唬人的机构。', TO_DATE('2013-07-08 15:34:13', 'YYYY-MM-DD HH24:MI:SS'), null, null, null, '0', null, null, null, null, null, '1', null, null, null);
INSERT INTO "JEECMS"."JC_CONTENT_EXT" VALUES ('442', '城管局司机袒护无证幼儿园踢飞凳子阻挠采访', null, null, null, null, '法制网记者张冲法制网通讯员郭佳音一段摄录于6月25日的视频', TO_DATE('2013-07-08 15:34:14', 'YYYY-MM-DD HH24:MI:SS'), null, null, null, '0', null, null, null, null, null, '1', null, null, null);
INSERT INTO "JEECMS"."JC_CONTENT_EXT" VALUES ('443', '2名女乘客因航班延误殴打地勤人员被拘留5天', null, null, null, null, '温都讯昨晚，市公安局机场分局对“6·28瑞安籍乘客殴打国航地勤人员”', TO_DATE('2013-07-08 15:34:15', 'YYYY-MM-DD HH24:MI:SS'), null, null, null, '0', null, null, null, null, null, '1', null, null, null);
INSERT INTO "JEECMS"."JC_CONTENT_EXT" VALUES ('444', '假记者向百名官员寄艳照敲诈信被快递员识破', null, null, null, null, null, TO_DATE('2013-07-08 15:34:17', 'YYYY-MM-DD HH24:MI:SS'), null, null, null, '0', null, null, null, null, null, '1', null, null, null);
INSERT INTO "JEECMS"."JC_CONTENT_EXT" VALUES ('445', '男子欠债万元没钱还 自导绑架案骗老婆付赎金', null, null, null, null, '据江淮晨报报道，铜陵一男子在外花天酒地，借债一万元无钱归还，竟与朋友合伙骗自己老婆。', TO_DATE('2013-07-08 15:34:18', 'YYYY-MM-DD HH24:MI:SS'), null, null, null, '0', null, null, null, null, null, '1', null, null, null);
INSERT INTO "JEECMS"."JC_CONTENT_EXT" VALUES ('446', '新娘婚宴上逃婚 新郎起诉索要精神损失费', null, null, null, null, null, TO_DATE('2013-07-08 15:34:18', 'YYYY-MM-DD HH24:MI:SS'), null, null, null, '0', null, null, null, null, null, '1', null, null, null);
INSERT INTO "JEECMS"."JC_CONTENT_EXT" VALUES ('447', '醉酒男子强奸孕妇未遂 持刀返回找手机伤人', null, null, null, null, '东南网7月8日讯(海峡导报记者蔡晶晶通讯员杨媛林曼娜)酒后翻墙进别人家', TO_DATE('2013-07-08 15:34:20', 'YYYY-MM-DD HH24:MI:SS'), null, null, null, '0', null, null, null, null, null, '1', null, null, null);
INSERT INTO "JEECMS"."JC_CONTENT_EXT" VALUES ('448', '两名少年为挣钱在多个省市抢劫杀死7人', null, null, null, null, null, TO_DATE('2013-07-08 15:34:21', 'YYYY-MM-DD HH24:MI:SS'), null, null, null, '0', null, null, null, null, null, '1', null, null, null);
INSERT INTO "JEECMS"."JC_CONTENT_EXT" VALUES ('473', '推拿 第一集', null, null, null, null, '沙宗推拿中心是位于南京的一家小型盲人推拿中心', TO_DATE('2013-08-20 11:30:47', 'YYYY-MM-DD HH24:MI:SS'), '/u/cms/www/201308/20112956tday.mp4', 'FLV', null, '0', '/u/cms/www/201309/1316285322ks.jpg', null, '/u/cms/www/201309/13163306pqvc.jpg', null, null, '1', null, null, null);
INSERT INTO "JEECMS"."JC_CONTENT_EXT" VALUES ('474', '推拿 第二集', null, null, null, null, '从小被惯大的弟弟王海觉得哥哥和没过门的嫂子回来就', TO_DATE('2013-08-20 11:36:14', 'YYYY-MM-DD HH24:MI:SS'), '/u/cms/www/201308/20113559a76z.mp4', 'FLV', null, '0', '/u/cms/www/201309/13162904gqxm.jpg', null, null, null, null, '1', null, null, null);
INSERT INTO "JEECMS"."JC_CONTENT_EXT" VALUES ('475', '推拿 第三集', null, null, null, null, '但还是跟王泉一起来到了推拿中心，成为正式的盲人技师。他们对中心的工作、生活环境也渐渐适应起来。', TO_DATE('2013-08-20 11:36:43', 'YYYY-MM-DD HH24:MI:SS'), '/u/cms/www/201308/20114137qyaa.mp4', 'FLV', null, '0', '/u/cms/www/201309/13162913da42.jpg', null, null, null, null, '1', null, null, null);
INSERT INTO "JEECMS"."JC_CONTENT_EXT" VALUES ('476', '推拿 第四集', null, null, null, null, '王泉和孔佳玉的到来，让推拿中心一下子热闹起来', TO_DATE('2013-08-20 11:43:16', 'YYYY-MM-DD HH24:MI:SS'), '/u/cms/www/201308/201142546ray.mp4', 'FLV', null, '0', '/u/cms/www/201309/131629222u39.jpg', null, null, null, null, '1', null, null, null);
INSERT INTO "JEECMS"."JC_CONTENT_EXT" VALUES ('477', '推拿 第五集', null, null, null, null, '她可是看不到芒来有什么好。金嫣很认真告诉高唯，她十岁时得了黄斑病变', TO_DATE('2013-08-20 11:44:30', 'YYYY-MM-DD HH24:MI:SS'), '/u/cms/www/201308/201144219ddf.mp4', 'FLV', null, '0', '/u/cms/www/201309/13162931ofsn.jpg', null, null, null, null, '1', null, null, null);

-- ----------------------------
-- Table structure for JC_CONTENT_GROUP_VIEW
-- ----------------------------
DROP TABLE "JEECMS"."JC_CONTENT_GROUP_VIEW";
CREATE TABLE "JEECMS"."JC_CONTENT_GROUP_VIEW" (
"CONTENT_ID" NUMBER(11) NOT NULL ,
"GROUP_ID" NUMBER(11) NOT NULL 
)
LOGGING
NOCOMPRESS
NOCACHE

;
COMMENT ON TABLE "JEECMS"."JC_CONTENT_GROUP_VIEW" IS 'CMS内容浏览会员组关联表;';

-- ----------------------------
-- Records of JC_CONTENT_GROUP_VIEW
-- ----------------------------

-- ----------------------------
-- Table structure for JC_CONTENT_PICTURE
-- ----------------------------
DROP TABLE "JEECMS"."JC_CONTENT_PICTURE";
CREATE TABLE "JEECMS"."JC_CONTENT_PICTURE" (
"CONTENT_ID" NUMBER(11) NOT NULL ,
"PRIORITY" NUMBER(11) NOT NULL ,
"IMG_PATH" VARCHAR2(100 BYTE) NOT NULL ,
"DESCRIPTION" VARCHAR2(255 BYTE) NULL 
)
LOGGING
NOCOMPRESS
NOCACHE

;
COMMENT ON TABLE "JEECMS"."JC_CONTENT_PICTURE" IS 'CMS内容图片表;';
COMMENT ON COLUMN "JEECMS"."JC_CONTENT_PICTURE"."PRIORITY" IS '排列顺序';
COMMENT ON COLUMN "JEECMS"."JC_CONTENT_PICTURE"."IMG_PATH" IS '图片地址';
COMMENT ON COLUMN "JEECMS"."JC_CONTENT_PICTURE"."DESCRIPTION" IS '描述';

-- ----------------------------
-- Records of JC_CONTENT_PICTURE
-- ----------------------------
INSERT INTO "JEECMS"."JC_CONTENT_PICTURE" VALUES ('520', '5', '/u/cms/www/201309/12134200cwyl.jpg', '刘德华');
INSERT INTO "JEECMS"."JC_CONTENT_PICTURE" VALUES ('521', '0', '/u/cms/www/201309/12134450mwvm.jpg', '全智贤');
INSERT INTO "JEECMS"."JC_CONTENT_PICTURE" VALUES ('521', '1', '/u/cms/www/201309/12134450lo6n.jpg', '全智贤');
INSERT INTO "JEECMS"."JC_CONTENT_PICTURE" VALUES ('521', '2', '/u/cms/www/201309/12134451j9p9.jpg', '全智贤');
INSERT INTO "JEECMS"."JC_CONTENT_PICTURE" VALUES ('521', '3', '/u/cms/www/201309/12134451k1zj.jpg', '全智贤');
INSERT INTO "JEECMS"."JC_CONTENT_PICTURE" VALUES ('521', '4', '/u/cms/www/201309/12134452b2g1.jpg', '全智贤');
INSERT INTO "JEECMS"."JC_CONTENT_PICTURE" VALUES ('521', '5', '/u/cms/www/201309/12134452bb5z.jpg', '全智贤');
INSERT INTO "JEECMS"."JC_CONTENT_PICTURE" VALUES ('522', '0', '/u/cms/www/201309/121348109k92.jpg', '王智');
INSERT INTO "JEECMS"."JC_CONTENT_PICTURE" VALUES ('522', '1', '/u/cms/www/201309/121348103ux5.jpg', '王智');
INSERT INTO "JEECMS"."JC_CONTENT_PICTURE" VALUES ('522', '2', '/u/cms/www/201309/12134811y9du.jpg', '王智');
INSERT INTO "JEECMS"."JC_CONTENT_PICTURE" VALUES ('522', '3', '/u/cms/www/201309/121348110tfi.jpg', '王智');
INSERT INTO "JEECMS"."JC_CONTENT_PICTURE" VALUES ('522', '4', '/u/cms/www/201309/12134812unit.jpg', '王智');
INSERT INTO "JEECMS"."JC_CONTENT_PICTURE" VALUES ('523', '0', '/u/cms/www/201309/12135148im9s.jpg', '宋祖英升任团长后首带队演出');
INSERT INTO "JEECMS"."JC_CONTENT_PICTURE" VALUES ('523', '1', '/u/cms/www/201309/12135149bhlg.jpg', '宋祖英升任团长后首带队演出');
INSERT INTO "JEECMS"."JC_CONTENT_PICTURE" VALUES ('523', '2', '/u/cms/www/201309/12135149s2wm.jpg', '宋祖英升任团长后首带队演出');
INSERT INTO "JEECMS"."JC_CONTENT_PICTURE" VALUES ('523', '3', '/u/cms/www/201309/12135149ar88.jpg', '宋祖英升任团长后首带队演出');
INSERT INTO "JEECMS"."JC_CONTENT_PICTURE" VALUES ('524', '0', '/u/cms/www/201309/12135606e58j.jpg', '杨幂');
INSERT INTO "JEECMS"."JC_CONTENT_PICTURE" VALUES ('524', '1', '/u/cms/www/201309/12135607vqhp.jpg', '杨幂');
INSERT INTO "JEECMS"."JC_CONTENT_PICTURE" VALUES ('524', '2', '/u/cms/www/201309/12135607ftvv.jpg', '杨幂');
INSERT INTO "JEECMS"."JC_CONTENT_PICTURE" VALUES ('524', '3', '/u/cms/www/201309/12135608l3ai.jpg', '杨幂');
INSERT INTO "JEECMS"."JC_CONTENT_PICTURE" VALUES ('524', '4', '/u/cms/www/201309/12135608ad8p.jpg', '杨幂');
INSERT INTO "JEECMS"."JC_CONTENT_PICTURE" VALUES ('524', '5', '/u/cms/www/201309/12135609wexl.jpg', '杨幂');
INSERT INTO "JEECMS"."JC_CONTENT_PICTURE" VALUES ('525', '0', '/u/cms/www/201309/12140434n4th.jpg', null);
INSERT INTO "JEECMS"."JC_CONTENT_PICTURE" VALUES ('525', '1', '/u/cms/www/201309/12140434ixtu.jpg', null);
INSERT INTO "JEECMS"."JC_CONTENT_PICTURE" VALUES ('525', '2', '/u/cms/www/201309/12140435relm.jpg', null);
INSERT INTO "JEECMS"."JC_CONTENT_PICTURE" VALUES ('525', '3', '/u/cms/www/201309/12140436rua8.jpg', null);
INSERT INTO "JEECMS"."JC_CONTENT_PICTURE" VALUES ('525', '4', '/u/cms/www/201309/12140436wwsc.jpg', null);
INSERT INTO "JEECMS"."JC_CONTENT_PICTURE" VALUES ('526', '0', '/u/cms/www/201309/12141311nuua.jpg', '张智霖与众空姐');
INSERT INTO "JEECMS"."JC_CONTENT_PICTURE" VALUES ('526', '1', '/u/cms/www/201309/12141311xxbj.jpg', '张智霖与众空姐');
INSERT INTO "JEECMS"."JC_CONTENT_PICTURE" VALUES ('526', '2', '/u/cms/www/201309/12141312d3p6.jpg', '张智霖与众空姐');
INSERT INTO "JEECMS"."JC_CONTENT_PICTURE" VALUES ('526', '3', '/u/cms/www/201309/12141312r6eb.jpg', '张智霖与众空姐');
INSERT INTO "JEECMS"."JC_CONTENT_PICTURE" VALUES ('526', '4', '/u/cms/www/201309/1214131399h0.jpg', '张智霖签新公司获直升机接送');
INSERT INTO "JEECMS"."JC_CONTENT_PICTURE" VALUES ('526', '5', '/u/cms/www/201309/12141313ndlq.jpg', '张智霖签新公司获直升机接送');
INSERT INTO "JEECMS"."JC_CONTENT_PICTURE" VALUES ('527', '0', '/u/cms/www/201309/12142118fe7p.jpg', '何晟铭出席敦煌保护活动');
INSERT INTO "JEECMS"."JC_CONTENT_PICTURE" VALUES ('527', '1', '/u/cms/www/201309/12142119m8y5.jpg', '何晟铭出席敦煌保护活动');
INSERT INTO "JEECMS"."JC_CONTENT_PICTURE" VALUES ('527', '2', '/u/cms/www/201309/121421197sla.jpg', '何晟铭演唱');
INSERT INTO "JEECMS"."JC_CONTENT_PICTURE" VALUES ('527', '3', '/u/cms/www/201309/12142120u2tx.jpg', '何晟铭演唱');
INSERT INTO "JEECMS"."JC_CONTENT_PICTURE" VALUES ('527', '4', '/u/cms/www/201309/12142120loqu.jpg', '何晟铭');
INSERT INTO "JEECMS"."JC_CONTENT_PICTURE" VALUES ('527', '5', '/u/cms/www/201309/1214212172bk.jpg', '何晟铭、韩栋');
INSERT INTO "JEECMS"."JC_CONTENT_PICTURE" VALUES ('528', '0', '/u/cms/www/201309/12142734jwmh.jpg', '宋佳');
INSERT INTO "JEECMS"."JC_CONTENT_PICTURE" VALUES ('528', '1', '/u/cms/www/201309/12142735jqmu.jpg', '宋佳');
INSERT INTO "JEECMS"."JC_CONTENT_PICTURE" VALUES ('528', '2', '/u/cms/www/201309/12142735rhib.jpg', '宋佳');
INSERT INTO "JEECMS"."JC_CONTENT_PICTURE" VALUES ('528', '3', '/u/cms/www/201309/1214273617d5.jpg', '宋佳');
INSERT INTO "JEECMS"."JC_CONTENT_PICTURE" VALUES ('528', '4', '/u/cms/www/201309/12142736ue6c.jpg', '宋佳');
INSERT INTO "JEECMS"."JC_CONTENT_PICTURE" VALUES ('528', '5', '/u/cms/www/201309/12142737cr9y.jpg', '宋佳');
INSERT INTO "JEECMS"."JC_CONTENT_PICTURE" VALUES ('529', '0', '/u/cms/www/201309/1214325480ue.jpg', '吴秀波');
INSERT INTO "JEECMS"."JC_CONTENT_PICTURE" VALUES ('529', '1', '/u/cms/www/201309/12143254y1wh.jpg', '吴秀波');
INSERT INTO "JEECMS"."JC_CONTENT_PICTURE" VALUES ('529', '2', '/u/cms/www/201309/12143255ukxu.jpg', '吴秀波');
INSERT INTO "JEECMS"."JC_CONTENT_PICTURE" VALUES ('529', '3', '/u/cms/www/201309/121432556ttu.jpg', '吴秀波');
INSERT INTO "JEECMS"."JC_CONTENT_PICTURE" VALUES ('529', '4', '/u/cms/www/201309/12143255ryzh.jpg', '吴秀波');
INSERT INTO "JEECMS"."JC_CONTENT_PICTURE" VALUES ('529', '5', '/u/cms/www/201309/12143256g1bo.jpg', '吴秀波');
INSERT INTO "JEECMS"."JC_CONTENT_PICTURE" VALUES ('530', '0', '/u/cms/www/201309/12145434qkiz.jpg', '曾黎');
INSERT INTO "JEECMS"."JC_CONTENT_PICTURE" VALUES ('530', '1', '/u/cms/www/201309/12145434959z.jpg', '曾黎');
INSERT INTO "JEECMS"."JC_CONTENT_PICTURE" VALUES ('530', '2', '/u/cms/www/201309/121454345gdz.jpg', '曾黎');
INSERT INTO "JEECMS"."JC_CONTENT_PICTURE" VALUES ('530', '3', '/u/cms/www/201309/12145435lmi6.jpg', '曾黎');
INSERT INTO "JEECMS"."JC_CONTENT_PICTURE" VALUES ('530', '4', '/u/cms/www/201309/12145435u9c1.jpg', '曾黎');
INSERT INTO "JEECMS"."JC_CONTENT_PICTURE" VALUES ('531', '0', '/u/cms/www/201309/12150556da16.jpg', '关之琳');
INSERT INTO "JEECMS"."JC_CONTENT_PICTURE" VALUES ('531', '1', '/u/cms/www/201309/12150556inf7.jpg', '关之琳');
INSERT INTO "JEECMS"."JC_CONTENT_PICTURE" VALUES ('531', '2', '/u/cms/www/201309/12150557etcp.jpg', '关之琳');
INSERT INTO "JEECMS"."JC_CONTENT_PICTURE" VALUES ('531', '3', '/u/cms/www/201309/12150557dzrz.jpg', '关之琳');
INSERT INTO "JEECMS"."JC_CONTENT_PICTURE" VALUES ('532', '0', '/u/cms/www/201309/12150936264i.jpg', '《中国合伙人》剧组');
INSERT INTO "JEECMS"."JC_CONTENT_PICTURE" VALUES ('532', '1', '/u/cms/www/201309/121509368460.jpg', '黄晓明章子怡佟大为');
INSERT INTO "JEECMS"."JC_CONTENT_PICTURE" VALUES ('532', '2', '/u/cms/www/201309/12150936cnpa.jpg', '《中国合伙人》剧组');
INSERT INTO "JEECMS"."JC_CONTENT_PICTURE" VALUES ('532', '3', '/u/cms/www/201309/12150937xe3g.jpg', '佟大为黄晓明邓超');
INSERT INTO "JEECMS"."JC_CONTENT_PICTURE" VALUES ('532', '4', '/u/cms/www/201309/121509371kyv.jpg', '《中国合伙人》剧组');
INSERT INTO "JEECMS"."JC_CONTENT_PICTURE" VALUES ('533', '0', '/u/cms/www/201309/12152115n7ee.jpg', '景甜亮相红毯');
INSERT INTO "JEECMS"."JC_CONTENT_PICTURE" VALUES ('533', '1', '/u/cms/www/201309/12152115dymp.jpg', '景甜与范冰冰在台下');
INSERT INTO "JEECMS"."JC_CONTENT_PICTURE" VALUES ('533', '2', '/u/cms/www/201309/1215211539ic.jpg', '景甜与范冰冰在台下');
INSERT INTO "JEECMS"."JC_CONTENT_PICTURE" VALUES ('533', '3', '/u/cms/www/201309/12152115oqbj.jpg', '景甜与范冰冰在台下');
INSERT INTO "JEECMS"."JC_CONTENT_PICTURE" VALUES ('533', '4', '/u/cms/www/201309/12152116am9n.jpg', '景甜作为颁奖嘉宾登台');
INSERT INTO "JEECMS"."JC_CONTENT_PICTURE" VALUES ('534', '0', '/u/cms/www/201309/12153550461x.jpg', '小宋佳时尚大片');
INSERT INTO "JEECMS"."JC_CONTENT_PICTURE" VALUES ('534', '1', '/u/cms/www/201309/12153550ryso.jpg', '小宋佳时尚大片');
INSERT INTO "JEECMS"."JC_CONTENT_PICTURE" VALUES ('534', '2', '/u/cms/www/201309/12153551r5kz.jpg', '小宋佳时尚大片');
INSERT INTO "JEECMS"."JC_CONTENT_PICTURE" VALUES ('534', '3', '/u/cms/www/201309/12153551igy5.jpg', '小宋佳时尚大片');
INSERT INTO "JEECMS"."JC_CONTENT_PICTURE" VALUES ('534', '4', '/u/cms/www/201309/12153551fflz.jpg', '小宋佳时尚大片');
INSERT INTO "JEECMS"."JC_CONTENT_PICTURE" VALUES ('534', '5', '/u/cms/www/201309/121535526foq.jpg', '小宋佳时尚大片');
INSERT INTO "JEECMS"."JC_CONTENT_PICTURE" VALUES ('535', '0', '/u/cms/www/201309/121542148jkc.jpg', '熊乃瑾清新写真');
INSERT INTO "JEECMS"."JC_CONTENT_PICTURE" VALUES ('535', '1', '/u/cms/www/201309/121542159xil.jpg', '熊乃瑾清新写真');
INSERT INTO "JEECMS"."JC_CONTENT_PICTURE" VALUES ('535', '2', '/u/cms/www/201309/12154215ryyk.jpg', '熊乃瑾清新写真');
INSERT INTO "JEECMS"."JC_CONTENT_PICTURE" VALUES ('535', '3', '/u/cms/www/201309/12154215y02n.jpg', '熊乃瑾清新写真');
INSERT INTO "JEECMS"."JC_CONTENT_PICTURE" VALUES ('535', '4', '/u/cms/www/201309/121542158t1n.jpg', '熊乃瑾清新写真');
INSERT INTO "JEECMS"."JC_CONTENT_PICTURE" VALUES ('535', '5', '/u/cms/www/201309/12154216egtt.jpg', '熊乃瑾清新写真');
INSERT INTO "JEECMS"."JC_CONTENT_PICTURE" VALUES ('536', '0', '/u/cms/www/201309/12154708we6w.jpg', '章子怡');
INSERT INTO "JEECMS"."JC_CONTENT_PICTURE" VALUES ('536', '1', '/u/cms/www/201309/12154708kkn6.jpg', '章子怡');
INSERT INTO "JEECMS"."JC_CONTENT_PICTURE" VALUES ('536', '2', '/u/cms/www/201309/12154708nsye.jpg', '章子怡');
INSERT INTO "JEECMS"."JC_CONTENT_PICTURE" VALUES ('536', '3', '/u/cms/www/201309/12154709iod3.jpg', '章子怡');
INSERT INTO "JEECMS"."JC_CONTENT_PICTURE" VALUES ('536', '4', '/u/cms/www/201309/12154709ypkl.jpg', '章子怡');
INSERT INTO "JEECMS"."JC_CONTENT_PICTURE" VALUES ('487', '0', '/u/cms/www/201309/11174436pnoi.jpg', '金马50惊喜连连，金马国际影展也端出超级菜色');
INSERT INTO "JEECMS"."JC_CONTENT_PICTURE" VALUES ('487', '1', '/u/cms/www/201309/11174439eb3l.jpg', '《海滩的那一天》让法哈蒂首夺柏林影展最佳导演');
INSERT INTO "JEECMS"."JC_CONTENT_PICTURE" VALUES ('487', '2', '/u/cms/www/201309/1117444317kg.jpg', '阿布戴柯西胥（Abdellatif Kechiche）是有北非血統的法籍导演');
INSERT INTO "JEECMS"."JC_CONTENT_PICTURE" VALUES ('487', '3', '/u/cms/www/201309/111744466aux.jpg', '阿斯哈法哈蒂（Asghar Farhadi）是把伊朗从单纯写实带向错综复杂的代表性人物');
INSERT INTO "JEECMS"."JC_CONTENT_PICTURE" VALUES ('488', '0', '/u/cms/www/201309/111737053v9i.jpg', '华谊兄弟出品');
INSERT INTO "JEECMS"."JC_CONTENT_PICTURE" VALUES ('488', '1', '/u/cms/www/201309/11173708ffx2.jpg', '华谊兄弟出品');
INSERT INTO "JEECMS"."JC_CONTENT_PICTURE" VALUES ('488', '2', '/u/cms/www/201309/11173711toqx.jpg', '华谊兄弟出品');
INSERT INTO "JEECMS"."JC_CONTENT_PICTURE" VALUES ('488', '3', '/u/cms/www/201309/11173719ykxk.jpg', '华谊兄弟出品');
INSERT INTO "JEECMS"."JC_CONTENT_PICTURE" VALUES ('488', '4', '/u/cms/www/201309/11173718do4k.jpg', null);
INSERT INTO "JEECMS"."JC_CONTENT_PICTURE" VALUES ('488', '5', '/u/cms/www/201309/11173724ul7o.jpg', '华谊兄弟出品');
INSERT INTO "JEECMS"."JC_CONTENT_PICTURE" VALUES ('489', '0', '/u/cms/www/201309/11173244ggfv.jpg', '“亚洲舞王”南贤俊演绎魔尸金刚“疯猿”');
INSERT INTO "JEECMS"."JC_CONTENT_PICTURE" VALUES ('489', '1', '/u/cms/www/201309/1117323496nx.jpg', '《金刚王?死亡救赎》三战之“伤坛”海报');
INSERT INTO "JEECMS"."JC_CONTENT_PICTURE" VALUES ('489', '2', '/u/cms/www/201309/11173222qknp.jpg', '金刚王释延能神情凝重');
INSERT INTO "JEECMS"."JC_CONTENT_PICTURE" VALUES ('489', '3', '/u/cms/www/201309/111732181p5u.jpg', '魔尸金刚“疯猿”阴狠毒辣');
INSERT INTO "JEECMS"."JC_CONTENT_PICTURE" VALUES ('489', '4', '/u/cms/www/201309/11173213qlec.jpg', '释延能、南贤俊“伤坛”对决');
INSERT INTO "JEECMS"."JC_CONTENT_PICTURE" VALUES ('489', '5', '/u/cms/www/201309/11173208w8ji.jpg', '释延能、南贤俊水下激烈对打');
INSERT INTO "JEECMS"."JC_CONTENT_PICTURE" VALUES ('490', '0', '/u/cms/www/201309/11172127ltqx.jpg', '集中焚烧染病而死的士兵');
INSERT INTO "JEECMS"."JC_CONTENT_PICTURE" VALUES ('490', '1', '/u/cms/www/201309/111721308eyj.jpg', '军营病况危急 士兵带面巾制药');
INSERT INTO "JEECMS"."JC_CONTENT_PICTURE" VALUES ('490', '2', '/u/cms/www/201309/11172134wikw.jpg', '满城瘟疫弥漫 士兵屠宰战马');
INSERT INTO "JEECMS"."JC_CONTENT_PICTURE" VALUES ('490', '3', '/u/cms/www/201309/11172137nwy5.jpg', '孙传庭检阅出战士兵');
INSERT INTO "JEECMS"."JC_CONTENT_PICTURE" VALUES ('491', '0', '/u/cms/www/201309/11171546aux9.jpg', '网易娱乐9月11日报道');
INSERT INTO "JEECMS"."JC_CONTENT_PICTURE" VALUES ('491', '1', '/u/cms/www/201309/111715499z6t.jpg', '海清张译裸戏搞笑');
INSERT INTO "JEECMS"."JC_CONTENT_PICTURE" VALUES ('491', '2', '/u/cms/www/201309/11171553t5kf.jpg', '甜蜜爱情温暖相拥');
INSERT INTO "JEECMS"."JC_CONTENT_PICTURE" VALUES ('491', '3', '/u/cms/www/201309/11171558kiit.jpg', '《抹布女》剧照');
INSERT INTO "JEECMS"."JC_CONTENT_PICTURE" VALUES ('491', '4', '/u/cms/www/201309/11171603em6o.jpg', '张译上裸爆笑床照');
INSERT INTO "JEECMS"."JC_CONTENT_PICTURE" VALUES ('491', '5', '/u/cms/www/201309/11171606wnmy.jpg', '夫妻共枕');
INSERT INTO "JEECMS"."JC_CONTENT_PICTURE" VALUES ('492', '0', '/u/cms/www/201309/11171054ja61.jpg', '张国立紧紧抱住王雅捷');
INSERT INTO "JEECMS"."JC_CONTENT_PICTURE" VALUES ('492', '1', '/u/cms/www/201309/11171058td8f.jpg', '艾娇娇让人心生爱怜');
INSERT INTO "JEECMS"."JC_CONTENT_PICTURE" VALUES ('492', '2', '/u/cms/www/201309/11171102ae78.jpg', '王雅捷大闹新居');
INSERT INTO "JEECMS"."JC_CONTENT_PICTURE" VALUES ('492', '3', '/u/cms/www/201309/11171106qaui.jpg', '王雅捷深陷情感纠葛');
INSERT INTO "JEECMS"."JC_CONTENT_PICTURE" VALUES ('492', '4', '/u/cms/www/201309/11171109m2sr.jpg', '王雅捷内心痛楚');
INSERT INTO "JEECMS"."JC_CONTENT_PICTURE" VALUES ('494', '0', '/u/cms/www/201309/11165640djk4.jpg', ' 网易娱乐9月11日报道 ');
INSERT INTO "JEECMS"."JC_CONTENT_PICTURE" VALUES ('494', '1', '/u/cms/www/201309/111656366w4b.jpg', '何润东与李沁');
INSERT INTO "JEECMS"."JC_CONTENT_PICTURE" VALUES ('494', '2', '/u/cms/www/201309/11165633po01.jpg', '何润东携手李沁寻真爱');
INSERT INTO "JEECMS"."JC_CONTENT_PICTURE" VALUES ('494', '3', '/u/cms/www/201309/111656292jx9.jpg', '何润东恋上李沁');
INSERT INTO "JEECMS"."JC_CONTENT_PICTURE" VALUES ('494', '4', '/u/cms/www/201309/11165624319n.jpg', '何润东李沁异国浪漫恋爱');
INSERT INTO "JEECMS"."JC_CONTENT_PICTURE" VALUES ('494', '5', '/u/cms/www/201309/11165619lkm8.jpg', '何润东李沁情定瑞士');
INSERT INTO "JEECMS"."JC_CONTENT_PICTURE" VALUES ('506', '0', '/u/cms/www/201309/22100555lytj.jpg', '9月9日，出事的客车残骸');
INSERT INTO "JEECMS"."JC_CONTENT_PICTURE" VALUES ('506', '1', '/u/cms/www/201309/22100558gfsb.jpg', '9月9日，出事的客车残骸');
INSERT INTO "JEECMS"."JC_CONTENT_PICTURE" VALUES ('506', '2', '/u/cms/www/201309/22100601l1us.jpg', '9月9日，出事的客车残骸');
INSERT INTO "JEECMS"."JC_CONTENT_PICTURE" VALUES ('506', '3', '/u/cms/www/201309/22100606t8mw.jpg', '9月9日，出事的客车残骸');
INSERT INTO "JEECMS"."JC_CONTENT_PICTURE" VALUES ('506', '4', '/u/cms/www/201309/22100611o2gl.jpg', '9月9日，出事的客车残骸');
INSERT INTO "JEECMS"."JC_CONTENT_PICTURE" VALUES ('510', '0', '/u/cms/www/201309/22094752xoxd.jpg', '澳门大学横琴新校区围墙');
INSERT INTO "JEECMS"."JC_CONTENT_PICTURE" VALUES ('510', '1', '/u/cms/www/201309/22094906lrj8.jpg', '澳门大学横琴新校区图书馆。新华社记者张金加摄');
INSERT INTO "JEECMS"."JC_CONTENT_PICTURE" VALUES ('510', '2', '/u/cms/www/201309/22094911xe9x.jpg', '2013年7月19日拍摄的横琴岛澳');
INSERT INTO "JEECMS"."JC_CONTENT_PICTURE" VALUES ('510', '3', '/u/cms/www/201309/22094915t8h1.jpg', ' 澳门大学横琴新校区大会堂。新华社记者张金加摄');
INSERT INTO "JEECMS"."JC_CONTENT_PICTURE" VALUES ('510', '4', '/u/cms/www/201309/22094918gnze.jpg', '7月19日，');
INSERT INTO "JEECMS"."JC_CONTENT_PICTURE" VALUES ('511', '0', '/u/cms/www/201309/22093458gynd.jpg', '9月9日，毛泽东亲');
INSERT INTO "JEECMS"."JC_CONTENT_PICTURE" VALUES ('511', '1', '/u/cms/www/201309/22093502mmft.jpg', '女儿李敏率子孙向毛泽东敬献的花篮。（中红网李学叶摄）');
INSERT INTO "JEECMS"."JC_CONTENT_PICTURE" VALUES ('511', '2', '/u/cms/www/201309/22093506l8pv.jpg', '毛泽东身边工作人员');
INSERT INTO "JEECMS"."JC_CONTENT_PICTURE" VALUES ('511', '3', '/u/cms/www/201309/22093509qm3l.jpg', '毛泽东身边工作人员');
INSERT INTO "JEECMS"."JC_CONTENT_PICTURE" VALUES ('511', '4', '/u/cms/www/201309/22093513srmf.jpg', ' 毛岸英生前妻子刘思齐（左一）与毛泽东侄外孙女毛雅慧在毛主席纪念堂。（中）（中红网李学叶摄）');
INSERT INTO "JEECMS"."JC_CONTENT_PICTURE" VALUES ('513', '0', '/u/cms/www/201309/12105715powr.jpg', '北影开学第一天');
INSERT INTO "JEECMS"."JC_CONTENT_PICTURE" VALUES ('513', '1', '/u/cms/www/201309/12105715u0i2.jpg', '北影开学第一天');
INSERT INTO "JEECMS"."JC_CONTENT_PICTURE" VALUES ('513', '2', '/u/cms/www/201309/12105716f0ks.jpg', '北影开学第一天');
INSERT INTO "JEECMS"."JC_CONTENT_PICTURE" VALUES ('513', '3', '/u/cms/www/201309/12105716avso.jpg', '北影开学第一天');
INSERT INTO "JEECMS"."JC_CONTENT_PICTURE" VALUES ('513', '4', '/u/cms/www/201309/12105716u081.jpg', '北影开学第一天');
INSERT INTO "JEECMS"."JC_CONTENT_PICTURE" VALUES ('513', '5', '/u/cms/www/201309/12105717rgdv.jpg', '北影开学第一天');
INSERT INTO "JEECMS"."JC_CONTENT_PICTURE" VALUES ('514', '0', '/u/cms/www/201309/12110240hrzh.jpg', '北影表演系新生自曝K歌照');
INSERT INTO "JEECMS"."JC_CONTENT_PICTURE" VALUES ('514', '1', '/u/cms/www/201309/12110145r34m.jpg', '北影表演系新生K歌竖中指');
INSERT INTO "JEECMS"."JC_CONTENT_PICTURE" VALUES ('514', '2', '/u/cms/www/201309/121101457hlo.jpg', '北影表演系新生自曝K歌照');
INSERT INTO "JEECMS"."JC_CONTENT_PICTURE" VALUES ('514', '3', '/u/cms/www/201309/12110146fexh.jpg', '北影表演系新生自曝K歌照');
INSERT INTO "JEECMS"."JC_CONTENT_PICTURE" VALUES ('514', '4', '/u/cms/www/201309/12110146ynj3.jpg', '北影表演系新生自曝K歌照');
INSERT INTO "JEECMS"."JC_CONTENT_PICTURE" VALUES ('515', '0', '/u/cms/www/201309/12110726rqp4.jpg', '中戏2013级开学典礼');
INSERT INTO "JEECMS"."JC_CONTENT_PICTURE" VALUES ('515', '1', '/u/cms/www/201309/12110726kcxc.jpg', '中戏2013级开学典礼');
INSERT INTO "JEECMS"."JC_CONTENT_PICTURE" VALUES ('515', '2', '/u/cms/www/201309/1211072762wj.jpg', '中戏2013级开学典礼');
INSERT INTO "JEECMS"."JC_CONTENT_PICTURE" VALUES ('515', '3', '/u/cms/www/201309/121107270owq.jpg', '中戏2013级开学典礼');
INSERT INTO "JEECMS"."JC_CONTENT_PICTURE" VALUES ('515', '4', '/u/cms/www/201309/12110728cz8z.jpg', '中戏2013级开学典礼');
INSERT INTO "JEECMS"."JC_CONTENT_PICTURE" VALUES ('515', '5', '/u/cms/www/201309/12110728hvna.jpg', '中戏2013级开学典礼');
INSERT INTO "JEECMS"."JC_CONTENT_PICTURE" VALUES ('516', '0', '/u/cms/www/201309/12111106zad3.jpg', '1994年8月27日');
INSERT INTO "JEECMS"."JC_CONTENT_PICTURE" VALUES ('516', '1', '/u/cms/www/201309/12111106zedy.jpg', '1977年冬天');
INSERT INTO "JEECMS"."JC_CONTENT_PICTURE" VALUES ('516', '2', '/u/cms/www/201309/12111106lobh.jpg', '1977年的招生对象为工人、农民、上山下乡和回乡知识青年、复原军人、干部和应届毕业生。');
INSERT INTO "JEECMS"."JC_CONTENT_PICTURE" VALUES ('516', '3', '/u/cms/www/201309/12111106jy1l.jpg', '1980年，开考前两名女生在交谈。她们的笑容给沉闷的考场带来一丝轻松的气息。摄影/任曙林');
INSERT INTO "JEECMS"."JC_CONTENT_PICTURE" VALUES ('516', '4', '/u/cms/www/201309/12111107ctqg.jpg', '1980年，高中教师于大卫在考场外鼓励学生。摄影/任曙林');
INSERT INTO "JEECMS"."JC_CONTENT_PICTURE" VALUES ('516', '5', '/u/cms/www/201309/12111107l4wg.jpg', '1986年，江苏省滨海县只有宋红斌一人通过艺术院校的复试，有参加高考的资格，因此考场里只有他一个人。这张准考证属于宋红斌。');
INSERT INTO "JEECMS"."JC_CONTENT_PICTURE" VALUES ('517', '0', '/u/cms/www/201309/12111518vk7v.jpg', '针对富人家的孩子');
INSERT INTO "JEECMS"."JC_CONTENT_PICTURE" VALUES ('517', '1', '/u/cms/www/201309/12111518l3p5.jpg', '在美国');
INSERT INTO "JEECMS"."JC_CONTENT_PICTURE" VALUES ('517', '2', '/u/cms/www/201309/12111518igwr.jpg', '216');
INSERT INTO "JEECMS"."JC_CONTENT_PICTURE" VALUES ('517', '3', '/u/cms/www/201309/12111518kvd2.jpg', '几个');
INSERT INTO "JEECMS"."JC_CONTENT_PICTURE" VALUES ('517', '4', '/u/cms/www/201309/121115195muw.jpg', '“波士顿大学顾问集团”的创始人AJRich告诉赫芬顿邮报说，这种类型的管家式服务已经早就出现了');
INSERT INTO "JEECMS"."JC_CONTENT_PICTURE" VALUES ('517', '5', '/u/cms/www/201309/12111519tyc2.jpg', '他认为他的公司所做的是”。');
INSERT INTO "JEECMS"."JC_CONTENT_PICTURE" VALUES ('518', '0', '/u/cms/www/201309/12112124imh5.jpg', '9月7日晚，在武汉华中师范大学佑铭体育馆内');
INSERT INTO "JEECMS"."JC_CONTENT_PICTURE" VALUES ('518', '1', '/u/cms/www/201309/121121253f1z.jpg', '9月7日晚，在武汉华中师范大学佑铭体育馆内，400余名学生家长集体打地铺过夜。楚林/东方IC');
INSERT INTO "JEECMS"."JC_CONTENT_PICTURE" VALUES ('518', '2', '/u/cms/www/201309/121121265tk1.jpg', '9月7日晚，在武汉华中师范大学佑铭体育馆内，400余名学生家长集体打地铺过夜。楚林/东方IC');
INSERT INTO "JEECMS"."JC_CONTENT_PICTURE" VALUES ('518', '3', '/u/cms/www/201309/121121267h0z.jpg', '9月7日晚，在武汉华中师范大学佑铭体育馆内，400余名学生家长集体打地铺过夜。楚林/东方IC');
INSERT INTO "JEECMS"."JC_CONTENT_PICTURE" VALUES ('518', '4', '/u/cms/www/201309/12112127795n.jpg', '9月7日晚，在武汉华中师范大学佑铭体育馆内，400余名学生家长集体打地铺过夜。楚林/东方IC');
INSERT INTO "JEECMS"."JC_CONTENT_PICTURE" VALUES ('518', '5', '/u/cms/www/201309/12112128ltfy.jpg', '9月7日晚，在武汉华中师范大学佑铭体育馆内，400余名学生家长集体打地铺过夜。楚林/东方IC');
INSERT INTO "JEECMS"."JC_CONTENT_PICTURE" VALUES ('519', '0', '/u/cms/www/201309/12120435rmvm.jpg', '李冰冰');
INSERT INTO "JEECMS"."JC_CONTENT_PICTURE" VALUES ('519', '1', '/u/cms/www/201309/12120436on4w.jpg', '李冰冰');
INSERT INTO "JEECMS"."JC_CONTENT_PICTURE" VALUES ('519', '2', '/u/cms/www/201309/121204384v5d.jpg', '李冰冰');
INSERT INTO "JEECMS"."JC_CONTENT_PICTURE" VALUES ('519', '3', '/u/cms/www/201309/121204408a3o.jpg', '李冰冰');
INSERT INTO "JEECMS"."JC_CONTENT_PICTURE" VALUES ('519', '4', '/u/cms/www/201309/1212044200gm.jpg', '李冰冰');
INSERT INTO "JEECMS"."JC_CONTENT_PICTURE" VALUES ('520', '0', '/u/cms/www/201309/12134158qzrx.jpg', '刘德华');
INSERT INTO "JEECMS"."JC_CONTENT_PICTURE" VALUES ('520', '1', '/u/cms/www/201309/12134158q84h.jpg', '刘德华');
INSERT INTO "JEECMS"."JC_CONTENT_PICTURE" VALUES ('520', '2', '/u/cms/www/201309/12134159kbxa.jpg', '刘德华');
INSERT INTO "JEECMS"."JC_CONTENT_PICTURE" VALUES ('520', '3', '/u/cms/www/201309/12134159robe.jpg', '刘德华');
INSERT INTO "JEECMS"."JC_CONTENT_PICTURE" VALUES ('520', '4', '/u/cms/www/201309/121341597c2x.jpg', '刘德华');

-- ----------------------------
-- Table structure for JC_CONTENT_SHARE_CHECK
-- ----------------------------
DROP TABLE "JEECMS"."JC_CONTENT_SHARE_CHECK";
CREATE TABLE "JEECMS"."JC_CONTENT_SHARE_CHECK" (
"SHARE_CHECK_ID" NUMBER(11) NOT NULL ,
"CONTENT_ID" NUMBER(11) NOT NULL ,
"CHANNEL_ID" NUMBER(11) NOT NULL ,
"CHECK_STATUS" NUMBER(1) DEFAULT 0  NOT NULL ,
"CHECK_OPINION" VARCHAR2(255 BYTE) NULL ,
"SHARE_VALID" NUMBER(1) DEFAULT 0  NOT NULL 
)
LOGGING
NOCOMPRESS
NOCACHE

;
COMMENT ON TABLE "JEECMS"."JC_CONTENT_SHARE_CHECK" IS 'CMS共享内容审核信息表;';
COMMENT ON COLUMN "JEECMS"."JC_CONTENT_SHARE_CHECK"."CONTENT_ID" IS '共享内容';
COMMENT ON COLUMN "JEECMS"."JC_CONTENT_SHARE_CHECK"."CHANNEL_ID" IS '共享栏目';
COMMENT ON COLUMN "JEECMS"."JC_CONTENT_SHARE_CHECK"."CHECK_STATUS" IS '审核状态 0待审核 1审核通过 2推送';
COMMENT ON COLUMN "JEECMS"."JC_CONTENT_SHARE_CHECK"."CHECK_OPINION" IS '审核意见';
COMMENT ON COLUMN "JEECMS"."JC_CONTENT_SHARE_CHECK"."SHARE_VALID" IS '共享有效性';

-- ----------------------------
-- Records of JC_CONTENT_SHARE_CHECK
-- ----------------------------

-- ----------------------------
-- Table structure for JC_CONTENT_TAG
-- ----------------------------
DROP TABLE "JEECMS"."JC_CONTENT_TAG";
CREATE TABLE "JEECMS"."JC_CONTENT_TAG" (
"TAG_ID" NUMBER(11) NOT NULL ,
"TAG_NAME" VARCHAR2(50 BYTE) NOT NULL ,
"REF_COUNTER" NUMBER(11) DEFAULT 1  NOT NULL 
)
LOGGING
NOCOMPRESS
NOCACHE

;
COMMENT ON TABLE "JEECMS"."JC_CONTENT_TAG" IS 'CMS内容TAG表;';
COMMENT ON COLUMN "JEECMS"."JC_CONTENT_TAG"."TAG_NAME" IS 'tag名称';
COMMENT ON COLUMN "JEECMS"."JC_CONTENT_TAG"."REF_COUNTER" IS '被引用的次数';

-- ----------------------------
-- Records of JC_CONTENT_TAG
-- ----------------------------
INSERT INTO "JEECMS"."JC_CONTENT_TAG" VALUES ('1', '2011', '1');
INSERT INTO "JEECMS"."JC_CONTENT_TAG" VALUES ('2', '中国', '1');
INSERT INTO "JEECMS"."JC_CONTENT_TAG" VALUES ('9', '机构', '0');
INSERT INTO "JEECMS"."JC_CONTENT_TAG" VALUES ('16', '基金', '2');
INSERT INTO "JEECMS"."JC_CONTENT_TAG" VALUES ('52', '调控', '0');
INSERT INTO "JEECMS"."JC_CONTENT_TAG" VALUES ('73', '中级', '1');
INSERT INTO "JEECMS"."JC_CONTENT_TAG" VALUES ('74', 'java', '1');
INSERT INTO "JEECMS"."JC_CONTENT_TAG" VALUES ('75', '工程师', '1');
INSERT INTO "JEECMS"."JC_CONTENT_TAG" VALUES ('81', '治近视', '1');
INSERT INTO "JEECMS"."JC_CONTENT_TAG" VALUES ('82', '安倍', '1');
INSERT INTO "JEECMS"."JC_CONTENT_TAG" VALUES ('83', '日', '1');
INSERT INTO "JEECMS"."JC_CONTENT_TAG" VALUES ('84', '自卫队', '1');
INSERT INTO "JEECMS"."JC_CONTENT_TAG" VALUES ('85', '将', '1');
INSERT INTO "JEECMS"."JC_CONTENT_TAG" VALUES ('86', '跟随', '1');
INSERT INTO "JEECMS"."JC_CONTENT_TAG" VALUES ('87', '美军', '1');
INSERT INTO "JEECMS"."JC_CONTENT_TAG" VALUES ('88', '到', '1');
INSERT INTO "JEECMS"."JC_CONTENT_TAG" VALUES ('89', '世界', '1');
INSERT INTO "JEECMS"."JC_CONTENT_TAG" VALUES ('90', '任何', '1');
INSERT INTO "JEECMS"."JC_CONTENT_TAG" VALUES ('91', '一个', '1');
INSERT INTO "JEECMS"."JC_CONTENT_TAG" VALUES ('92', '角落', '1');
INSERT INTO "JEECMS"."JC_CONTENT_TAG" VALUES ('93', '巴基斯坦', '1');
INSERT INTO "JEECMS"."JC_CONTENT_TAG" VALUES ('94', '7.7级', '1');
INSERT INTO "JEECMS"."JC_CONTENT_TAG" VALUES ('95', '地震', '1');
INSERT INTO "JEECMS"."JC_CONTENT_TAG" VALUES ('96', '震中', '1');
INSERT INTO "JEECMS"."JC_CONTENT_TAG" VALUES ('97', '地区', '1');
INSERT INTO "JEECMS"."JC_CONTENT_TAG" VALUES ('98', '超', '1');
INSERT INTO "JEECMS"."JC_CONTENT_TAG" VALUES ('99', '9成', '1');
INSERT INTO "JEECMS"."JC_CONTENT_TAG" VALUES ('100', '房屋', '1');
INSERT INTO "JEECMS"."JC_CONTENT_TAG" VALUES ('101', '倒塌', '1');
INSERT INTO "JEECMS"."JC_CONTENT_TAG" VALUES ('102', '凌', '1');
INSERT INTO "JEECMS"."JC_CONTENT_TAG" VALUES ('103', '寒', '1');
INSERT INTO "JEECMS"."JC_CONTENT_TAG" VALUES ('104', '劝', '1');
INSERT INTO "JEECMS"."JC_CONTENT_TAG" VALUES ('105', '禁食', '1');
INSERT INTO "JEECMS"."JC_CONTENT_TAG" VALUES ('106', '遭打', '1');
INSERT INTO "JEECMS"."JC_CONTENT_TAG" VALUES ('107', '莫让', '1');
INSERT INTO "JEECMS"."JC_CONTENT_TAG" VALUES ('108', '公共', '1');
INSERT INTO "JEECMS"."JC_CONTENT_TAG" VALUES ('109', '规范', '1');
INSERT INTO "JEECMS"."JC_CONTENT_TAG" VALUES ('110', '变', '1');
INSERT INTO "JEECMS"."JC_CONTENT_TAG" VALUES ('111', '私人', '1');
INSERT INTO "JEECMS"."JC_CONTENT_TAG" VALUES ('112', '恩怨', '1');
INSERT INTO "JEECMS"."JC_CONTENT_TAG" VALUES ('113', '邓', '1');
INSERT INTO "JEECMS"."JC_CONTENT_TAG" VALUES ('114', '聿', '1');
INSERT INTO "JEECMS"."JC_CONTENT_TAG" VALUES ('115', '文', '1');
INSERT INTO "JEECMS"."JC_CONTENT_TAG" VALUES ('116', '激活', '1');
INSERT INTO "JEECMS"."JC_CONTENT_TAG" VALUES ('117', '批评和自我批评', '1');
INSERT INTO "JEECMS"."JC_CONTENT_TAG" VALUES ('118', '这个', '1');
INSERT INTO "JEECMS"."JC_CONTENT_TAG" VALUES ('119', '武器', '1');
INSERT INTO "JEECMS"."JC_CONTENT_TAG" VALUES ('120', '牛', '1');
INSERT INTO "JEECMS"."JC_CONTENT_TAG" VALUES ('121', '新春', '1');
INSERT INTO "JEECMS"."JC_CONTENT_TAG" VALUES ('122', '要', '1');
INSERT INTO "JEECMS"."JC_CONTENT_TAG" VALUES ('123', '下决心', '1');
INSERT INTO "JEECMS"."JC_CONTENT_TAG" VALUES ('124', '恢复', '1');
INSERT INTO "JEECMS"."JC_CONTENT_TAG" VALUES ('125', '自行车', '1');
INSERT INTO "JEECMS"."JC_CONTENT_TAG" VALUES ('126', '路', '1');
INSERT INTO "JEECMS"."JC_CONTENT_TAG" VALUES ('127', '权', '1');
INSERT INTO "JEECMS"."JC_CONTENT_TAG" VALUES ('128', '刘', '1');
INSERT INTO "JEECMS"."JC_CONTENT_TAG" VALUES ('129', '迎', '1');
INSERT INTO "JEECMS"."JC_CONTENT_TAG" VALUES ('130', '秋', '1');
INSERT INTO "JEECMS"."JC_CONTENT_TAG" VALUES ('131', '新自由主义', '1');
INSERT INTO "JEECMS"."JC_CONTENT_TAG" VALUES ('132', '究竟', '1');
INSERT INTO "JEECMS"."JC_CONTENT_TAG" VALUES ('133', '是什么', '1');
INSERT INTO "JEECMS"."JC_CONTENT_TAG" VALUES ('134', '江苏省委', '1');
INSERT INTO "JEECMS"."JC_CONTENT_TAG" VALUES ('135', '常委会', '1');
INSERT INTO "JEECMS"."JC_CONTENT_TAG" VALUES ('136', '召开', '1');
INSERT INTO "JEECMS"."JC_CONTENT_TAG" VALUES ('137', '民主生活会', '1');
INSERT INTO "JEECMS"."JC_CONTENT_TAG" VALUES ('138', '常委', '1');
INSERT INTO "JEECMS"."JC_CONTENT_TAG" VALUES ('139', '自己', '1');
INSERT INTO "JEECMS"."JC_CONTENT_TAG" VALUES ('140', '写', '1');
INSERT INTO "JEECMS"."JC_CONTENT_TAG" VALUES ('141', '材料', '1');
INSERT INTO "JEECMS"."JC_CONTENT_TAG" VALUES ('142', '江苏', '1');
INSERT INTO "JEECMS"."JC_CONTENT_TAG" VALUES ('143', '扬中', '1');
INSERT INTO "JEECMS"."JC_CONTENT_TAG" VALUES ('144', '7000万', '1');
INSERT INTO "JEECMS"."JC_CONTENT_TAG" VALUES ('145', '建', '1');
INSERT INTO "JEECMS"."JC_CONTENT_TAG" VALUES ('146', '地标', '1');
INSERT INTO "JEECMS"."JC_CONTENT_TAG" VALUES ('147', '河豚', '1');
INSERT INTO "JEECMS"."JC_CONTENT_TAG" VALUES ('148', '塔', '1');
INSERT INTO "JEECMS"."JC_CONTENT_TAG" VALUES ('149', '正', '1');
INSERT INTO "JEECMS"."JC_CONTENT_TAG" VALUES ('150', '申报', '1');
INSERT INTO "JEECMS"."JC_CONTENT_TAG" VALUES ('151', '吉尼斯纪录', '1');
INSERT INTO "JEECMS"."JC_CONTENT_TAG" VALUES ('152', '南宁', '1');
INSERT INTO "JEECMS"."JC_CONTENT_TAG" VALUES ('153', '拟', '1');
INSERT INTO "JEECMS"."JC_CONTENT_TAG" VALUES ('154', '规定', '1');
INSERT INTO "JEECMS"."JC_CONTENT_TAG" VALUES ('155', '公交', '1');
INSERT INTO "JEECMS"."JC_CONTENT_TAG" VALUES ('156', '乘客', '1');
INSERT INTO "JEECMS"."JC_CONTENT_TAG" VALUES ('157', '拒', '1');
INSERT INTO "JEECMS"."JC_CONTENT_TAG" VALUES ('158', '老弱', '1');
INSERT INTO "JEECMS"."JC_CONTENT_TAG" VALUES ('159', '让座', '1');
INSERT INTO "JEECMS"."JC_CONTENT_TAG" VALUES ('160', '可被', '1');
INSERT INTO "JEECMS"."JC_CONTENT_TAG" VALUES ('161', '赶', '1');
INSERT INTO "JEECMS"."JC_CONTENT_TAG" VALUES ('162', '下车', '1');
INSERT INTO "JEECMS"."JC_CONTENT_TAG" VALUES ('163', '小规模', '1');
INSERT INTO "JEECMS"."JC_CONTENT_TAG" VALUES ('164', '股', '4');
INSERT INTO "JEECMS"."JC_CONTENT_TAG" VALUES ('165', '基', '2');
INSERT INTO "JEECMS"."JC_CONTENT_TAG" VALUES ('166', '重仓', '2');
INSERT INTO "JEECMS"."JC_CONTENT_TAG" VALUES ('167', '创业板', '4');
INSERT INTO "JEECMS"."JC_CONTENT_TAG" VALUES ('168', '平均', '1');
INSERT INTO "JEECMS"."JC_CONTENT_TAG" VALUES ('169', '21', '1');
INSERT INTO "JEECMS"."JC_CONTENT_TAG" VALUES ('170', '回报率', '1');
INSERT INTO "JEECMS"."JC_CONTENT_TAG" VALUES ('171', '领跑', '1');
INSERT INTO "JEECMS"."JC_CONTENT_TAG" VALUES ('172', '指数', '1');
INSERT INTO "JEECMS"."JC_CONTENT_TAG" VALUES ('173', '年内', '1');
INSERT INTO "JEECMS"."JC_CONTENT_TAG" VALUES ('174', '涨', '1');
INSERT INTO "JEECMS"."JC_CONTENT_TAG" VALUES ('175', '83', '1');
INSERT INTO "JEECMS"."JC_CONTENT_TAG" VALUES ('176', '潜伏', '1');
INSERT INTO "JEECMS"."JC_CONTENT_TAG" VALUES ('177', '四成', '1');
INSERT INTO "JEECMS"."JC_CONTENT_TAG" VALUES ('178', '华宝', '1');
INSERT INTO "JEECMS"."JC_CONTENT_TAG" VALUES ('179', '行业', '1');
INSERT INTO "JEECMS"."JC_CONTENT_TAG" VALUES ('180', '持', '2');
INSERT INTO "JEECMS"."JC_CONTENT_TAG" VALUES ('181', '3只', '1');
INSERT INTO "JEECMS"."JC_CONTENT_TAG" VALUES ('182', '市值', '1');
INSERT INTO "JEECMS"."JC_CONTENT_TAG" VALUES ('183', '20.75', '1');
INSERT INTO "JEECMS"."JC_CONTENT_TAG" VALUES ('184', '亿元', '1');
INSERT INTO "JEECMS"."JC_CONTENT_TAG" VALUES ('185', '居首', '1');
INSERT INTO "JEECMS"."JC_CONTENT_TAG" VALUES ('186', '李嘉诚', '1');
INSERT INTO "JEECMS"."JC_CONTENT_TAG" VALUES ('187', '李', '1');
INSERT INTO "JEECMS"."JC_CONTENT_TAG" VALUES ('188', '兆', '1');
INSERT INTO "JEECMS"."JC_CONTENT_TAG" VALUES ('189', '变身', '1');
INSERT INTO "JEECMS"."JC_CONTENT_TAG" VALUES ('190', '淡', '1');
INSERT INTO "JEECMS"."JC_CONTENT_TAG" VALUES ('191', '友', '1');
INSERT INTO "JEECMS"."JC_CONTENT_TAG" VALUES ('192', '业绩', '1');
INSERT INTO "JEECMS"."JC_CONTENT_TAG" VALUES ('193', '后', '1');
INSERT INTO "JEECMS"."JC_CONTENT_TAG" VALUES ('194', '未', '1');
INSERT INTO "JEECMS"."JC_CONTENT_TAG" VALUES ('195', '增', '1');
INSERT INTO "JEECMS"."JC_CONTENT_TAG" VALUES ('196', '爱', '1');
INSERT INTO "JEECMS"."JC_CONTENT_TAG" VALUES ('197', '瑞', '1');
INSERT INTO "JEECMS"."JC_CONTENT_TAG" VALUES ('198', '信', '1');
INSERT INTO "JEECMS"."JC_CONTENT_TAG" VALUES ('199', '轮', '1');
INSERT INTO "JEECMS"."JC_CONTENT_TAG" VALUES ('200', '证', '1');
INSERT INTO "JEECMS"."JC_CONTENT_TAG" VALUES ('201', '腾讯', '1');
INSERT INTO "JEECMS"."JC_CONTENT_TAG" VALUES ('202', '十', '1');
INSERT INTO "JEECMS"."JC_CONTENT_TAG" VALUES ('203', '天线', '1');
INSERT INTO "JEECMS"."JC_CONTENT_TAG" VALUES ('204', '争持', '1');
INSERT INTO "JEECMS"."JC_CONTENT_TAG" VALUES ('205', 'a股', '1');
INSERT INTO "JEECMS"."JC_CONTENT_TAG" VALUES ('206', '假', '1');
INSERT INTO "JEECMS"."JC_CONTENT_TAG" VALUES ('207', '前', '1');
INSERT INTO "JEECMS"."JC_CONTENT_TAG" VALUES ('208', '续', '1');
INSERT INTO "JEECMS"."JC_CONTENT_TAG" VALUES ('209', '软', '1');

-- ----------------------------
-- Table structure for JC_CONTENT_TOPIC
-- ----------------------------
DROP TABLE "JEECMS"."JC_CONTENT_TOPIC";
CREATE TABLE "JEECMS"."JC_CONTENT_TOPIC" (
"CONTENT_ID" NUMBER(11) NOT NULL ,
"TOPIC_ID" NUMBER(11) NOT NULL 
)
LOGGING
NOCOMPRESS
NOCACHE

;
COMMENT ON TABLE "JEECMS"."JC_CONTENT_TOPIC" IS 'CMS专题内容关联表;';

-- ----------------------------
-- Records of JC_CONTENT_TOPIC
-- ----------------------------

-- ----------------------------
-- Table structure for JC_CONTENT_TXT
-- ----------------------------
DROP TABLE "JEECMS"."JC_CONTENT_TXT";
CREATE TABLE "JEECMS"."JC_CONTENT_TXT" (
"CONTENT_ID" NUMBER(11) NOT NULL ,
"TXT" CLOB NULL ,
"TXT1" CLOB NULL ,
"TXT2" CLOB NULL ,
"TXT3" CLOB NULL 
)
LOGGING
NOCOMPRESS
NOCACHE

;
COMMENT ON TABLE "JEECMS"."JC_CONTENT_TXT" IS 'CMS内容文本表;';
COMMENT ON COLUMN "JEECMS"."JC_CONTENT_TXT"."TXT" IS '文章内容';
COMMENT ON COLUMN "JEECMS"."JC_CONTENT_TXT"."TXT1" IS '扩展内容1';
COMMENT ON COLUMN "JEECMS"."JC_CONTENT_TXT"."TXT2" IS '扩展内容2';
COMMENT ON COLUMN "JEECMS"."JC_CONTENT_TXT"."TXT3" IS '扩展内容3';

-- ----------------------------
-- Records of JC_CONTENT_TXT
-- ----------------------------

-- ----------------------------
-- Table structure for JC_CONTENT_TYPE
-- ----------------------------
DROP TABLE "JEECMS"."JC_CONTENT_TYPE";
CREATE TABLE "JEECMS"."JC_CONTENT_TYPE" (
"TYPE_ID" NUMBER(11) NOT NULL ,
"TYPE_NAME" VARCHAR2(20 BYTE) NOT NULL ,
"IMG_WIDTH" NUMBER(11) NULL ,
"IMG_HEIGHT" NUMBER(11) NULL ,
"HAS_IMAGE" NUMBER(1) DEFAULT 0  NOT NULL ,
"IS_DISABLED" NUMBER(1) DEFAULT 0  NOT NULL 
)
LOGGING
NOCOMPRESS
NOCACHE

;
COMMENT ON TABLE "JEECMS"."JC_CONTENT_TYPE" IS 'CMS内容类型表;';
COMMENT ON COLUMN "JEECMS"."JC_CONTENT_TYPE"."TYPE_NAME" IS '名称';
COMMENT ON COLUMN "JEECMS"."JC_CONTENT_TYPE"."IMG_WIDTH" IS '图片宽';
COMMENT ON COLUMN "JEECMS"."JC_CONTENT_TYPE"."IMG_HEIGHT" IS '图片高';
COMMENT ON COLUMN "JEECMS"."JC_CONTENT_TYPE"."HAS_IMAGE" IS '是否有图片';
COMMENT ON COLUMN "JEECMS"."JC_CONTENT_TYPE"."IS_DISABLED" IS '是否禁用';

-- ----------------------------
-- Records of JC_CONTENT_TYPE
-- ----------------------------
INSERT INTO "JEECMS"."JC_CONTENT_TYPE" VALUES ('1', '普通', '100', '100', '0', '0');
INSERT INTO "JEECMS"."JC_CONTENT_TYPE" VALUES ('2', '图文', '143', '98', '1', '0');
INSERT INTO "JEECMS"."JC_CONTENT_TYPE" VALUES ('3', '焦点', '280', '200', '1', '0');
INSERT INTO "JEECMS"."JC_CONTENT_TYPE" VALUES ('4', '头条', '0', '0', '0', '0');

-- ----------------------------
-- Table structure for JC_CONTENTTAG
-- ----------------------------
DROP TABLE "JEECMS"."JC_CONTENTTAG";
CREATE TABLE "JEECMS"."JC_CONTENTTAG" (
"CONTENT_ID" NUMBER(11) NOT NULL ,
"TAG_ID" NUMBER(11) NOT NULL ,
"PRIORITY" NUMBER(11) NOT NULL 
)
LOGGING
NOCOMPRESS
NOCACHE

;
COMMENT ON TABLE "JEECMS"."JC_CONTENTTAG" IS 'CMS内容标签关联表;';

-- ----------------------------
-- Records of JC_CONTENTTAG
-- ----------------------------
INSERT INTO "JEECMS"."JC_CONTENTTAG" VALUES ('553', '73', '0');
INSERT INTO "JEECMS"."JC_CONTENTTAG" VALUES ('553', '74', '1');
INSERT INTO "JEECMS"."JC_CONTENTTAG" VALUES ('553', '75', '2');
INSERT INTO "JEECMS"."JC_CONTENTTAG" VALUES ('558', '81', '0');
INSERT INTO "JEECMS"."JC_CONTENTTAG" VALUES ('559', '82', '0');
INSERT INTO "JEECMS"."JC_CONTENTTAG" VALUES ('559', '83', '1');
INSERT INTO "JEECMS"."JC_CONTENTTAG" VALUES ('559', '84', '2');
INSERT INTO "JEECMS"."JC_CONTENTTAG" VALUES ('559', '85', '3');
INSERT INTO "JEECMS"."JC_CONTENTTAG" VALUES ('559', '86', '4');
INSERT INTO "JEECMS"."JC_CONTENTTAG" VALUES ('559', '87', '5');
INSERT INTO "JEECMS"."JC_CONTENTTAG" VALUES ('559', '88', '6');
INSERT INTO "JEECMS"."JC_CONTENTTAG" VALUES ('559', '89', '7');
INSERT INTO "JEECMS"."JC_CONTENTTAG" VALUES ('559', '90', '8');
INSERT INTO "JEECMS"."JC_CONTENTTAG" VALUES ('559', '91', '9');
INSERT INTO "JEECMS"."JC_CONTENTTAG" VALUES ('559', '92', '10');
INSERT INTO "JEECMS"."JC_CONTENTTAG" VALUES ('560', '93', '0');
INSERT INTO "JEECMS"."JC_CONTENTTAG" VALUES ('560', '94', '1');
INSERT INTO "JEECMS"."JC_CONTENTTAG" VALUES ('560', '95', '2');
INSERT INTO "JEECMS"."JC_CONTENTTAG" VALUES ('560', '96', '3');
INSERT INTO "JEECMS"."JC_CONTENTTAG" VALUES ('560', '97', '4');
INSERT INTO "JEECMS"."JC_CONTENTTAG" VALUES ('560', '98', '5');
INSERT INTO "JEECMS"."JC_CONTENTTAG" VALUES ('560', '99', '6');
INSERT INTO "JEECMS"."JC_CONTENTTAG" VALUES ('560', '100', '7');
INSERT INTO "JEECMS"."JC_CONTENTTAG" VALUES ('560', '101', '8');
INSERT INTO "JEECMS"."JC_CONTENTTAG" VALUES ('564', '128', '0');
INSERT INTO "JEECMS"."JC_CONTENTTAG" VALUES ('564', '129', '1');
INSERT INTO "JEECMS"."JC_CONTENTTAG" VALUES ('564', '130', '2');
INSERT INTO "JEECMS"."JC_CONTENTTAG" VALUES ('564', '131', '3');
INSERT INTO "JEECMS"."JC_CONTENTTAG" VALUES ('564', '132', '4');
INSERT INTO "JEECMS"."JC_CONTENTTAG" VALUES ('564', '133', '5');
INSERT INTO "JEECMS"."JC_CONTENTTAG" VALUES ('565', '134', '0');
INSERT INTO "JEECMS"."JC_CONTENTTAG" VALUES ('565', '135', '1');
INSERT INTO "JEECMS"."JC_CONTENTTAG" VALUES ('565', '136', '2');
INSERT INTO "JEECMS"."JC_CONTENTTAG" VALUES ('565', '137', '3');
INSERT INTO "JEECMS"."JC_CONTENTTAG" VALUES ('565', '138', '4');
INSERT INTO "JEECMS"."JC_CONTENTTAG" VALUES ('565', '139', '5');
INSERT INTO "JEECMS"."JC_CONTENTTAG" VALUES ('565', '140', '6');
INSERT INTO "JEECMS"."JC_CONTENTTAG" VALUES ('565', '141', '7');
INSERT INTO "JEECMS"."JC_CONTENTTAG" VALUES ('566', '142', '0');
INSERT INTO "JEECMS"."JC_CONTENTTAG" VALUES ('566', '143', '1');
INSERT INTO "JEECMS"."JC_CONTENTTAG" VALUES ('566', '144', '2');
INSERT INTO "JEECMS"."JC_CONTENTTAG" VALUES ('566', '145', '3');
INSERT INTO "JEECMS"."JC_CONTENTTAG" VALUES ('566', '146', '4');
INSERT INTO "JEECMS"."JC_CONTENTTAG" VALUES ('566', '147', '5');
INSERT INTO "JEECMS"."JC_CONTENTTAG" VALUES ('566', '148', '6');
INSERT INTO "JEECMS"."JC_CONTENTTAG" VALUES ('566', '149', '7');
INSERT INTO "JEECMS"."JC_CONTENTTAG" VALUES ('566', '150', '8');
INSERT INTO "JEECMS"."JC_CONTENTTAG" VALUES ('566', '151', '9');
INSERT INTO "JEECMS"."JC_CONTENTTAG" VALUES ('567', '152', '0');
INSERT INTO "JEECMS"."JC_CONTENTTAG" VALUES ('567', '153', '1');
INSERT INTO "JEECMS"."JC_CONTENTTAG" VALUES ('567', '154', '2');
INSERT INTO "JEECMS"."JC_CONTENTTAG" VALUES ('567', '155', '3');
INSERT INTO "JEECMS"."JC_CONTENTTAG" VALUES ('567', '156', '4');
INSERT INTO "JEECMS"."JC_CONTENTTAG" VALUES ('567', '157', '5');
INSERT INTO "JEECMS"."JC_CONTENTTAG" VALUES ('567', '158', '6');
INSERT INTO "JEECMS"."JC_CONTENTTAG" VALUES ('567', '159', '7');
INSERT INTO "JEECMS"."JC_CONTENTTAG" VALUES ('567', '160', '8');
INSERT INTO "JEECMS"."JC_CONTENTTAG" VALUES ('567', '161', '9');
INSERT INTO "JEECMS"."JC_CONTENTTAG" VALUES ('567', '162', '10');
INSERT INTO "JEECMS"."JC_CONTENTTAG" VALUES ('569', '167', '0');
INSERT INTO "JEECMS"."JC_CONTENTTAG" VALUES ('569', '172', '1');
INSERT INTO "JEECMS"."JC_CONTENTTAG" VALUES ('569', '173', '2');
INSERT INTO "JEECMS"."JC_CONTENTTAG" VALUES ('569', '174', '3');
INSERT INTO "JEECMS"."JC_CONTENTTAG" VALUES ('569', '175', '4');
INSERT INTO "JEECMS"."JC_CONTENTTAG" VALUES ('569', '16', '5');
INSERT INTO "JEECMS"."JC_CONTENTTAG" VALUES ('569', '166', '6');
INSERT INTO "JEECMS"."JC_CONTENTTAG" VALUES ('569', '176', '7');
INSERT INTO "JEECMS"."JC_CONTENTTAG" VALUES ('569', '177', '8');
INSERT INTO "JEECMS"."JC_CONTENTTAG" VALUES ('569', '167', '9');
INSERT INTO "JEECMS"."JC_CONTENTTAG" VALUES ('569', '164', '10');
INSERT INTO "JEECMS"."JC_CONTENTTAG" VALUES ('571', '186', '0');
INSERT INTO "JEECMS"."JC_CONTENTTAG" VALUES ('571', '187', '1');
INSERT INTO "JEECMS"."JC_CONTENTTAG" VALUES ('571', '188', '2');
INSERT INTO "JEECMS"."JC_CONTENTTAG" VALUES ('571', '165', '3');
INSERT INTO "JEECMS"."JC_CONTENTTAG" VALUES ('571', '189', '4');
INSERT INTO "JEECMS"."JC_CONTENTTAG" VALUES ('571', '190', '5');
INSERT INTO "JEECMS"."JC_CONTENTTAG" VALUES ('571', '191', '6');
INSERT INTO "JEECMS"."JC_CONTENTTAG" VALUES ('571', '192', '7');
INSERT INTO "JEECMS"."JC_CONTENTTAG" VALUES ('571', '193', '8');
INSERT INTO "JEECMS"."JC_CONTENTTAG" VALUES ('571', '194', '9');
INSERT INTO "JEECMS"."JC_CONTENTTAG" VALUES ('571', '195', '10');
INSERT INTO "JEECMS"."JC_CONTENTTAG" VALUES ('571', '180', '11');
INSERT INTO "JEECMS"."JC_CONTENTTAG" VALUES ('571', '196', '12');
INSERT INTO "JEECMS"."JC_CONTENTTAG" VALUES ('571', '164', '13');
INSERT INTO "JEECMS"."JC_CONTENTTAG" VALUES ('572', '197', '0');
INSERT INTO "JEECMS"."JC_CONTENTTAG" VALUES ('572', '198', '1');
INSERT INTO "JEECMS"."JC_CONTENTTAG" VALUES ('572', '199', '2');
INSERT INTO "JEECMS"."JC_CONTENTTAG" VALUES ('572', '200', '3');
INSERT INTO "JEECMS"."JC_CONTENTTAG" VALUES ('572', '201', '4');
INSERT INTO "JEECMS"."JC_CONTENTTAG" VALUES ('572', '202', '5');
INSERT INTO "JEECMS"."JC_CONTENTTAG" VALUES ('572', '203', '6');
INSERT INTO "JEECMS"."JC_CONTENTTAG" VALUES ('572', '204', '7');
INSERT INTO "JEECMS"."JC_CONTENTTAG" VALUES ('572', '205', '8');
INSERT INTO "JEECMS"."JC_CONTENTTAG" VALUES ('572', '206', '9');
INSERT INTO "JEECMS"."JC_CONTENTTAG" VALUES ('572', '207', '10');
INSERT INTO "JEECMS"."JC_CONTENTTAG" VALUES ('572', '208', '11');
INSERT INTO "JEECMS"."JC_CONTENTTAG" VALUES ('572', '209', '12');

-- ----------------------------
-- Table structure for JC_DEPARTMENT
-- ----------------------------
DROP TABLE "JEECMS"."JC_DEPARTMENT";
CREATE TABLE "JEECMS"."JC_DEPARTMENT" (
"DEPART_ID" NUMBER(11) NOT NULL ,
"DEPART_NAME" VARCHAR2(255 BYTE) NOT NULL ,
"SITE_ID" NUMBER(11) DEFAULT 0  NULL ,
"PRIORITY" NUMBER(11) DEFAULT 1  NOT NULL ,
"WEIGHTS" NUMBER(11) DEFAULT 1  NOT NULL ,
"PARENT_ID" NUMBER(11) NULL 
)
LOGGING
NOCOMPRESS
NOCACHE

;
COMMENT ON TABLE "JEECMS"."JC_DEPARTMENT" IS '部门;';
COMMENT ON COLUMN "JEECMS"."JC_DEPARTMENT"."DEPART_NAME" IS '部门名称';
COMMENT ON COLUMN "JEECMS"."JC_DEPARTMENT"."SITE_ID" IS '站点';
COMMENT ON COLUMN "JEECMS"."JC_DEPARTMENT"."PRIORITY" IS '排序';
COMMENT ON COLUMN "JEECMS"."JC_DEPARTMENT"."WEIGHTS" IS '权重(值越大，级别越高)';
COMMENT ON COLUMN "JEECMS"."JC_DEPARTMENT"."PARENT_ID" IS '父级部门ID';

-- ----------------------------
-- Records of JC_DEPARTMENT
-- ----------------------------
INSERT INTO "JEECMS"."JC_DEPARTMENT" VALUES ('1', '总公司', null, '1', '1', null);
INSERT INTO "JEECMS"."JC_DEPARTMENT" VALUES ('2', '运营处', null, '2', '1', null);
INSERT INTO "JEECMS"."JC_DEPARTMENT" VALUES ('3', '销售部门', null, '3', '1', null);

-- ----------------------------
-- Table structure for JC_DICTIONARY
-- ----------------------------
DROP TABLE "JEECMS"."JC_DICTIONARY";
CREATE TABLE "JEECMS"."JC_DICTIONARY" (
"ID" NUMBER(11) NOT NULL ,
"NAME" VARCHAR2(255 BYTE) NOT NULL ,
"VALUE" VARCHAR2(255 BYTE) NOT NULL ,
"TYPE" VARCHAR2(255 BYTE) NOT NULL 
)
LOGGING
NOCOMPRESS
NOCACHE

;
COMMENT ON TABLE "JEECMS"."JC_DICTIONARY" IS '字典表;';
COMMENT ON COLUMN "JEECMS"."JC_DICTIONARY"."NAME" IS 'name';
COMMENT ON COLUMN "JEECMS"."JC_DICTIONARY"."VALUE" IS 'value';
COMMENT ON COLUMN "JEECMS"."JC_DICTIONARY"."TYPE" IS 'type';

-- ----------------------------
-- Records of JC_DICTIONARY
-- ----------------------------
INSERT INTO "JEECMS"."JC_DICTIONARY" VALUES ('1', '1-20人', '1-20人', 'scale');
INSERT INTO "JEECMS"."JC_DICTIONARY" VALUES ('2', '20-50人', '20-50人', 'scale');
INSERT INTO "JEECMS"."JC_DICTIONARY" VALUES ('3', '50-10人', '50-10人', 'scale');
INSERT INTO "JEECMS"."JC_DICTIONARY" VALUES ('4', '100人以上', '100人以上', 'scale');
INSERT INTO "JEECMS"."JC_DICTIONARY" VALUES ('5', '私企', '私企', 'nature');
INSERT INTO "JEECMS"."JC_DICTIONARY" VALUES ('6', '股份制', '股份制', 'nature');
INSERT INTO "JEECMS"."JC_DICTIONARY" VALUES ('7', '国企', '国企', 'nature');
INSERT INTO "JEECMS"."JC_DICTIONARY" VALUES ('8', '互联网', '互联网', 'industry');
INSERT INTO "JEECMS"."JC_DICTIONARY" VALUES ('9', '房地产', '房地产', 'industry');
INSERT INTO "JEECMS"."JC_DICTIONARY" VALUES ('10', '加工制造', '加工制造', 'industry');
INSERT INTO "JEECMS"."JC_DICTIONARY" VALUES ('11', '服务行业', '服务行业', 'industry');

-- ----------------------------
-- Table structure for JC_DIRECTIVE_TPL
-- ----------------------------
DROP TABLE "JEECMS"."JC_DIRECTIVE_TPL";
CREATE TABLE "JEECMS"."JC_DIRECTIVE_TPL" (
"TPL_ID" NUMBER(11) NOT NULL ,
"NAME" VARCHAR2(255 BYTE) NOT NULL ,
"DESCRIPTION" VARCHAR2(1000 BYTE) DEFAULT NULL  NULL ,
"CODE" CLOB NULL ,
"USER_ID" NUMBER(11) NOT NULL 
)
LOGGING
NOCOMPRESS
NOCACHE

;
COMMENT ON TABLE "JEECMS"."JC_DIRECTIVE_TPL" IS '标签模板';
COMMENT ON COLUMN "JEECMS"."JC_DIRECTIVE_TPL"."NAME" IS '标签创建者';

-- ----------------------------
-- Records of JC_DIRECTIVE_TPL
-- ----------------------------

-- ----------------------------
-- Table structure for JC_FILE
-- ----------------------------
DROP TABLE "JEECMS"."JC_FILE";
CREATE TABLE "JEECMS"."JC_FILE" (
"FILE_PATH" VARCHAR2(255 BYTE) NOT NULL ,
"FILE_NAME" VARCHAR2(255 BYTE) NULL ,
"FILE_ISVALID" NUMBER(1) DEFAULT 0  NOT NULL ,
"CONTENT_ID" NUMBER(11) NULL 
)
LOGGING
NOCOMPRESS
NOCACHE

;
COMMENT ON TABLE "JEECMS"."JC_FILE" IS '附件';
COMMENT ON COLUMN "JEECMS"."JC_FILE"."FILE_PATH" IS '文件路径';
COMMENT ON COLUMN "JEECMS"."JC_FILE"."FILE_NAME" IS '文件名字';
COMMENT ON COLUMN "JEECMS"."JC_FILE"."FILE_ISVALID" IS '是否有效';
COMMENT ON COLUMN "JEECMS"."JC_FILE"."CONTENT_ID" IS '内容id';

-- ----------------------------
-- Records of JC_FILE
-- ----------------------------
INSERT INTO "JEECMS"."JC_FILE" VALUES ('/u/cms/www/11173334yvdd.jpg', '11173334yvdd.jpg', '1', null);
INSERT INTO "JEECMS"."JC_FILE" VALUES ('/u/cms/www/111737053v9i.jpg', '111737053v9i.jpg', '1', null);
INSERT INTO "JEECMS"."JC_FILE" VALUES ('/u/cms/www/11173708ffx2.jpg', '11173708ffx2.jpg', '1', null);
INSERT INTO "JEECMS"."JC_FILE" VALUES ('/u/cms/www/11173711toqx.jpg', '11173711toqx.jpg', '1', null);
INSERT INTO "JEECMS"."JC_FILE" VALUES ('/u/cms/www/11173718do4k.jpg', '11173718do4k.jpg', '1', null);
INSERT INTO "JEECMS"."JC_FILE" VALUES ('/u/cms/www/11173719ykxk.jpg', '11173719ykxk.jpg', '1', null);
INSERT INTO "JEECMS"."JC_FILE" VALUES ('/u/cms/www/11173724ul7o.jpg', '11173724ul7o.jpg', '1', null);
INSERT INTO "JEECMS"."JC_FILE" VALUES ('/u/cms/www/11173804j6hj.jpg', '11173804j6hj.jpg', '1', null);
INSERT INTO "JEECMS"."JC_FILE" VALUES ('/u/cms/www/11174436pnoi.jpg', '11174436pnoi.jpg', '1', null);
INSERT INTO "JEECMS"."JC_FILE" VALUES ('/u/cms/www/11174439eb3l.jpg', '11174439eb3l.jpg', '1', null);
INSERT INTO "JEECMS"."JC_FILE" VALUES ('/u/cms/www/1117444317kg.jpg', '1117444317kg.jpg', '1', null);
INSERT INTO "JEECMS"."JC_FILE" VALUES ('/u/cms/www/111744466aux.jpg', '111744466aux.jpg', '1', null);
INSERT INTO "JEECMS"."JC_FILE" VALUES ('/u/cms/www/111745157ps9.jpg', '111745157ps9.jpg', '1', null);
INSERT INTO "JEECMS"."JC_FILE" VALUES ('/u/cms/www/12105715powr.jpg', '12105715powr.jpg', '1', null);
INSERT INTO "JEECMS"."JC_FILE" VALUES ('/u/cms/www/12105715u0i2.jpg', '12105715u0i2.jpg', '1', null);
INSERT INTO "JEECMS"."JC_FILE" VALUES ('/u/cms/www/12105716avso.jpg', '12105716avso.jpg', '1', null);
INSERT INTO "JEECMS"."JC_FILE" VALUES ('/u/cms/www/12105716f0ks.jpg', '12105716f0ks.jpg', '1', null);
INSERT INTO "JEECMS"."JC_FILE" VALUES ('/u/cms/www/12105716u081.jpg', '12105716u081.jpg', '1', null);
INSERT INTO "JEECMS"."JC_FILE" VALUES ('/u/cms/www/12105717rgdv.jpg', '12105717rgdv.jpg', '1', null);
INSERT INTO "JEECMS"."JC_FILE" VALUES ('/u/cms/www/12105908yuqz.jpg', '12105908yuqz.jpg', '1', null);
INSERT INTO "JEECMS"."JC_FILE" VALUES ('/u/cms/www/121101457hlo.jpg', '121101457hlo.jpg', '1', null);
INSERT INTO "JEECMS"."JC_FILE" VALUES ('/u/cms/www/121101459s0t.jpg', '121101459s0t.jpg', '1', null);
INSERT INTO "JEECMS"."JC_FILE" VALUES ('/u/cms/www/12110145r34m.jpg', '12110145r34m.jpg', '1', null);
INSERT INTO "JEECMS"."JC_FILE" VALUES ('/u/cms/www/12110146fexh.jpg', '12110146fexh.jpg', '1', null);
INSERT INTO "JEECMS"."JC_FILE" VALUES ('/u/cms/www/12110146v1cq.jpg', '12110146v1cq.jpg', '1', null);
INSERT INTO "JEECMS"."JC_FILE" VALUES ('/u/cms/www/12110146ynj3.jpg', '12110146ynj3.jpg', '1', null);
INSERT INTO "JEECMS"."JC_FILE" VALUES ('/u/cms/www/12110240hrzh.jpg', '12110240hrzh.jpg', '1', null);
INSERT INTO "JEECMS"."JC_FILE" VALUES ('/u/cms/www/121104013vts.jpg', '121104013vts.jpg', '1', null);
INSERT INTO "JEECMS"."JC_FILE" VALUES ('/u/cms/www/12110726kcxc.jpg', '12110726kcxc.jpg', '1', null);
INSERT INTO "JEECMS"."JC_FILE" VALUES ('/u/cms/www/12110726rqp4.jpg', '12110726rqp4.jpg', '1', null);
INSERT INTO "JEECMS"."JC_FILE" VALUES ('/u/cms/www/121107270owq.jpg', '121107270owq.jpg', '1', null);
INSERT INTO "JEECMS"."JC_FILE" VALUES ('/u/cms/www/1211072762wj.jpg', '1211072762wj.jpg', '1', null);
INSERT INTO "JEECMS"."JC_FILE" VALUES ('/u/cms/www/12110728cz8z.jpg', '12110728cz8z.jpg', '1', null);
INSERT INTO "JEECMS"."JC_FILE" VALUES ('/u/cms/www/12110728hvna.jpg', '12110728hvna.jpg', '1', null);
INSERT INTO "JEECMS"."JC_FILE" VALUES ('/u/cms/www/12110817ejy1.jpg', '12110817ejy1.jpg', '1', null);
INSERT INTO "JEECMS"."JC_FILE" VALUES ('/u/cms/www/12111106jy1l.jpg', '12111106jy1l.jpg', '1', null);
INSERT INTO "JEECMS"."JC_FILE" VALUES ('/u/cms/www/12111106lobh.jpg', '12111106lobh.jpg', '1', null);
INSERT INTO "JEECMS"."JC_FILE" VALUES ('/u/cms/www/12111106zad3.jpg', '12111106zad3.jpg', '1', null);
INSERT INTO "JEECMS"."JC_FILE" VALUES ('/u/cms/www/12111106zedy.jpg', '12111106zedy.jpg', '1', null);
INSERT INTO "JEECMS"."JC_FILE" VALUES ('/u/cms/www/12111107ctqg.jpg', '12111107ctqg.jpg', '1', null);
INSERT INTO "JEECMS"."JC_FILE" VALUES ('/u/cms/www/12111107l4wg.jpg', '12111107l4wg.jpg', '1', null);
INSERT INTO "JEECMS"."JC_FILE" VALUES ('/u/cms/www/1211124392sy.jpg', '1211124392sy.jpg', '1', null);
INSERT INTO "JEECMS"."JC_FILE" VALUES ('/u/cms/www/12111518igwr.jpg', '12111518igwr.jpg', '1', null);
INSERT INTO "JEECMS"."JC_FILE" VALUES ('/u/cms/www/12111518kvd2.jpg', '12111518kvd2.jpg', '1', null);
INSERT INTO "JEECMS"."JC_FILE" VALUES ('/u/cms/www/12111518l3p5.jpg', '12111518l3p5.jpg', '1', null);
INSERT INTO "JEECMS"."JC_FILE" VALUES ('/u/cms/www/12111518vk7v.jpg', '12111518vk7v.jpg', '1', null);
INSERT INTO "JEECMS"."JC_FILE" VALUES ('/u/cms/www/121115195muw.jpg', '121115195muw.jpg', '1', null);
INSERT INTO "JEECMS"."JC_FILE" VALUES ('/u/cms/www/12111519tyc2.jpg', '12111519tyc2.jpg', '1', null);
INSERT INTO "JEECMS"."JC_FILE" VALUES ('/u/cms/www/1211190051if.jpg', '1211190051if.jpg', '1', null);
INSERT INTO "JEECMS"."JC_FILE" VALUES ('/u/cms/www/12112124imh5.jpg', '12112124imh5.jpg', '1', null);
INSERT INTO "JEECMS"."JC_FILE" VALUES ('/u/cms/www/121121253f1z.jpg', '121121253f1z.jpg', '1', null);
INSERT INTO "JEECMS"."JC_FILE" VALUES ('/u/cms/www/121121265tk1.jpg', '121121265tk1.jpg', '1', null);
INSERT INTO "JEECMS"."JC_FILE" VALUES ('/u/cms/www/121121267h0z.jpg', '121121267h0z.jpg', '1', null);
INSERT INTO "JEECMS"."JC_FILE" VALUES ('/u/cms/www/12112127795n.jpg', '12112127795n.jpg', '1', null);
INSERT INTO "JEECMS"."JC_FILE" VALUES ('/u/cms/www/12112128ltfy.jpg', '12112128ltfy.jpg', '1', null);
INSERT INTO "JEECMS"."JC_FILE" VALUES ('/u/cms/www/12112247lfhe.jpg', '12112247lfhe.jpg', '1', null);
INSERT INTO "JEECMS"."JC_FILE" VALUES ('/u/cms/www/12120435rmvm.jpg', '12120435rmvm.jpg', '1', null);
INSERT INTO "JEECMS"."JC_FILE" VALUES ('/u/cms/www/12120436on4w.jpg', '12120436on4w.jpg', '1', null);
INSERT INTO "JEECMS"."JC_FILE" VALUES ('/u/cms/www/121204384v5d.jpg', '121204384v5d.jpg', '1', null);
INSERT INTO "JEECMS"."JC_FILE" VALUES ('/u/cms/www/121204408a3o.jpg', '121204408a3o.jpg', '1', null);
INSERT INTO "JEECMS"."JC_FILE" VALUES ('/u/cms/www/1212044200gm.jpg', '1212044200gm.jpg', '1', null);
INSERT INTO "JEECMS"."JC_FILE" VALUES ('/u/cms/www/121207389dlf.jpg', '121207389dlf.jpg', '1', null);
INSERT INTO "JEECMS"."JC_FILE" VALUES ('/u/cms/www/12134158q84h.jpg', '12134158q84h.jpg', '1', null);
INSERT INTO "JEECMS"."JC_FILE" VALUES ('/u/cms/www/12134158qzrx.jpg', '12134158qzrx.jpg', '1', null);
INSERT INTO "JEECMS"."JC_FILE" VALUES ('/u/cms/www/121341597c2x.jpg', '121341597c2x.jpg', '1', null);
INSERT INTO "JEECMS"."JC_FILE" VALUES ('/u/cms/www/12134159kbxa.jpg', '12134159kbxa.jpg', '1', null);
INSERT INTO "JEECMS"."JC_FILE" VALUES ('/u/cms/www/12134159robe.jpg', '12134159robe.jpg', '1', null);
INSERT INTO "JEECMS"."JC_FILE" VALUES ('/u/cms/www/12134200cwyl.jpg', '12134200cwyl.jpg', '1', null);
INSERT INTO "JEECMS"."JC_FILE" VALUES ('/u/cms/www/12134300ap1h.jpg', '12134300ap1h.jpg', '1', null);
INSERT INTO "JEECMS"."JC_FILE" VALUES ('/u/cms/www/12134450lo6n.jpg', '12134450lo6n.jpg', '1', null);
INSERT INTO "JEECMS"."JC_FILE" VALUES ('/u/cms/www/12134450mwvm.jpg', '12134450mwvm.jpg', '1', null);
INSERT INTO "JEECMS"."JC_FILE" VALUES ('/u/cms/www/12134451j9p9.jpg', '12134451j9p9.jpg', '1', null);
INSERT INTO "JEECMS"."JC_FILE" VALUES ('/u/cms/www/12134451k1zj.jpg', '12134451k1zj.jpg', '1', null);
INSERT INTO "JEECMS"."JC_FILE" VALUES ('/u/cms/www/12134452b2g1.jpg', '12134452b2g1.jpg', '1', null);
INSERT INTO "JEECMS"."JC_FILE" VALUES ('/u/cms/www/12134452bb5z.jpg', '12134452bb5z.jpg', '1', null);
INSERT INTO "JEECMS"."JC_FILE" VALUES ('/u/cms/www/12134552bk69.jpg', '12134552bk69.jpg', '1', null);
INSERT INTO "JEECMS"."JC_FILE" VALUES ('/u/cms/www/121348103ux5.jpg', '121348103ux5.jpg', '1', null);
INSERT INTO "JEECMS"."JC_FILE" VALUES ('/u/cms/www/121348109k92.jpg', '121348109k92.jpg', '1', null);
INSERT INTO "JEECMS"."JC_FILE" VALUES ('/u/cms/www/121348110tfi.jpg', '121348110tfi.jpg', '1', null);
INSERT INTO "JEECMS"."JC_FILE" VALUES ('/u/cms/www/12134811y9du.jpg', '12134811y9du.jpg', '1', null);
INSERT INTO "JEECMS"."JC_FILE" VALUES ('/u/cms/www/12134812unit.jpg', '12134812unit.jpg', '1', null);
INSERT INTO "JEECMS"."JC_FILE" VALUES ('/u/cms/www/12134933sxsx.jpg', '12134933sxsx.jpg', '1', null);
INSERT INTO "JEECMS"."JC_FILE" VALUES ('/u/cms/www/12135148im9s.jpg', '12135148im9s.jpg', '1', null);
INSERT INTO "JEECMS"."JC_FILE" VALUES ('/u/cms/www/12135149ar88.jpg', '12135149ar88.jpg', '1', null);
INSERT INTO "JEECMS"."JC_FILE" VALUES ('/u/cms/www/12135149bhlg.jpg', '12135149bhlg.jpg', '1', null);
INSERT INTO "JEECMS"."JC_FILE" VALUES ('/u/cms/www/12135149s2wm.jpg', '12135149s2wm.jpg', '1', null);
INSERT INTO "JEECMS"."JC_FILE" VALUES ('/u/cms/www/12135243x57l.jpg', '12135243x57l.jpg', '1', null);
INSERT INTO "JEECMS"."JC_FILE" VALUES ('/u/cms/www/12135606e58j.jpg', '12135606e58j.jpg', '1', null);
INSERT INTO "JEECMS"."JC_FILE" VALUES ('/u/cms/www/12135607ftvv.jpg', '12135607ftvv.jpg', '1', null);
INSERT INTO "JEECMS"."JC_FILE" VALUES ('/u/cms/www/12135607vqhp.jpg', '12135607vqhp.jpg', '1', null);
INSERT INTO "JEECMS"."JC_FILE" VALUES ('/u/cms/www/12135608ad8p.jpg', '12135608ad8p.jpg', '1', null);
INSERT INTO "JEECMS"."JC_FILE" VALUES ('/u/cms/www/12135608l3ai.jpg', '12135608l3ai.jpg', '1', null);
INSERT INTO "JEECMS"."JC_FILE" VALUES ('/u/cms/www/12135609wexl.jpg', '12135609wexl.jpg', '1', null);
INSERT INTO "JEECMS"."JC_FILE" VALUES ('/u/cms/www/12135827xy0y.jpg', '12135827xy0y.jpg', '1', null);
INSERT INTO "JEECMS"."JC_FILE" VALUES ('/u/cms/www/12135944xk9f.jpg', '12135944xk9f.jpg', '1', null);
INSERT INTO "JEECMS"."JC_FILE" VALUES ('/u/cms/www/12140033b5mx.jpg', '12140033b5mx.jpg', '1', null);
INSERT INTO "JEECMS"."JC_FILE" VALUES ('/u/cms/www/12140434ixtu.jpg', '12140434ixtu.jpg', '1', null);
INSERT INTO "JEECMS"."JC_FILE" VALUES ('/u/cms/www/12140434n4th.jpg', '12140434n4th.jpg', '1', null);
INSERT INTO "JEECMS"."JC_FILE" VALUES ('/u/cms/www/12140435relm.jpg', '12140435relm.jpg', '1', null);
INSERT INTO "JEECMS"."JC_FILE" VALUES ('/u/cms/www/12140436rua8.jpg', '12140436rua8.jpg', '1', null);
INSERT INTO "JEECMS"."JC_FILE" VALUES ('/u/cms/www/12140436wwsc.jpg', '12140436wwsc.jpg', '1', null);
INSERT INTO "JEECMS"."JC_FILE" VALUES ('/u/cms/www/12140851yp14.jpg', '12140851yp14.jpg', '1', null);
INSERT INTO "JEECMS"."JC_FILE" VALUES ('/u/cms/www/12141311nuua.jpg', '12141311nuua.jpg', '1', null);
INSERT INTO "JEECMS"."JC_FILE" VALUES ('/u/cms/www/12141311xxbj.jpg', '12141311xxbj.jpg', '1', null);
INSERT INTO "JEECMS"."JC_FILE" VALUES ('/u/cms/www/12141312d3p6.jpg', '12141312d3p6.jpg', '1', null);
INSERT INTO "JEECMS"."JC_FILE" VALUES ('/u/cms/www/12141312r6eb.jpg', '12141312r6eb.jpg', '1', null);
INSERT INTO "JEECMS"."JC_FILE" VALUES ('/u/cms/www/1214131399h0.jpg', '1214131399h0.jpg', '1', null);
INSERT INTO "JEECMS"."JC_FILE" VALUES ('/u/cms/www/12141313ndlq.jpg', '12141313ndlq.jpg', '1', null);
INSERT INTO "JEECMS"."JC_FILE" VALUES ('/u/cms/www/121414505xah.jpg', '121414505xah.jpg', '1', null);
INSERT INTO "JEECMS"."JC_FILE" VALUES ('/u/cms/www/12142118fe7p.jpg', '12142118fe7p.jpg', '1', null);
INSERT INTO "JEECMS"."JC_FILE" VALUES ('/u/cms/www/121421197sla.jpg', '121421197sla.jpg', '1', null);
INSERT INTO "JEECMS"."JC_FILE" VALUES ('/u/cms/www/12142119m8y5.jpg', '12142119m8y5.jpg', '1', null);
INSERT INTO "JEECMS"."JC_FILE" VALUES ('/u/cms/www/12142120loqu.jpg', '12142120loqu.jpg', '1', null);
INSERT INTO "JEECMS"."JC_FILE" VALUES ('/u/cms/www/12142120u2tx.jpg', '12142120u2tx.jpg', '1', null);
INSERT INTO "JEECMS"."JC_FILE" VALUES ('/u/cms/www/1214212172bk.jpg', '1214212172bk.jpg', '1', null);
INSERT INTO "JEECMS"."JC_FILE" VALUES ('/u/cms/www/12142322wa0z.jpg', '12142322wa0z.jpg', '1', null);
INSERT INTO "JEECMS"."JC_FILE" VALUES ('/u/cms/www/12142734jwmh.jpg', '12142734jwmh.jpg', '1', null);
INSERT INTO "JEECMS"."JC_FILE" VALUES ('/u/cms/www/12142735jqmu.jpg', '12142735jqmu.jpg', '1', null);
INSERT INTO "JEECMS"."JC_FILE" VALUES ('/u/cms/www/12142735rhib.jpg', '12142735rhib.jpg', '1', null);
INSERT INTO "JEECMS"."JC_FILE" VALUES ('/u/cms/www/1214273617d5.jpg', '1214273617d5.jpg', '1', null);
INSERT INTO "JEECMS"."JC_FILE" VALUES ('/u/cms/www/12142736ue6c.jpg', '12142736ue6c.jpg', '1', null);
INSERT INTO "JEECMS"."JC_FILE" VALUES ('/u/cms/www/12142737cr9y.jpg', '12142737cr9y.jpg', '1', null);
INSERT INTO "JEECMS"."JC_FILE" VALUES ('/u/cms/www/12142830poeb.jpg', '12142830poeb.jpg', '1', null);
INSERT INTO "JEECMS"."JC_FILE" VALUES ('/u/cms/www/1214325480ue.jpg', '1214325480ue.jpg', '1', null);
INSERT INTO "JEECMS"."JC_FILE" VALUES ('/u/cms/www/12143254y1wh.jpg', '12143254y1wh.jpg', '1', null);
INSERT INTO "JEECMS"."JC_FILE" VALUES ('/u/cms/www/121432556ttu.jpg', '121432556ttu.jpg', '1', null);
INSERT INTO "JEECMS"."JC_FILE" VALUES ('/u/cms/www/12143255ryzh.jpg', '12143255ryzh.jpg', '1', null);
INSERT INTO "JEECMS"."JC_FILE" VALUES ('/u/cms/www/12143255ukxu.jpg', '12143255ukxu.jpg', '1', null);
INSERT INTO "JEECMS"."JC_FILE" VALUES ('/u/cms/www/12143256g1bo.jpg', '12143256g1bo.jpg', '1', null);
INSERT INTO "JEECMS"."JC_FILE" VALUES ('/u/cms/www/12143342sfmg.jpg', '12143342sfmg.jpg', '1', null);
INSERT INTO "JEECMS"."JC_FILE" VALUES ('/u/cms/www/121454345gdz.jpg', '121454345gdz.jpg', '1', null);
INSERT INTO "JEECMS"."JC_FILE" VALUES ('/u/cms/www/12145434959z.jpg', '12145434959z.jpg', '1', null);
INSERT INTO "JEECMS"."JC_FILE" VALUES ('/u/cms/www/12145434qkiz.jpg', '12145434qkiz.jpg', '1', null);
INSERT INTO "JEECMS"."JC_FILE" VALUES ('/u/cms/www/12145435lmi6.jpg', '12145435lmi6.jpg', '1', null);
INSERT INTO "JEECMS"."JC_FILE" VALUES ('/u/cms/www/12145435u9c1.jpg', '12145435u9c1.jpg', '1', null);
INSERT INTO "JEECMS"."JC_FILE" VALUES ('/u/cms/www/121456599tnd.jpg', '121456599tnd.jpg', '1', null);
INSERT INTO "JEECMS"."JC_FILE" VALUES ('/u/cms/www/12150556da16.jpg', '12150556da16.jpg', '1', null);
INSERT INTO "JEECMS"."JC_FILE" VALUES ('/u/cms/www/12150556inf7.jpg', '12150556inf7.jpg', '1', null);
INSERT INTO "JEECMS"."JC_FILE" VALUES ('/u/cms/www/12150557dzrz.jpg', '12150557dzrz.jpg', '1', null);
INSERT INTO "JEECMS"."JC_FILE" VALUES ('/u/cms/www/12150557etcp.jpg', '12150557etcp.jpg', '1', null);
INSERT INTO "JEECMS"."JC_FILE" VALUES ('/u/cms/www/12150701tmkd.jpg', '12150701tmkd.jpg', '1', null);
INSERT INTO "JEECMS"."JC_FILE" VALUES ('/u/cms/www/12150936264i.jpg', '12150936264i.jpg', '1', null);
INSERT INTO "JEECMS"."JC_FILE" VALUES ('/u/cms/www/121509368460.jpg', '121509368460.jpg', '1', null);
INSERT INTO "JEECMS"."JC_FILE" VALUES ('/u/cms/www/12150936cnpa.jpg', '12150936cnpa.jpg', '1', null);
INSERT INTO "JEECMS"."JC_FILE" VALUES ('/u/cms/www/121509371kyv.jpg', '121509371kyv.jpg', '1', null);
INSERT INTO "JEECMS"."JC_FILE" VALUES ('/u/cms/www/12150937xe3g.jpg', '12150937xe3g.jpg', '1', null);
INSERT INTO "JEECMS"."JC_FILE" VALUES ('/u/cms/www/12151139jrv6.jpg', '12151139jrv6.jpg', '1', null);
INSERT INTO "JEECMS"."JC_FILE" VALUES ('/u/cms/www/1215211539ic.jpg', '1215211539ic.jpg', '1', null);
INSERT INTO "JEECMS"."JC_FILE" VALUES ('/u/cms/www/12152115dymp.jpg', '12152115dymp.jpg', '1', null);
INSERT INTO "JEECMS"."JC_FILE" VALUES ('/u/cms/www/12152115n7ee.jpg', '12152115n7ee.jpg', '1', null);
INSERT INTO "JEECMS"."JC_FILE" VALUES ('/u/cms/www/12152115oqbj.jpg', '12152115oqbj.jpg', '1', null);
INSERT INTO "JEECMS"."JC_FILE" VALUES ('/u/cms/www/12152116am9n.jpg', '12152116am9n.jpg', '1', null);
INSERT INTO "JEECMS"."JC_FILE" VALUES ('/u/cms/www/12152257va9g.jpg', '12152257va9g.jpg', '1', null);
INSERT INTO "JEECMS"."JC_FILE" VALUES ('/u/cms/www/12153550461x.jpg', '12153550461x.jpg', '1', null);
INSERT INTO "JEECMS"."JC_FILE" VALUES ('/u/cms/www/12153550ryso.jpg', '12153550ryso.jpg', '1', null);
INSERT INTO "JEECMS"."JC_FILE" VALUES ('/u/cms/www/12153551fflz.jpg', '12153551fflz.jpg', '1', null);
INSERT INTO "JEECMS"."JC_FILE" VALUES ('/u/cms/www/12153551igy5.jpg', '12153551igy5.jpg', '1', null);
INSERT INTO "JEECMS"."JC_FILE" VALUES ('/u/cms/www/12153551r5kz.jpg', '12153551r5kz.jpg', '1', null);
INSERT INTO "JEECMS"."JC_FILE" VALUES ('/u/cms/www/121535526foq.jpg', '121535526foq.jpg', '1', null);
INSERT INTO "JEECMS"."JC_FILE" VALUES ('/u/cms/www/121536505s2h.jpg', '121536505s2h.jpg', '1', null);
INSERT INTO "JEECMS"."JC_FILE" VALUES ('/u/cms/www/121542148jkc.jpg', '121542148jkc.jpg', '1', null);
INSERT INTO "JEECMS"."JC_FILE" VALUES ('/u/cms/www/121542158t1n.jpg', '121542158t1n.jpg', '1', null);
INSERT INTO "JEECMS"."JC_FILE" VALUES ('/u/cms/www/121542159xil.jpg', '121542159xil.jpg', '1', null);
INSERT INTO "JEECMS"."JC_FILE" VALUES ('/u/cms/www/12154215ryyk.jpg', '12154215ryyk.jpg', '1', null);
INSERT INTO "JEECMS"."JC_FILE" VALUES ('/u/cms/www/12154215y02n.jpg', '12154215y02n.jpg', '1', null);
INSERT INTO "JEECMS"."JC_FILE" VALUES ('/u/cms/www/12154216egtt.jpg', '12154216egtt.jpg', '1', null);
INSERT INTO "JEECMS"."JC_FILE" VALUES ('/u/cms/www/121543059cct.jpg', '121543059cct.jpg', '1', null);
INSERT INTO "JEECMS"."JC_FILE" VALUES ('/u/cms/www/12154708kkn6.jpg', '12154708kkn6.jpg', '1', null);
INSERT INTO "JEECMS"."JC_FILE" VALUES ('/u/cms/www/12154708nsye.jpg', '12154708nsye.jpg', '1', null);
INSERT INTO "JEECMS"."JC_FILE" VALUES ('/u/cms/www/12154708we6w.jpg', '12154708we6w.jpg', '1', null);
INSERT INTO "JEECMS"."JC_FILE" VALUES ('/u/cms/www/12154709iod3.jpg', '12154709iod3.jpg', '1', null);
INSERT INTO "JEECMS"."JC_FILE" VALUES ('/u/cms/www/12154709ypkl.jpg', '12154709ypkl.jpg', '1', null);
INSERT INTO "JEECMS"."JC_FILE" VALUES ('/u/cms/www/121547582f5t.jpg', '121547582f5t.jpg', '1', null);
INSERT INTO "JEECMS"."JC_FILE" VALUES ('/u/cms/www/1311420498g8.jpg', '1311420498g8.jpg', '1', null);
INSERT INTO "JEECMS"."JC_FILE" VALUES ('/u/cms/www/131203117zrn.jpg', '131203117zrn.jpg', '1', null);
INSERT INTO "JEECMS"."JC_FILE" VALUES ('/u/cms/www/131257327chh.jpg', '131257327chh.jpg', '1', null);
INSERT INTO "JEECMS"."JC_FILE" VALUES ('/u/cms/www/13141220dfer.jpg', '13141220dfer.jpg', '1', null);
INSERT INTO "JEECMS"."JC_FILE" VALUES ('/u/cms/www/131423399l1z.jpg', '131423399l1z.jpg', '1', null);
INSERT INTO "JEECMS"."JC_FILE" VALUES ('/u/cms/www/13142927kzr3.jpg', '13142927kzr3.jpg', '1', null);
INSERT INTO "JEECMS"."JC_FILE" VALUES ('/u/cms/www/1316285322ks.jpg', '1316285322ks.jpg', '1', null);
INSERT INTO "JEECMS"."JC_FILE" VALUES ('/u/cms/www/13162904gqxm.jpg', '13162904gqxm.jpg', '1', null);
INSERT INTO "JEECMS"."JC_FILE" VALUES ('/u/cms/www/13162913da42.jpg', '13162913da42.jpg', '1', null);
INSERT INTO "JEECMS"."JC_FILE" VALUES ('/u/cms/www/131629222u39.jpg', '131629222u39.jpg', '1', null);
INSERT INTO "JEECMS"."JC_FILE" VALUES ('/u/cms/www/13162931ofsn.jpg', '13162931ofsn.jpg', '1', null);
INSERT INTO "JEECMS"."JC_FILE" VALUES ('/u/cms/www/13162941ipg2.jpg', '13162941ipg2.jpg', '1', null);
INSERT INTO "JEECMS"."JC_FILE" VALUES ('/u/cms/www/13163101ccd3.jpg', '13163101ccd3.jpg', '1', null);
INSERT INTO "JEECMS"."JC_FILE" VALUES ('/u/cms/www/13163113pd3s.jpg', '13163113pd3s.jpg', '1', null);
INSERT INTO "JEECMS"."JC_FILE" VALUES ('/u/cms/www/13163306pqvc.jpg', '13163306pqvc.jpg', '1', null);
INSERT INTO "JEECMS"."JC_FILE" VALUES ('/u/cms/www/13165112t47d.jpg', '13165112t47d.jpg', '1', null);
INSERT INTO "JEECMS"."JC_FILE" VALUES ('/u/cms/www/13165118lr7r.jpg', '13165118lr7r.jpg', '1', null);
INSERT INTO "JEECMS"."JC_FILE" VALUES ('/u/cms/www/13165348xokj.jpg', '13165348xokj.jpg', '1', null);
INSERT INTO "JEECMS"."JC_FILE" VALUES ('/u/cms/www/131656557m43.jpg', '131656557m43.jpg', '1', null);
INSERT INTO "JEECMS"."JC_FILE" VALUES ('/u/cms/www/13165702cchp.jpg', '13165702cchp.jpg', '1', null);
INSERT INTO "JEECMS"."JC_FILE" VALUES ('/u/cms/www/13170123ywvv.jpg', '13170123ywvv.jpg', '1', null);
INSERT INTO "JEECMS"."JC_FILE" VALUES ('/u/cms/www/13170129mx9q.jpg', '13170129mx9q.jpg', '1', null);
INSERT INTO "JEECMS"."JC_FILE" VALUES ('/u/cms/www/13170427k084.jpg', '13170427k084.jpg', '1', null);
INSERT INTO "JEECMS"."JC_FILE" VALUES ('/u/cms/www/131706089h4w.jpg', '131706089h4w.jpg', '1', null);
INSERT INTO "JEECMS"."JC_FILE" VALUES ('/u/cms/www/13170759d8ow.jpg', '13170759d8ow.jpg', '1', null);
INSERT INTO "JEECMS"."JC_FILE" VALUES ('/u/cms/www/13170940lu1h.jpg', '13170940lu1h.jpg', '1', null);
INSERT INTO "JEECMS"."JC_FILE" VALUES ('/u/cms/www/19110822fin2.jpg', '19110822fin2.jpg', '1', null);
INSERT INTO "JEECMS"."JC_FILE" VALUES ('/u/cms/www/19112623820c.jpg', '19112623820c.jpg', '1', null);
INSERT INTO "JEECMS"."JC_FILE" VALUES ('/u/cms/www/19112700bypf.jpg', '19112700bypf.jpg', '1', null);
INSERT INTO "JEECMS"."JC_FILE" VALUES ('/u/cms/www/19114043tp85.jpg', '19114043tp85.jpg', '1', null);
INSERT INTO "JEECMS"."JC_FILE" VALUES ('/u/cms/www/19114201tdir.jpg', '19114201tdir.jpg', '1', null);
INSERT INTO "JEECMS"."JC_FILE" VALUES ('/u/cms/www/191201449moh.jpg', '191201449moh.jpg', '1', null);
INSERT INTO "JEECMS"."JC_FILE" VALUES ('/u/cms/www/191203538tdp.jpg', '191203538tdp.jpg', '1', null);
INSERT INTO "JEECMS"."JC_FILE" VALUES ('/u/cms/www/19131809acqm.jpg', '19131809acqm.jpg', '1', null);
INSERT INTO "JEECMS"."JC_FILE" VALUES ('/u/cms/www/19131949r2ge.jpg', '19131949r2ge.jpg', '1', null);
INSERT INTO "JEECMS"."JC_FILE" VALUES ('/u/cms/www/191342393mlg.jpg', '191342393mlg.jpg', '1', null);
INSERT INTO "JEECMS"."JC_FILE" VALUES ('/u/cms/www/19134448qvza.jpg', '19134448qvza.jpg', '1', null);
INSERT INTO "JEECMS"."JC_FILE" VALUES ('/u/cms/www/191351590e53.jpg', '191351590e53.jpg', '1', null);
INSERT INTO "JEECMS"."JC_FILE" VALUES ('/u/cms/www/19135642zjak.jpg', '19135642zjak.jpg', '1', null);
INSERT INTO "JEECMS"."JC_FILE" VALUES ('/u/cms/www/19135645ge7r.jpg', '19135645ge7r.jpg', '1', null);
INSERT INTO "JEECMS"."JC_FILE" VALUES ('/u/cms/www/19135821ij0m.jpg', '19135821ij0m.jpg', '1', null);
INSERT INTO "JEECMS"."JC_FILE" VALUES ('/u/cms/www/19140340fri2.jpg', '19140340fri2.jpg', '1', null);
INSERT INTO "JEECMS"."JC_FILE" VALUES ('/u/cms/www/19140601kgid.jpg', '19140601kgid.jpg', '1', null);
INSERT INTO "JEECMS"."JC_FILE" VALUES ('/u/cms/www/19140803w9fg.jpg', '19140803w9fg.jpg', '1', null);
INSERT INTO "JEECMS"."JC_FILE" VALUES ('/u/cms/www/191408471iyj.jpg', '191408471iyj.jpg', '1', null);
INSERT INTO "JEECMS"."JC_FILE" VALUES ('/u/cms/www/19141200ip5c.jpg', '19141200ip5c.jpg', '1', null);
INSERT INTO "JEECMS"."JC_FILE" VALUES ('/u/cms/www/19141318apz1.jpg', '19141318apz1.jpg', '1', null);
INSERT INTO "JEECMS"."JC_FILE" VALUES ('/u/cms/www/19141700opui.jpg', '19141700opui.jpg', '1', null);
INSERT INTO "JEECMS"."JC_FILE" VALUES ('/u/cms/www/19141756u9sa.jpg', '19141756u9sa.jpg', '1', null);
INSERT INTO "JEECMS"."JC_FILE" VALUES ('/u/cms/www/19142041eu8x.jpg', '19142041eu8x.jpg', '1', null);
INSERT INTO "JEECMS"."JC_FILE" VALUES ('/u/cms/www/19142206y73m.jpg', '19142206y73m.jpg', '1', null);
INSERT INTO "JEECMS"."JC_FILE" VALUES ('/u/cms/www/19142430589t.jpg', '19142430589t.jpg', '1', null);
INSERT INTO "JEECMS"."JC_FILE" VALUES ('/u/cms/www/19142451945q.jpg', '19142451945q.jpg', '1', null);
INSERT INTO "JEECMS"."JC_FILE" VALUES ('/u/cms/www/19142818yvty.jpg', '19142818yvty.jpg', '1', null);
INSERT INTO "JEECMS"."JC_FILE" VALUES ('/u/cms/www/19142840ycm6.jpg', '19142840ycm6.jpg', '1', null);
INSERT INTO "JEECMS"."JC_FILE" VALUES ('/u/cms/www/201139137vu6.jpg', '201139137vu6.jpg', '1', null);
INSERT INTO "JEECMS"."JC_FILE" VALUES ('/u/cms/www/20114003od1n.jpg', '20114003od1n.jpg', '1', null);
INSERT INTO "JEECMS"."JC_FILE" VALUES ('/u/cms/www/201140399nrc.jpg', '201140399nrc.jpg', '1', null);
INSERT INTO "JEECMS"."JC_FILE" VALUES ('/u/cms/www/201143116bd3.jpg', '201143116bd3.jpg', '1', null);
INSERT INTO "JEECMS"."JC_FILE" VALUES ('/u/cms/www/20114348t1z8.jpg', '20114348t1z8.jpg', '1', null);
INSERT INTO "JEECMS"."JC_FILE" VALUES ('/u/cms/www/20114520rqti.jpg', '20114520rqti.jpg', '1', null);
INSERT INTO "JEECMS"."JC_FILE" VALUES ('/u/cms/www/20114607jim6.jpg', '20114607jim6.jpg', '1', null);
INSERT INTO "JEECMS"."JC_FILE" VALUES ('/u/cms/www/20114824s9bf.jpg', '20114824s9bf.jpg', '1', null);
INSERT INTO "JEECMS"."JC_FILE" VALUES ('/u/cms/www/20115532h8tv.jpg', '20115532h8tv.jpg', '1', null);
INSERT INTO "JEECMS"."JC_FILE" VALUES ('/u/cms/www/201159459afm.jpg', '201159459afm.jpg', '1', null);
INSERT INTO "JEECMS"."JC_FILE" VALUES ('/u/cms/www/20120531bbei.jpg', '20120531bbei.jpg', '1', null);
INSERT INTO "JEECMS"."JC_FILE" VALUES ('/u/cms/www/20120732ybv8.jpg', '20120732ybv8.jpg', '1', null);
INSERT INTO "JEECMS"."JC_FILE" VALUES ('/u/cms/www/201308', '201308', '1', null);
INSERT INTO "JEECMS"."JC_FILE" VALUES ('/u/cms/www/201309', '201309', '1', null);
INSERT INTO "JEECMS"."JC_FILE" VALUES ('/u/cms/www/201309/30121747bypf.jpg', '1.jpg', '1', '567');
INSERT INTO "JEECMS"."JC_FILE" VALUES ('/u/cms/www/201309/30121833oafb.jpg', '2.jpg', '1', '566');
INSERT INTO "JEECMS"."JC_FILE" VALUES ('/u/cms/www/201309/30121915un0m.jpg', '3.jpg', '1', '565');
INSERT INTO "JEECMS"."JC_FILE" VALUES ('/u/cms/www/22093458gynd.jpg', '22093458gynd.jpg', '1', null);
INSERT INTO "JEECMS"."JC_FILE" VALUES ('/u/cms/www/22093502mmft.jpg', '22093502mmft.jpg', '1', null);
INSERT INTO "JEECMS"."JC_FILE" VALUES ('/u/cms/www/22093506l8pv.jpg', '22093506l8pv.jpg', '1', null);
INSERT INTO "JEECMS"."JC_FILE" VALUES ('/u/cms/www/22093509qm3l.jpg', '22093509qm3l.jpg', '1', null);
INSERT INTO "JEECMS"."JC_FILE" VALUES ('/u/cms/www/22093513srmf.jpg', '22093513srmf.jpg', '1', null);
INSERT INTO "JEECMS"."JC_FILE" VALUES ('/u/cms/www/22094752xoxd.jpg', '22094752xoxd.jpg', '1', null);
INSERT INTO "JEECMS"."JC_FILE" VALUES ('/u/cms/www/22094906lrj8.jpg', '22094906lrj8.jpg', '1', null);
INSERT INTO "JEECMS"."JC_FILE" VALUES ('/u/cms/www/22094911xe9x.jpg', '22094911xe9x.jpg', '1', null);
INSERT INTO "JEECMS"."JC_FILE" VALUES ('/u/cms/www/22094915t8h1.jpg', '22094915t8h1.jpg', '1', null);
INSERT INTO "JEECMS"."JC_FILE" VALUES ('/u/cms/www/22094918gnze.jpg', '22094918gnze.jpg', '1', null);
INSERT INTO "JEECMS"."JC_FILE" VALUES ('/u/cms/www/22100555lytj.jpg', '22100555lytj.jpg', '1', null);
INSERT INTO "JEECMS"."JC_FILE" VALUES ('/u/cms/www/22100558gfsb.jpg', '22100558gfsb.jpg', '1', null);
INSERT INTO "JEECMS"."JC_FILE" VALUES ('/u/cms/www/22100601l1us.jpg', '22100601l1us.jpg', '1', null);
INSERT INTO "JEECMS"."JC_FILE" VALUES ('/u/cms/www/22100606t8mw.jpg', '22100606t8mw.jpg', '1', null);
INSERT INTO "JEECMS"."JC_FILE" VALUES ('/u/cms/www/22100611o2gl.jpg', '22100611o2gl.jpg', '1', null);
INSERT INTO "JEECMS"."JC_FILE" VALUES ('/u/cms/www/23172935t4sb.jpg', '23172935t4sb.jpg', '1', null);
INSERT INTO "JEECMS"."JC_FILE" VALUES ('/u/cms/www/23172936acob.jpg', '23172936acob.jpg', '1', null);
INSERT INTO "JEECMS"."JC_FILE" VALUES ('/u/cms/www/23172937bli1.jpg', '23172937bli1.jpg', '1', null);
INSERT INTO "JEECMS"."JC_FILE" VALUES ('/u/cms/www/23172937r23n.jpg', '23172937r23n.jpg', '1', null);
INSERT INTO "JEECMS"."JC_FILE" VALUES ('/u/cms/www/23172939ln5a.jpg', '23172939ln5a.jpg', '1', null);
INSERT INTO "JEECMS"."JC_FILE" VALUES ('/u/cms/www/231729407e1v.jpg', '231729407e1v.jpg', '1', null);
INSERT INTO "JEECMS"."JC_FILE" VALUES ('/u/cms/www/231729434x7h.jpg', '231729434x7h.jpg', '1', null);
INSERT INTO "JEECMS"."JC_FILE" VALUES ('/u/cms/www/23172944o38x.jpg', '23172944o38x.jpg', '1', null);
INSERT INTO "JEECMS"."JC_FILE" VALUES ('/u/cms/www/23172944vvdh.jpg', '23172944vvdh.jpg', '1', null);
INSERT INTO "JEECMS"."JC_FILE" VALUES ('/u/cms/www/23172946mzqx.jpg', '23172946mzqx.jpg', '1', null);
INSERT INTO "JEECMS"."JC_FILE" VALUES ('/u/cms/www/23172947nrrl.jpg', '23172947nrrl.jpg', '1', null);
INSERT INTO "JEECMS"."JC_FILE" VALUES ('/u/cms/www/24102446b7al.jpg', '24102446b7al.jpg', '1', null);
INSERT INTO "JEECMS"."JC_FILE" VALUES ('/u/cms/www/24102503z9wj.jpg', '24102503z9wj.jpg', '1', null);
INSERT INTO "JEECMS"."JC_FILE" VALUES ('/u/cms/www/2416455972ro.jpg', '2416455972ro.jpg', '1', null);
INSERT INTO "JEECMS"."JC_FILE" VALUES ('/u/cms/www/09165948qmff.mp4', '09165948qmff.mp4', '1', null);
INSERT INTO "JEECMS"."JC_FILE" VALUES ('/u/cms/www/19132320u46d.zip', '19132320u46d.zip', '1', null);
INSERT INTO "JEECMS"."JC_FILE" VALUES ('/u/cms/www/19134542a8qu.zip', '19134542a8qu.zip', '1', null);
INSERT INTO "JEECMS"."JC_FILE" VALUES ('/u/cms/www/19140010z9z1.zip', '19140010z9z1.zip', '1', null);
INSERT INTO "JEECMS"."JC_FILE" VALUES ('/u/cms/www/19141042cfu8.zip', '19141042cfu8.zip', '1', null);
INSERT INTO "JEECMS"."JC_FILE" VALUES ('/u/cms/www/19142201umby.zip', '19142201umby.zip', '1', null);
INSERT INTO "JEECMS"."JC_FILE" VALUES ('/u/cms/www/29093548tinl.jpg', '29093548tinl.jpg', '1', null);
INSERT INTO "JEECMS"."JC_FILE" VALUES ('/u/cms/www/29094130ex66.jpg', '29094130ex66.jpg', '1', null);
INSERT INTO "JEECMS"."JC_FILE" VALUES ('/u/cms/www/201411', '201411', '1', null);
INSERT INTO "JEECMS"."JC_FILE" VALUES ('/u/cms/www/241646340nq6.jpg', '241646340nq6.jpg', '1', null);
INSERT INTO "JEECMS"."JC_FILE" VALUES ('/u/cms/www/24164707ksjq.jpg', '24164707ksjq.jpg', '1', null);
INSERT INTO "JEECMS"."JC_FILE" VALUES ('/u/cms/www/26115537aper.jpg', '26115537aper.jpg', '1', null);
INSERT INTO "JEECMS"."JC_FILE" VALUES ('/u/cms/www/26115537rs0f.jpg', '26115537rs0f.jpg', '1', null);
INSERT INTO "JEECMS"."JC_FILE" VALUES ('/u/cms/www/26150136kryi.txt', '26150136kryi.txt', '1', null);
INSERT INTO "JEECMS"."JC_FILE" VALUES ('/u/cms/www/Thumbs.db', 'Thumbs.db', '1', null);
INSERT INTO "JEECMS"."JC_FILE" VALUES ('/u/cms/www/09093100544f.jpg', '09093100544f.jpg', '1', null);
INSERT INTO "JEECMS"."JC_FILE" VALUES ('/u/cms/www/09093304hc6x.jpg', '09093304hc6x.jpg', '1', null);
INSERT INTO "JEECMS"."JC_FILE" VALUES ('/u/cms/www/09093632txyy.jpg', '09093632txyy.jpg', '1', null);
INSERT INTO "JEECMS"."JC_FILE" VALUES ('/u/cms/www/090938248x1c.jpg', '090938248x1c.jpg', '1', null);
INSERT INTO "JEECMS"."JC_FILE" VALUES ('/u/cms/www/090940173zaj.jpg', '090940173zaj.jpg', '1', null);
INSERT INTO "JEECMS"."JC_FILE" VALUES ('/u/cms/www/09094140f562.jpg', '09094140f562.jpg', '1', null);
INSERT INTO "JEECMS"."JC_FILE" VALUES ('/u/cms/www/09094302sldg.jpg', '09094302sldg.jpg', '1', null);
INSERT INTO "JEECMS"."JC_FILE" VALUES ('/u/cms/www/09094430w0xt.jpg', '09094430w0xt.jpg', '1', null);
INSERT INTO "JEECMS"."JC_FILE" VALUES ('/u/cms/www/09151507n6i1.jpg', '09151507n6i1.jpg', '1', null);
INSERT INTO "JEECMS"."JC_FILE" VALUES ('/u/cms/www/09152518pzoq.jpg', '09152518pzoq.jpg', '1', null);
INSERT INTO "JEECMS"."JC_FILE" VALUES ('/u/cms/www/09152931cgps.jpg', '09152931cgps.jpg', '1', null);
INSERT INTO "JEECMS"."JC_FILE" VALUES ('/u/cms/www/091552426die.jpg', '091552426die.jpg', '1', null);
INSERT INTO "JEECMS"."JC_FILE" VALUES ('/u/cms/www/0915541140xt.jpg', '0915541140xt.jpg', '1', null);
INSERT INTO "JEECMS"."JC_FILE" VALUES ('/u/cms/www/09160120meel.jpg', '09160120meel.jpg', '1', null);
INSERT INTO "JEECMS"."JC_FILE" VALUES ('/u/cms/www/091602465aop.jpg', '091602465aop.jpg', '1', null);
INSERT INTO "JEECMS"."JC_FILE" VALUES ('/u/cms/www/09165026tk5e.jpg', '09165026tk5e.jpg', '1', null);
INSERT INTO "JEECMS"."JC_FILE" VALUES ('/u/cms/www/091655240woj.jpg', '091655240woj.jpg', '1', null);
INSERT INTO "JEECMS"."JC_FILE" VALUES ('/u/cms/www/09165821s06r.jpg', '09165821s06r.jpg', '1', null);
INSERT INTO "JEECMS"."JC_FILE" VALUES ('/u/cms/www/09170006n0hs.jpg', '09170006n0hs.jpg', '1', null);
INSERT INTO "JEECMS"."JC_FILE" VALUES ('/u/cms/www/09174523xkvt.jpg', '09174523xkvt.jpg', '1', null);
INSERT INTO "JEECMS"."JC_FILE" VALUES ('/u/cms/www/09174527lkok.jpg', '09174527lkok.jpg', '1', null);
INSERT INTO "JEECMS"."JC_FILE" VALUES ('/u/cms/www/10092229195q.jpg', '10092229195q.jpg', '1', null);
INSERT INTO "JEECMS"."JC_FILE" VALUES ('/u/cms/www/100950366ij3.jpg', '100950366ij3.jpg', '1', null);
INSERT INTO "JEECMS"."JC_FILE" VALUES ('/u/cms/www/100953460bvo.jpg', '100953460bvo.jpg', '1', null);
INSERT INTO "JEECMS"."JC_FILE" VALUES ('/u/cms/www/10103806oifr.jpg', '10103806oifr.jpg', '1', null);
INSERT INTO "JEECMS"."JC_FILE" VALUES ('/u/cms/www/10104531ukj5.jpg', '10104531ukj5.jpg', '1', null);
INSERT INTO "JEECMS"."JC_FILE" VALUES ('/u/cms/www/10144918u244.jpg', '10144918u244.jpg', '1', null);
INSERT INTO "JEECMS"."JC_FILE" VALUES ('/u/cms/www/11165619lkm8.jpg', '11165619lkm8.jpg', '1', null);
INSERT INTO "JEECMS"."JC_FILE" VALUES ('/u/cms/www/11165624319n.jpg', '11165624319n.jpg', '1', null);
INSERT INTO "JEECMS"."JC_FILE" VALUES ('/u/cms/www/111656292jx9.jpg', '111656292jx9.jpg', '1', null);
INSERT INTO "JEECMS"."JC_FILE" VALUES ('/u/cms/www/11165633po01.jpg', '11165633po01.jpg', '1', null);
INSERT INTO "JEECMS"."JC_FILE" VALUES ('/u/cms/www/111656366w4b.jpg', '111656366w4b.jpg', '1', null);
INSERT INTO "JEECMS"."JC_FILE" VALUES ('/u/cms/www/11165640djk4.jpg', '11165640djk4.jpg', '1', null);
INSERT INTO "JEECMS"."JC_FILE" VALUES ('/u/cms/www/11165849ahx1.jpg', '11165849ahx1.jpg', '1', null);
INSERT INTO "JEECMS"."JC_FILE" VALUES ('/u/cms/www/11170224nw94.jpg', '11170224nw94.jpg', '1', null);
INSERT INTO "JEECMS"."JC_FILE" VALUES ('/u/cms/www/11170651qc2f.jpg', '11170651qc2f.jpg', '1', null);
INSERT INTO "JEECMS"."JC_FILE" VALUES ('/u/cms/www/11170656zz9b.jpg', '11170656zz9b.jpg', '1', null);
INSERT INTO "JEECMS"."JC_FILE" VALUES ('/u/cms/www/111707001w2k.jpg', '111707001w2k.jpg', '1', null);
INSERT INTO "JEECMS"."JC_FILE" VALUES ('/u/cms/www/11170703j2h2.jpg', '11170703j2h2.jpg', '1', null);
INSERT INTO "JEECMS"."JC_FILE" VALUES ('/u/cms/www/111707071tn0.jpg', '111707071tn0.jpg', '1', null);
INSERT INTO "JEECMS"."JC_FILE" VALUES ('/u/cms/www/11170712hp37.jpg', '11170712hp37.jpg', '1', null);
INSERT INTO "JEECMS"."JC_FILE" VALUES ('/u/cms/www/111707541g63.jpg', '111707541g63.jpg', '1', null);
INSERT INTO "JEECMS"."JC_FILE" VALUES ('/u/cms/www/11171054ja61.jpg', '11171054ja61.jpg', '1', null);
INSERT INTO "JEECMS"."JC_FILE" VALUES ('/u/cms/www/11171058td8f.jpg', '11171058td8f.jpg', '1', null);
INSERT INTO "JEECMS"."JC_FILE" VALUES ('/u/cms/www/11171102ae78.jpg', '11171102ae78.jpg', '1', null);
INSERT INTO "JEECMS"."JC_FILE" VALUES ('/u/cms/www/11171106qaui.jpg', '11171106qaui.jpg', '1', null);
INSERT INTO "JEECMS"."JC_FILE" VALUES ('/u/cms/www/11171109m2sr.jpg', '11171109m2sr.jpg', '1', null);
INSERT INTO "JEECMS"."JC_FILE" VALUES ('/u/cms/www/11171211kmih.jpg', '11171211kmih.jpg', '1', null);
INSERT INTO "JEECMS"."JC_FILE" VALUES ('/u/cms/www/11171546aux9.jpg', '11171546aux9.jpg', '1', null);
INSERT INTO "JEECMS"."JC_FILE" VALUES ('/u/cms/www/111715499z6t.jpg', '111715499z6t.jpg', '1', null);
INSERT INTO "JEECMS"."JC_FILE" VALUES ('/u/cms/www/11171553t5kf.jpg', '11171553t5kf.jpg', '1', null);
INSERT INTO "JEECMS"."JC_FILE" VALUES ('/u/cms/www/11171558kiit.jpg', '11171558kiit.jpg', '1', null);
INSERT INTO "JEECMS"."JC_FILE" VALUES ('/u/cms/www/11171603em6o.jpg', '11171603em6o.jpg', '1', null);
INSERT INTO "JEECMS"."JC_FILE" VALUES ('/u/cms/www/11171606wnmy.jpg', '11171606wnmy.jpg', '1', null);
INSERT INTO "JEECMS"."JC_FILE" VALUES ('/u/cms/www/1117164754x7.jpg', '1117164754x7.jpg', '1', null);
INSERT INTO "JEECMS"."JC_FILE" VALUES ('/u/cms/www/11172127ltqx.jpg', '11172127ltqx.jpg', '1', null);
INSERT INTO "JEECMS"."JC_FILE" VALUES ('/u/cms/www/111721308eyj.jpg', '111721308eyj.jpg', '1', null);
INSERT INTO "JEECMS"."JC_FILE" VALUES ('/u/cms/www/11172134wikw.jpg', '11172134wikw.jpg', '1', null);
INSERT INTO "JEECMS"."JC_FILE" VALUES ('/u/cms/www/11172137nwy5.jpg', '11172137nwy5.jpg', '1', null);
INSERT INTO "JEECMS"."JC_FILE" VALUES ('/u/cms/www/11172219hw2t.jpg', '11172219hw2t.jpg', '1', null);
INSERT INTO "JEECMS"."JC_FILE" VALUES ('/u/cms/www/11173208w8ji.jpg', '11173208w8ji.jpg', '1', null);
INSERT INTO "JEECMS"."JC_FILE" VALUES ('/u/cms/www/11173213qlec.jpg', '11173213qlec.jpg', '1', null);
INSERT INTO "JEECMS"."JC_FILE" VALUES ('/u/cms/www/111732181p5u.jpg', '111732181p5u.jpg', '1', null);
INSERT INTO "JEECMS"."JC_FILE" VALUES ('/u/cms/www/11173222qknp.jpg', '11173222qknp.jpg', '1', null);
INSERT INTO "JEECMS"."JC_FILE" VALUES ('/u/cms/www/1117323496nx.jpg', '1117323496nx.jpg', '1', null);
INSERT INTO "JEECMS"."JC_FILE" VALUES ('/u/cms/www/11173244ggfv.jpg', '11173244ggfv.jpg', '1', null);
INSERT INTO "JEECMS"."JC_FILE" VALUES ('/u/cms/www/19111015xsud.zip', '19111015xsud.zip', '1', null);
INSERT INTO "JEECMS"."JC_FILE" VALUES ('/u/cms/www/19112925s625.zip', '19112925s625.zip', '1', null);
INSERT INTO "JEECMS"."JC_FILE" VALUES ('/u/cms/www/19114320y7x2.zip', '19114320y7x2.zip', '1', null);
INSERT INTO "JEECMS"."JC_FILE" VALUES ('/u/cms/www/19115459jnds.zip', '19115459jnds.zip', '1', null);
INSERT INTO "JEECMS"."JC_FILE" VALUES ('/u/cms/www/19115513v9k3.zip', '19115513v9k3.zip', '1', null);
INSERT INTO "JEECMS"."JC_FILE" VALUES ('/u/cms/www/19115528h893.zip', '19115528h893.zip', '1', null);
INSERT INTO "JEECMS"."JC_FILE" VALUES ('/u/cms/www/19115540rghk.zip', '19115540rghk.zip', '1', null);
INSERT INTO "JEECMS"."JC_FILE" VALUES ('/u/cms/www/19120206ddre.zip', '19120206ddre.zip', '1', null);
INSERT INTO "JEECMS"."JC_FILE" VALUES ('/u/cms/www/19135345g1s7.zip', '19135345g1s7.zip', '1', null);
INSERT INTO "JEECMS"."JC_FILE" VALUES ('/u/cms/www/19135949d13f.zip', '19135949d13f.zip', '1', null);
INSERT INTO "JEECMS"."JC_FILE" VALUES ('/u/cms/www/191418286eoi.zip', '191418286eoi.zip', '1', null);
INSERT INTO "JEECMS"."JC_FILE" VALUES ('/u/cms/www/191425405rka.zip', '191425405rka.zip', '1', null);
INSERT INTO "JEECMS"."JC_FILE" VALUES ('/u/cms/www/19143017qxs3.zip', '19143017qxs3.zip', '1', null);
INSERT INTO "JEECMS"."JC_FILE" VALUES ('/u/cms/www/2909462878ng.jpg', '2909462878ng.jpg', '1', null);
INSERT INTO "JEECMS"."JC_FILE" VALUES ('/u/cms/www/2909470165q8.jpg', '2909470165q8.jpg', '1', null);
INSERT INTO "JEECMS"."JC_FILE" VALUES ('/u/cms/www/29094750vq4w.jpg', '29094750vq4w.jpg', '1', null);
INSERT INTO "JEECMS"."JC_FILE" VALUES ('/u/cms/www/201511', '201511', '1', null);
INSERT INTO "JEECMS"."JC_FILE" VALUES ('/u/cms/www/021118331rlt.mp4', '021118331rlt.mp4', '1', null);

-- ----------------------------
-- Table structure for JC_FRIENDLINK
-- ----------------------------
DROP TABLE "JEECMS"."JC_FRIENDLINK";
CREATE TABLE "JEECMS"."JC_FRIENDLINK" (
"FRIENDLINK_ID" NUMBER(11) NOT NULL ,
"SITE_ID" NUMBER(11) NOT NULL ,
"FRIENDLINKCTG_ID" NUMBER(11) NOT NULL ,
"SITE_NAME" VARCHAR2(150 BYTE) NOT NULL ,
"DOMAIN" VARCHAR2(255 BYTE) NOT NULL ,
"LOGO" VARCHAR2(150 BYTE) NULL ,
"EMAIL" VARCHAR2(100 BYTE) NULL ,
"DESCRIPTION" VARCHAR2(255 BYTE) NULL ,
"VIEWS" NUMBER(11) DEFAULT 0  NOT NULL ,
"IS_ENABLED" CHAR(1 BYTE) DEFAULT '1'  NOT NULL ,
"PRIORITY" NUMBER(11) DEFAULT 10  NOT NULL 
)
LOGGING
NOCOMPRESS
NOCACHE

;
COMMENT ON TABLE "JEECMS"."JC_FRIENDLINK" IS 'CMS友情链接; ';
COMMENT ON COLUMN "JEECMS"."JC_FRIENDLINK"."SITE_NAME" IS '网站名称';
COMMENT ON COLUMN "JEECMS"."JC_FRIENDLINK"."DOMAIN" IS '网站地址';
COMMENT ON COLUMN "JEECMS"."JC_FRIENDLINK"."LOGO" IS '图标';
COMMENT ON COLUMN "JEECMS"."JC_FRIENDLINK"."EMAIL" IS '站长邮箱';
COMMENT ON COLUMN "JEECMS"."JC_FRIENDLINK"."DESCRIPTION" IS '描述';
COMMENT ON COLUMN "JEECMS"."JC_FRIENDLINK"."VIEWS" IS '点击次数';
COMMENT ON COLUMN "JEECMS"."JC_FRIENDLINK"."IS_ENABLED" IS '是否显示';
COMMENT ON COLUMN "JEECMS"."JC_FRIENDLINK"."PRIORITY" IS '排列顺序';

-- ----------------------------
-- Records of JC_FRIENDLINK
-- ----------------------------
INSERT INTO "JEECMS"."JC_FRIENDLINK" VALUES ('1', '1', '1', 'JEECMS官网', 'http://www.jeecms.com', null, 'jeecms@163.com', 'JEECMS是JavaEE版网站管理系统（Java Enterprise Edition Content Manage System）的简称。Java凭借其强大、稳定、安全、高效等多方面的优势，一直是企业级应用的首选。', '4', '1', '1');
INSERT INTO "JEECMS"."JC_FRIENDLINK" VALUES ('2', '1', '1', 'JEEBBS论坛', 'http://bbs.jeecms.com', null, 'jeecms@163.com', 'JEEBBS论坛', '3', '1', '10');
INSERT INTO "JEECMS"."JC_FRIENDLINK" VALUES ('3', '1', '2', '京东商城', 'http://www.360buy.com/', '/u/cms/www/201112/1910271036lr.gif', null, null, '3', '1', '10');
INSERT INTO "JEECMS"."JC_FRIENDLINK" VALUES ('4', '1', '2', '当当网', 'http://www.dangdang.com/', '/u/cms/www/201112/191408344rwj.gif', null, null, '1', '1', '10');
INSERT INTO "JEECMS"."JC_FRIENDLINK" VALUES ('5', '1', '2', '亚马逊', 'http://www.amazon.cn/', '/u/cms/www/201112/19141012lh2q.gif', null, null, '1', '1', '10');
INSERT INTO "JEECMS"."JC_FRIENDLINK" VALUES ('6', '1', '2', 'ihush', 'http://www.ihush.com/', '/u/cms/www/201112/19141255yrfb.gif', null, null, '1', '1', '10');
INSERT INTO "JEECMS"."JC_FRIENDLINK" VALUES ('7', '1', '2', '名品打折', 'http://temai.dazhe.cn', '/u/cms/www/201112/19141401rp2d.gif', null, null, '1', '1', '10');

-- ----------------------------
-- Table structure for JC_FRIENDLINK_CTG
-- ----------------------------
DROP TABLE "JEECMS"."JC_FRIENDLINK_CTG";
CREATE TABLE "JEECMS"."JC_FRIENDLINK_CTG" (
"FRIENDLINKCTG_ID" NUMBER(11) NOT NULL ,
"SITE_ID" NUMBER(11) NOT NULL ,
"FRIENDLINKCTG_NAME" VARCHAR2(50 BYTE) NOT NULL ,
"PRIORITY" NUMBER(11) DEFAULT 10  NOT NULL 
)
LOGGING
NOCOMPRESS
NOCACHE

;
COMMENT ON TABLE "JEECMS"."JC_FRIENDLINK_CTG" IS 'CMS友情链接类别;';
COMMENT ON COLUMN "JEECMS"."JC_FRIENDLINK_CTG"."FRIENDLINKCTG_NAME" IS '名称';
COMMENT ON COLUMN "JEECMS"."JC_FRIENDLINK_CTG"."PRIORITY" IS '排列顺序';

-- ----------------------------
-- Records of JC_FRIENDLINK_CTG
-- ----------------------------
INSERT INTO "JEECMS"."JC_FRIENDLINK_CTG" VALUES ('1', '1', '文字链接', '1');
INSERT INTO "JEECMS"."JC_FRIENDLINK_CTG" VALUES ('2', '1', '品牌专区（图片链接）', '2');

-- ----------------------------
-- Table structure for JC_GROUP
-- ----------------------------
DROP TABLE "JEECMS"."JC_GROUP";
CREATE TABLE "JEECMS"."JC_GROUP" (
"GROUP_ID" NUMBER(11) NOT NULL ,
"GROUP_NAME" VARCHAR2(100 BYTE) NOT NULL ,
"PRIORITY" NUMBER(11) DEFAULT 10  NOT NULL ,
"NEED_CAPTCHA" NUMBER(1) DEFAULT 1  NOT NULL ,
"NEED_CHECK" NUMBER(1) DEFAULT 1  NOT NULL ,
"ALLOW_PER_DAY" NUMBER(11) DEFAULT 4096  NOT NULL ,
"ALLOW_MAX_FILE" NUMBER(11) DEFAULT 1024  NOT NULL ,
"ALLOW_SUFFIX" VARCHAR2(255 BYTE) DEFAULT 'jpg,jpeg,gif,png,bmp'  NULL ,
"IS_REG_DEF" NUMBER(1) DEFAULT 0  NOT NULL ,
"ALLOW_FILE_SIZE" NUMBER(11) DEFAULT 4096  NOT NULL ,
"ALLOW_FILE_TOTAL" NUMBER(11) DEFAULT 0  NOT NULL 
)
LOGGING
NOCOMPRESS
NOCACHE

;
COMMENT ON TABLE "JEECMS"."JC_GROUP" IS 'CMS会员组表;';
COMMENT ON COLUMN "JEECMS"."JC_GROUP"."GROUP_NAME" IS '名称';
COMMENT ON COLUMN "JEECMS"."JC_GROUP"."PRIORITY" IS '排列顺序';
COMMENT ON COLUMN "JEECMS"."JC_GROUP"."NEED_CAPTCHA" IS '是否需要验证码';
COMMENT ON COLUMN "JEECMS"."JC_GROUP"."NEED_CHECK" IS '是否需要审核';
COMMENT ON COLUMN "JEECMS"."JC_GROUP"."ALLOW_PER_DAY" IS '每日允许上传KB';
COMMENT ON COLUMN "JEECMS"."JC_GROUP"."ALLOW_MAX_FILE" IS '每个文件最大KB';
COMMENT ON COLUMN "JEECMS"."JC_GROUP"."ALLOW_SUFFIX" IS '允许上传的后缀';
COMMENT ON COLUMN "JEECMS"."JC_GROUP"."IS_REG_DEF" IS '是否默认会员组';
COMMENT ON COLUMN "JEECMS"."JC_GROUP"."ALLOW_FILE_SIZE" IS '每个上传文库的文件大小限制kB';
COMMENT ON COLUMN "JEECMS"."JC_GROUP"."ALLOW_FILE_TOTAL" IS '上传总数限制(0没有限制)';

-- ----------------------------
-- Records of JC_GROUP
-- ----------------------------
INSERT INTO "JEECMS"."JC_GROUP" VALUES ('1', '普通会员', '10', '1', '1', '4096', '1024', 'jpg,jpeg,gif,png,bmp', '1', '4096', '0');
INSERT INTO "JEECMS"."JC_GROUP" VALUES ('2', '高级组', '10', '1', '1', '0', '0', null, '0', '4096', '0');
INSERT INTO "JEECMS"."JC_GROUP" VALUES ('3', 'vip', '10', '1', '1', '0', '0', null, '0', '4096', '0');

-- ----------------------------
-- Table structure for JC_GUESTBOOK
-- ----------------------------
DROP TABLE "JEECMS"."JC_GUESTBOOK";
CREATE TABLE "JEECMS"."JC_GUESTBOOK" (
"GUESTBOOK_ID" NUMBER(11) NOT NULL ,
"SITE_ID" NUMBER(11) NOT NULL ,
"GUESTBOOKCTG_ID" NUMBER(11) NOT NULL ,
"MEMBER_ID" NUMBER(11) NULL ,
"ADMIN_ID" NUMBER(11) NULL ,
"IP" VARCHAR2(50 BYTE) NOT NULL ,
"CREATE_TIME" DATE NOT NULL ,
"REPLAY_TIME" DATE NULL ,
"IS_CHECKED" NUMBER(1) DEFAULT 0  NOT NULL ,
"IS_RECOMMEND" NUMBER(1) DEFAULT 0  NOT NULL 
)
LOGGING
NOCOMPRESS
NOCACHE

;
COMMENT ON TABLE "JEECMS"."JC_GUESTBOOK" IS 'CMS留言;';
COMMENT ON COLUMN "JEECMS"."JC_GUESTBOOK"."MEMBER_ID" IS '留言会员';
COMMENT ON COLUMN "JEECMS"."JC_GUESTBOOK"."ADMIN_ID" IS '回复管理员';
COMMENT ON COLUMN "JEECMS"."JC_GUESTBOOK"."IP" IS '留言IP';
COMMENT ON COLUMN "JEECMS"."JC_GUESTBOOK"."CREATE_TIME" IS '留言时间';
COMMENT ON COLUMN "JEECMS"."JC_GUESTBOOK"."REPLAY_TIME" IS '回复时间';
COMMENT ON COLUMN "JEECMS"."JC_GUESTBOOK"."IS_CHECKED" IS '是否审核';
COMMENT ON COLUMN "JEECMS"."JC_GUESTBOOK"."IS_RECOMMEND" IS '是否推荐';

-- ----------------------------
-- Records of JC_GUESTBOOK
-- ----------------------------

-- ----------------------------
-- Table structure for JC_GUESTBOOK_CTG
-- ----------------------------
DROP TABLE "JEECMS"."JC_GUESTBOOK_CTG";
CREATE TABLE "JEECMS"."JC_GUESTBOOK_CTG" (
"GUESTBOOKCTG_ID" NUMBER(11) NOT NULL ,
"SITE_ID" NUMBER(11) NOT NULL ,
"CTG_NAME" VARCHAR2(100 BYTE) NOT NULL ,
"PRIORITY" NUMBER(11) DEFAULT 10  NOT NULL ,
"DESCRIPTION" VARCHAR2(255 BYTE) NULL 
)
LOGGING
NOCOMPRESS
NOCACHE

;
COMMENT ON TABLE "JEECMS"."JC_GUESTBOOK_CTG" IS 'CMS留言类别;';
COMMENT ON COLUMN "JEECMS"."JC_GUESTBOOK_CTG"."CTG_NAME" IS '名称';
COMMENT ON COLUMN "JEECMS"."JC_GUESTBOOK_CTG"."PRIORITY" IS '排列顺序';
COMMENT ON COLUMN "JEECMS"."JC_GUESTBOOK_CTG"."DESCRIPTION" IS '描述';

-- ----------------------------
-- Records of JC_GUESTBOOK_CTG
-- ----------------------------
INSERT INTO "JEECMS"."JC_GUESTBOOK_CTG" VALUES ('1', '1', '普通', '1', '普通留言');
INSERT INTO "JEECMS"."JC_GUESTBOOK_CTG" VALUES ('2', '1', '投诉', '10', '投诉');

-- ----------------------------
-- Table structure for JC_GUESTBOOK_CTG_DEPARTMENT
-- ----------------------------
DROP TABLE "JEECMS"."JC_GUESTBOOK_CTG_DEPARTMENT";
CREATE TABLE "JEECMS"."JC_GUESTBOOK_CTG_DEPARTMENT" (
"GUESTBOOKCTG_ID" NUMBER(11) NOT NULL ,
"DEPART_ID" NUMBER(11) NOT NULL 
)
LOGGING
NOCOMPRESS
NOCACHE

;
COMMENT ON TABLE "JEECMS"."JC_GUESTBOOK_CTG_DEPARTMENT" IS 'CMS留言类别部门关联表;';

-- ----------------------------
-- Records of JC_GUESTBOOK_CTG_DEPARTMENT
-- ----------------------------

-- ----------------------------
-- Table structure for JC_GUESTBOOK_EXT
-- ----------------------------
DROP TABLE "JEECMS"."JC_GUESTBOOK_EXT";
CREATE TABLE "JEECMS"."JC_GUESTBOOK_EXT" (
"GUESTBOOK_ID" NUMBER(11) NOT NULL ,
"TITLE" VARCHAR2(255 BYTE) NULL ,
"CONTENT" CLOB NULL ,
"REPLY" CLOB NULL ,
"EMAIL" VARCHAR2(100 BYTE) NULL ,
"PHONE" VARCHAR2(100 BYTE) NULL ,
"QQ" VARCHAR2(50 BYTE) NULL 
)
LOGGING
NOCOMPRESS
NOCACHE

;
COMMENT ON TABLE "JEECMS"."JC_GUESTBOOK_EXT" IS 'CMS留言内容;';
COMMENT ON COLUMN "JEECMS"."JC_GUESTBOOK_EXT"."TITLE" IS '留言标题';
COMMENT ON COLUMN "JEECMS"."JC_GUESTBOOK_EXT"."CONTENT" IS '留言内容';
COMMENT ON COLUMN "JEECMS"."JC_GUESTBOOK_EXT"."REPLY" IS '回复内容';
COMMENT ON COLUMN "JEECMS"."JC_GUESTBOOK_EXT"."EMAIL" IS '电子邮件';
COMMENT ON COLUMN "JEECMS"."JC_GUESTBOOK_EXT"."PHONE" IS '电话';
COMMENT ON COLUMN "JEECMS"."JC_GUESTBOOK_EXT"."QQ" IS 'QQ';

-- ----------------------------
-- Records of JC_GUESTBOOK_EXT
-- ----------------------------

-- ----------------------------
-- Table structure for JC_JOB_APPLY
-- ----------------------------
DROP TABLE "JEECMS"."JC_JOB_APPLY";
CREATE TABLE "JEECMS"."JC_JOB_APPLY" (
"JOB_APPLY_ID" NUMBER(11) NOT NULL ,
"USER_ID" NUMBER(11) NOT NULL ,
"CONTENT_ID" NUMBER(11) NOT NULL ,
"APPLY_TIME" DATE NOT NULL 
)
LOGGING
NOCOMPRESS
NOCACHE

;
COMMENT ON TABLE "JEECMS"."JC_JOB_APPLY" IS '职位申请表;';
COMMENT ON COLUMN "JEECMS"."JC_JOB_APPLY"."USER_ID" IS '用户id';
COMMENT ON COLUMN "JEECMS"."JC_JOB_APPLY"."CONTENT_ID" IS '职位id';
COMMENT ON COLUMN "JEECMS"."JC_JOB_APPLY"."APPLY_TIME" IS '申请时间';

-- ----------------------------
-- Records of JC_JOB_APPLY
-- ----------------------------

-- ----------------------------
-- Table structure for JC_KEYWORD
-- ----------------------------
DROP TABLE "JEECMS"."JC_KEYWORD";
CREATE TABLE "JEECMS"."JC_KEYWORD" (
"KEYWORD_ID" NUMBER(11) NOT NULL ,
"SITE_ID" NUMBER(11) NULL ,
"KEYWORD_NAME" VARCHAR2(100 BYTE) NOT NULL ,
"URL" VARCHAR2(255 BYTE) NOT NULL ,
"IS_DISABLED" NUMBER(1) DEFAULT 0  NOT NULL 
)
LOGGING
NOCOMPRESS
NOCACHE

;
COMMENT ON TABLE "JEECMS"."JC_KEYWORD" IS 'CMS内容关键词表;';
COMMENT ON COLUMN "JEECMS"."JC_KEYWORD"."SITE_ID" IS '站点ID';
COMMENT ON COLUMN "JEECMS"."JC_KEYWORD"."KEYWORD_NAME" IS '名称';
COMMENT ON COLUMN "JEECMS"."JC_KEYWORD"."URL" IS '链接';
COMMENT ON COLUMN "JEECMS"."JC_KEYWORD"."IS_DISABLED" IS '是否禁用';

-- ----------------------------
-- Records of JC_KEYWORD
-- ----------------------------
INSERT INTO "JEECMS"."JC_KEYWORD" VALUES ('1', null, '内容管理系统', '<a href=\"http://www.jeecms.com/\" target=\"_blank\">内容管理系统</a>', '0');

-- ----------------------------
-- Table structure for JC_LOG
-- ----------------------------
DROP TABLE "JEECMS"."JC_LOG";
CREATE TABLE "JEECMS"."JC_LOG" (
"LOG_ID" NUMBER(11) NOT NULL ,
"USER_ID" NUMBER(11) NULL ,
"SITE_ID" NUMBER(11) NULL ,
"CATEGORY" NUMBER(11) NOT NULL ,
"LOG_TIME" DATE NOT NULL ,
"IP" VARCHAR2(50 BYTE) NULL ,
"URL" VARCHAR2(255 BYTE) NULL ,
"TITLE" VARCHAR2(255 BYTE) NULL ,
"CONTENT" VARCHAR2(255 BYTE) NULL 
)
LOGGING
NOCOMPRESS
NOCACHE

;
COMMENT ON TABLE "JEECMS"."JC_LOG" IS 'CMS日志表;';
COMMENT ON COLUMN "JEECMS"."JC_LOG"."CATEGORY" IS '日志类型';
COMMENT ON COLUMN "JEECMS"."JC_LOG"."LOG_TIME" IS '日志时间';
COMMENT ON COLUMN "JEECMS"."JC_LOG"."IP" IS 'IP地址';
COMMENT ON COLUMN "JEECMS"."JC_LOG"."URL" IS 'URL地址';
COMMENT ON COLUMN "JEECMS"."JC_LOG"."TITLE" IS '日志标题';
COMMENT ON COLUMN "JEECMS"."JC_LOG"."CONTENT" IS '日志内容';

-- ----------------------------
-- Records of JC_LOG
-- ----------------------------
INSERT INTO "JEECMS"."JC_LOG" VALUES ('24', '1', null, '1', TO_DATE('2015-11-05 10:43:44', 'YYYY-MM-DD HH24:MI:SS'), '127.0.0.1', '/jeecms/jeeadmin/jeecms/login.do', 'login success', null);
INSERT INTO "JEECMS"."JC_LOG" VALUES ('27', '1', '1', '3', TO_DATE('2015-11-05 11:07:19', 'YYYY-MM-DD HH24:MI:SS'), '127.0.0.1', '/jeecms/jeeadmin/jeecms/site_config/o_base_update.do', '站点基本设置', null);
INSERT INTO "JEECMS"."JC_LOG" VALUES ('37', '1', '1', '3', TO_DATE('2015-11-05 13:16:14', 'YYYY-MM-DD HH24:MI:SS'), '127.0.0.1', '/jeecms/jeeadmin/jeecms/config/o_system_update.do', '修改系统设置', null);
INSERT INTO "JEECMS"."JC_LOG" VALUES ('48', '2', null, '1', TO_DATE('2015-11-05 13:35:48', 'YYYY-MM-DD HH24:MI:SS'), '183.224.85.76', '/jeecms/jeeadmin/jeecms/login.do', 'login success', null);
INSERT INTO "JEECMS"."JC_LOG" VALUES ('49', '2', null, '1', TO_DATE('2015-11-05 13:57:45', 'YYYY-MM-DD HH24:MI:SS'), '183.224.85.76', '/jeecms/jeeadmin/jeecms/login.do', 'login success', null);
INSERT INTO "JEECMS"."JC_LOG" VALUES ('50', '1', null, '1', TO_DATE('2015-11-05 14:02:10', 'YYYY-MM-DD HH24:MI:SS'), '183.224.85.76', '/jeecms/jeeadmin/jeecms/login.do', 'login success', null);
INSERT INTO "JEECMS"."JC_LOG" VALUES ('60', '1', null, '1', TO_DATE('2015-11-05 14:14:55', 'YYYY-MM-DD HH24:MI:SS'), '127.0.0.1', '/jeecms/jeeadmin/jeecms/login.do', 'login success', null);
INSERT INTO "JEECMS"."JC_LOG" VALUES ('94', '5', null, '1', TO_DATE('2015-11-05 22:43:15', 'YYYY-MM-DD HH24:MI:SS'), '127.0.0.1', '/jeecms/jeeadmin/jeecms/login.do', 'login success', null);
INSERT INTO "JEECMS"."JC_LOG" VALUES ('90', '5', null, '1', TO_DATE('2015-11-05 22:39:31', 'YYYY-MM-DD HH24:MI:SS'), '127.0.0.1', '/jeecms/jeeadmin/jeecms/login.do', 'login success', null);
INSERT INTO "JEECMS"."JC_LOG" VALUES ('91', '1', null, '1', TO_DATE('2015-11-05 22:40:17', 'YYYY-MM-DD HH24:MI:SS'), '127.0.0.1', '/jeecms/jeeadmin/jeecms/login.do', 'login success', null);
INSERT INTO "JEECMS"."JC_LOG" VALUES ('21', '1', null, '1', TO_DATE('2015-11-05 09:46:10', 'YYYY-MM-DD HH24:MI:SS'), '127.0.0.1', '/jeecms/jeeadmin/jeecms/login.do', 'login success', null);
INSERT INTO "JEECMS"."JC_LOG" VALUES ('23', '1', null, '1', TO_DATE('2015-11-05 10:04:52', 'YYYY-MM-DD HH24:MI:SS'), '127.0.0.1', '/jeecms/jeeadmin/jeecms/login.do', 'login success', null);
INSERT INTO "JEECMS"."JC_LOG" VALUES ('25', '1', '1', '3', TO_DATE('2015-11-05 10:47:47', 'YYYY-MM-DD HH24:MI:SS'), '127.0.0.1', '/jeecms/jeeadmin/jeecms/config/o_system_update.do', '修改系统设置', null);
INSERT INTO "JEECMS"."JC_LOG" VALUES ('26', '1', '1', '3', TO_DATE('2015-11-05 10:53:34', 'YYYY-MM-DD HH24:MI:SS'), '127.0.0.1', '/jeecms/jeeadmin/jeecms/config/o_system_update.do', '修改系统设置', null);
INSERT INTO "JEECMS"."JC_LOG" VALUES ('28', '1', '1', '3', TO_DATE('2015-11-05 11:15:48', 'YYYY-MM-DD HH24:MI:SS'), '127.0.0.1', '/jeecms/jeeadmin/jeecms/site/o_save.do', '增加站点', 'id=3;name=云南楚创科技有限公司');
INSERT INTO "JEECMS"."JC_LOG" VALUES ('29', '1', null, '1', TO_DATE('2015-11-05 11:19:56', 'YYYY-MM-DD HH24:MI:SS'), '127.0.0.1', '/jeecms/jeeadmin/jeecms/login.do', 'login success', null);
INSERT INTO "JEECMS"."JC_LOG" VALUES ('31', '1', '1', '3', TO_DATE('2015-11-05 11:45:39', 'YYYY-MM-DD HH24:MI:SS'), '127.0.0.1', '/jeecms/jeeadmin/jeecms/site_config/o_company_update.do', '站点基本设置', null);
INSERT INTO "JEECMS"."JC_LOG" VALUES ('32', '1', '1', '3', TO_DATE('2015-11-05 11:49:03', 'YYYY-MM-DD HH24:MI:SS'), '127.0.0.1', '/jeecms/jeeadmin/jeecms/config/o_system_update.do', '修改系统设置', null);
INSERT INTO "JEECMS"."JC_LOG" VALUES ('33', '1', '1', '3', TO_DATE('2015-11-05 11:49:38', 'YYYY-MM-DD HH24:MI:SS'), '127.0.0.1', '/jeecms/jeeadmin/jeecms/config/o_system_update.do', '修改系统设置', null);
INSERT INTO "JEECMS"."JC_LOG" VALUES ('34', '1', '1', '3', TO_DATE('2015-11-05 11:51:27', 'YYYY-MM-DD HH24:MI:SS'), '127.0.0.1', '/jeecms/jeeadmin/jeecms/role/o_update.do', '修改角色', 'id=1;name=管理员');
INSERT INTO "JEECMS"."JC_LOG" VALUES ('35', '1', '1', '3', TO_DATE('2015-11-05 11:52:15', 'YYYY-MM-DD HH24:MI:SS'), '127.0.0.1', '/jeecms/jeeadmin/jeecms/role/o_update.do', '修改角色', 'id=1;name=管理员');
INSERT INTO "JEECMS"."JC_LOG" VALUES ('43', '1', null, '1', TO_DATE('2015-11-05 13:28:11', 'YYYY-MM-DD HH24:MI:SS'), '127.0.0.1', '/jeecms/jeeadmin/jeecms/login.do', 'login success', null);
INSERT INTO "JEECMS"."JC_LOG" VALUES ('30', '1', '1', '3', TO_DATE('2015-11-05 11:30:08', 'YYYY-MM-DD HH24:MI:SS'), '127.0.0.1', '/jeecms/jeeadmin/jeecms/admin_global/o_update.do', '修改用户', 'id=1;username=admin');
INSERT INTO "JEECMS"."JC_LOG" VALUES ('38', '1', '1', '3', TO_DATE('2015-11-05 13:16:29', 'YYYY-MM-DD HH24:MI:SS'), '127.0.0.1', '/jeecms/jeeadmin/jeecms/site_config/o_base_update.do', '站点基本设置', null);
INSERT INTO "JEECMS"."JC_LOG" VALUES ('41', '1', '3', '3', TO_DATE('2015-11-05 13:27:25', 'YYYY-MM-DD HH24:MI:SS'), '127.0.0.1', '/jeecms/jeeadmin/jeecms/admin_local/o_save.do', '增加用户', 'id=2;username=ynccsoft');
INSERT INTO "JEECMS"."JC_LOG" VALUES ('42', '2', null, '1', TO_DATE('2015-11-05 13:27:39', 'YYYY-MM-DD HH24:MI:SS'), '127.0.0.1', '/jeecms/jeeadmin/jeecms/login.do', 'login success', null);
INSERT INTO "JEECMS"."JC_LOG" VALUES ('46', '1', '1', '3', TO_DATE('2015-11-05 13:31:51', 'YYYY-MM-DD HH24:MI:SS'), '183.224.85.76', '/jeecms/jeeadmin/jeecms/role/o_update.do', '修改角色', 'id=3;name=初审');
INSERT INTO "JEECMS"."JC_LOG" VALUES ('51', '1', '1', '3', TO_DATE('2015-11-05 14:04:05', 'YYYY-MM-DD HH24:MI:SS'), '183.224.85.76', '/jeecms/jeeadmin/jeecms/role/o_update.do', '修改角色', 'id=3;name=初审');
INSERT INTO "JEECMS"."JC_LOG" VALUES ('54', null, null, '2', TO_DATE('2015-11-05 14:10:00', 'YYYY-MM-DD HH24:MI:SS'), '127.0.0.1', '/jeecms/jeeadmin/jeecms/login.do', 'login failure', 'username=admin');
INSERT INTO "JEECMS"."JC_LOG" VALUES ('55', null, null, '2', TO_DATE('2015-11-05 14:10:06', 'YYYY-MM-DD HH24:MI:SS'), '127.0.0.1', '/jeecms/jeeadmin/jeecms/login.do', 'login failure', 'username=admin');
INSERT INTO "JEECMS"."JC_LOG" VALUES ('56', null, null, '2', TO_DATE('2015-11-05 14:10:14', 'YYYY-MM-DD HH24:MI:SS'), '127.0.0.1', '/jeecms/jeeadmin/jeecms/login.do', 'login failure', 'username=admin');
INSERT INTO "JEECMS"."JC_LOG" VALUES ('57', '1', null, '1', TO_DATE('2015-11-05 14:10:40', 'YYYY-MM-DD HH24:MI:SS'), '127.0.0.1', '/jeecms/jeeadmin/jeecms/login.do', 'login success', null);
INSERT INTO "JEECMS"."JC_LOG" VALUES ('58', '1', '1', '3', TO_DATE('2015-11-05 14:12:36', 'YYYY-MM-DD HH24:MI:SS'), '127.0.0.1', '/jeecms/jeeadmin/jeecms/member/o_save.do', '增加会员', 'id=3;username=ynzy');
INSERT INTO "JEECMS"."JC_LOG" VALUES ('93', '1', '1', '3', TO_DATE('2015-11-05 22:42:44', 'YYYY-MM-DD HH24:MI:SS'), '127.0.0.1', '/jeecms/jeeadmin/jeecms/admin_global/o_update.do', '修改用户', 'id=5;username=ynzy');
INSERT INTO "JEECMS"."JC_LOG" VALUES ('61', '1', '1', '3', TO_DATE('2015-11-05 14:17:47', 'YYYY-MM-DD HH24:MI:SS'), '127.0.0.1', '/jeecms/jeeadmin/jeecms/member/o_check.do', '删除会员', 'id=3;username=ynzy');
INSERT INTO "JEECMS"."JC_LOG" VALUES ('87', '1', null, '1', TO_DATE('2015-11-05 22:37:07', 'YYYY-MM-DD HH24:MI:SS'), '127.0.0.1', '/jeecms/jeeadmin/jeecms/login.do', 'login success', null);
INSERT INTO "JEECMS"."JC_LOG" VALUES ('63', '1', null, '1', TO_DATE('2015-11-05 14:18:45', 'YYYY-MM-DD HH24:MI:SS'), '127.0.0.1', '/jeecms/jeeadmin/jeecms/login.do', 'login success', null);
INSERT INTO "JEECMS"."JC_LOG" VALUES ('64', '1', '1', '3', TO_DATE('2015-11-05 14:18:57', 'YYYY-MM-DD HH24:MI:SS'), '127.0.0.1', '/jeecms/jeeadmin/jeecms/member/o_check.do', '删除会员', 'id=3;username=ynzy');
INSERT INTO "JEECMS"."JC_LOG" VALUES ('65', '1', '1', '3', TO_DATE('2015-11-05 14:20:34', 'YYYY-MM-DD HH24:MI:SS'), '127.0.0.1', '/jeecms/jeeadmin/jeecms/admin_global/o_save.do', '增加用户', 'id=4;username=ynzy1');
INSERT INTO "JEECMS"."JC_LOG" VALUES ('95', '1', null, '1', TO_DATE('2015-11-05 22:43:56', 'YYYY-MM-DD HH24:MI:SS'), '127.0.0.1', '/jeecms/jeeadmin/jeecms/login.do', 'login success', null);
INSERT INTO "JEECMS"."JC_LOG" VALUES ('70', '1', null, '1', TO_DATE('2015-11-05 21:03:00', 'YYYY-MM-DD HH24:MI:SS'), '127.0.0.1', '/jeecms/jeeadmin/jeecms/login.do', 'login success', null);
INSERT INTO "JEECMS"."JC_LOG" VALUES ('79', '1', null, '1', TO_DATE('2015-11-05 22:18:02', 'YYYY-MM-DD HH24:MI:SS'), '127.0.0.1', '/jeecms/jeeadmin/jeecms/login.do', 'login success', null);
INSERT INTO "JEECMS"."JC_LOG" VALUES ('80', '1', '1', '3', TO_DATE('2015-11-05 22:30:28', 'YYYY-MM-DD HH24:MI:SS'), '127.0.0.1', '/jeecms/jeeadmin/jeecms/site_config/o_base_update.do', '站点基本设置', null);
INSERT INTO "JEECMS"."JC_LOG" VALUES ('81', '1', '1', '3', TO_DATE('2015-11-05 22:31:59', 'YYYY-MM-DD HH24:MI:SS'), '127.0.0.1', '/jeecms/jeeadmin/jeecms/site_config/o_base_update.do', '站点基本设置', null);
INSERT INTO "JEECMS"."JC_LOG" VALUES ('96', '1', '1', '3', TO_DATE('2015-11-05 22:44:54', 'YYYY-MM-DD HH24:MI:SS'), '127.0.0.1', '/jeecms/jeeadmin/jeecms/admin_global/o_update.do', '修改用户', 'id=5;username=ynzy');
INSERT INTO "JEECMS"."JC_LOG" VALUES ('97', '1', '1', '3', TO_DATE('2015-11-05 22:45:00', 'YYYY-MM-DD HH24:MI:SS'), '127.0.0.1', '/jeecms/jeeadmin/jeecms/admin_global/o_update.do', '修改用户', 'id=5;username=ynzy');
INSERT INTO "JEECMS"."JC_LOG" VALUES ('88', '1', '1', '3', TO_DATE('2015-11-05 22:38:19', 'YYYY-MM-DD HH24:MI:SS'), '127.0.0.1', '/jeecms/jeeadmin/jeecms/admin_global/o_save.do', '增加用户', 'id=5;username=ynzy');
INSERT INTO "JEECMS"."JC_LOG" VALUES ('89', '1', '1', '3', TO_DATE('2015-11-05 22:38:32', 'YYYY-MM-DD HH24:MI:SS'), '127.0.0.1', '/jeecms/jeeadmin/jeecms/admin_global/o_delete.do', '删除用户', 'id=4;username=ynzy1');
INSERT INTO "JEECMS"."JC_LOG" VALUES ('92', '1', '1', '3', TO_DATE('2015-11-05 22:41:15', 'YYYY-MM-DD HH24:MI:SS'), '127.0.0.1', '/jeecms/jeeadmin/jeecms/admin_global/o_update.do', '修改用户', 'id=5;username=ynzy');
INSERT INTO "JEECMS"."JC_LOG" VALUES ('39', null, null, '2', TO_DATE('2015-11-05 13:19:02', 'YYYY-MM-DD HH24:MI:SS'), '183.224.85.76', '/jeecms/jeeadmin/jeecms/login.do', 'login failure', 'username=admin');
INSERT INTO "JEECMS"."JC_LOG" VALUES ('40', '1', null, '1', TO_DATE('2015-11-05 13:19:42', 'YYYY-MM-DD HH24:MI:SS'), '183.224.85.76', '/jeecms/jeeadmin/jeecms/login.do', 'login success', null);
INSERT INTO "JEECMS"."JC_LOG" VALUES ('47', '2', null, '1', TO_DATE('2015-11-05 13:32:10', 'YYYY-MM-DD HH24:MI:SS'), '183.224.85.76', '/jeecms/jeeadmin/jeecms/login.do', 'login success', null);
INSERT INTO "JEECMS"."JC_LOG" VALUES ('52', null, null, '2', TO_DATE('2015-11-05 14:09:51', 'YYYY-MM-DD HH24:MI:SS'), '127.0.0.1', '/jeecms/jeeadmin/jeecms/login.do', 'login failure', 'username=admin');
INSERT INTO "JEECMS"."JC_LOG" VALUES ('53', null, null, '2', TO_DATE('2015-11-05 14:09:57', 'YYYY-MM-DD HH24:MI:SS'), '127.0.0.1', '/jeecms/jeeadmin/jeecms/login.do', 'login failure', 'username=admin');
INSERT INTO "JEECMS"."JC_LOG" VALUES ('22', '1', '1', '3', TO_DATE('2015-11-05 09:46:36', 'YYYY-MM-DD HH24:MI:SS'), '127.0.0.1', '/jeecms/jeeadmin/jeecms/config/o_system_update.do', '修改系统设置', null);
INSERT INTO "JEECMS"."JC_LOG" VALUES ('36', '1', '1', '3', TO_DATE('2015-11-05 11:52:46', 'YYYY-MM-DD HH24:MI:SS'), '127.0.0.1', '/jeecms/jeeadmin/jeecms/role/o_update.do', '修改角色', 'id=1;name=管理员');
INSERT INTO "JEECMS"."JC_LOG" VALUES ('44', '1', '1', '3', TO_DATE('2015-11-05 13:29:44', 'YYYY-MM-DD HH24:MI:SS'), '127.0.0.1', '/jeecms/jeeadmin/jeecms/admin_global/o_update.do', '修改用户', 'id=2;username=ynccsoft');
INSERT INTO "JEECMS"."JC_LOG" VALUES ('45', '2', null, '1', TO_DATE('2015-11-05 13:29:55', 'YYYY-MM-DD HH24:MI:SS'), '127.0.0.1', '/jeecms/jeeadmin/jeecms/login.do', 'login success', null);
INSERT INTO "JEECMS"."JC_LOG" VALUES ('71', '1', null, '1', TO_DATE('2015-11-05 21:55:37', 'YYYY-MM-DD HH24:MI:SS'), '127.0.0.1', '/jeecms/jeeadmin/jeecms/login.do', 'login success', null);

-- ----------------------------
-- Table structure for JC_MESSAGE
-- ----------------------------
DROP TABLE "JEECMS"."JC_MESSAGE";
CREATE TABLE "JEECMS"."JC_MESSAGE" (
"MSG_ID" NUMBER(11) NOT NULL ,
"MSG_TITLE" VARCHAR2(255 BYTE) NOT NULL ,
"MSG_CONTENT" CLOB NULL ,
"SEND_TIME" TIMESTAMP(6)  NULL ,
"MSG_SEND_USER" NUMBER(11) DEFAULT 1  NOT NULL ,
"MSG_RECEIVER_USER" NUMBER(11) DEFAULT 0  NOT NULL ,
"SITE_ID" NUMBER(11) DEFAULT 1  NOT NULL ,
"MSG_STATUS" NUMBER(1) DEFAULT 0  NOT NULL ,
"MSG_BOX" NUMBER(11) DEFAULT 1  NOT NULL 
)
LOGGING
NOCOMPRESS
NOCACHE

;
COMMENT ON TABLE "JEECMS"."JC_MESSAGE" IS '站内信;';
COMMENT ON COLUMN "JEECMS"."JC_MESSAGE"."MSG_ID" IS '消息id';
COMMENT ON COLUMN "JEECMS"."JC_MESSAGE"."MSG_TITLE" IS '标题';
COMMENT ON COLUMN "JEECMS"."JC_MESSAGE"."MSG_CONTENT" IS '站内信息内容';
COMMENT ON COLUMN "JEECMS"."JC_MESSAGE"."SEND_TIME" IS '发送时间';
COMMENT ON COLUMN "JEECMS"."JC_MESSAGE"."MSG_SEND_USER" IS '发信息人';
COMMENT ON COLUMN "JEECMS"."JC_MESSAGE"."MSG_RECEIVER_USER" IS '接收人';
COMMENT ON COLUMN "JEECMS"."JC_MESSAGE"."SITE_ID" IS '站点';
COMMENT ON COLUMN "JEECMS"."JC_MESSAGE"."MSG_STATUS" IS '消息状态0未读，1已读';
COMMENT ON COLUMN "JEECMS"."JC_MESSAGE"."MSG_BOX" IS '消息信箱 0收件箱 1发件箱 2草稿箱 3垃圾箱';

-- ----------------------------
-- Records of JC_MESSAGE
-- ----------------------------

-- ----------------------------
-- Table structure for JC_MODEL
-- ----------------------------
DROP TABLE "JEECMS"."JC_MODEL";
CREATE TABLE "JEECMS"."JC_MODEL" (
"MODEL_ID" NUMBER(11) NOT NULL ,
"MODEL_NAME" VARCHAR2(100 BYTE) NOT NULL ,
"MODEL_PATH" VARCHAR2(100 BYTE) NOT NULL ,
"TPL_CHANNEL_PREFIX" VARCHAR2(20 BYTE) NULL ,
"TPL_CONTENT_PREFIX" VARCHAR2(20 BYTE) NULL ,
"TITLE_IMG_WIDTH" NUMBER(11) DEFAULT 139  NOT NULL ,
"TITLE_IMG_HEIGHT" NUMBER(11) DEFAULT 139  NOT NULL ,
"CONTENT_IMG_WIDTH" NUMBER(11) DEFAULT 310  NOT NULL ,
"CONTENT_IMG_HEIGHT" NUMBER(11) DEFAULT 310  NOT NULL ,
"PRIORITY" NUMBER(11) DEFAULT 10  NOT NULL ,
"HAS_CONTENT" NUMBER(1) DEFAULT 1  NOT NULL ,
"IS_DISABLED" NUMBER(1) DEFAULT 0  NOT NULL ,
"IS_DEF" NUMBER(1) DEFAULT 0  NOT NULL 
)
LOGGING
NOCOMPRESS
NOCACHE

;
COMMENT ON TABLE "JEECMS"."JC_MODEL" IS 'CMS模型表;';
COMMENT ON COLUMN "JEECMS"."JC_MODEL"."MODEL_NAME" IS '名称';
COMMENT ON COLUMN "JEECMS"."JC_MODEL"."MODEL_PATH" IS '路径';
COMMENT ON COLUMN "JEECMS"."JC_MODEL"."TPL_CHANNEL_PREFIX" IS '栏目模板前缀';
COMMENT ON COLUMN "JEECMS"."JC_MODEL"."TPL_CONTENT_PREFIX" IS '内容模板前缀';
COMMENT ON COLUMN "JEECMS"."JC_MODEL"."TITLE_IMG_WIDTH" IS '栏目标题图宽度';
COMMENT ON COLUMN "JEECMS"."JC_MODEL"."TITLE_IMG_HEIGHT" IS '栏目标题图高度';
COMMENT ON COLUMN "JEECMS"."JC_MODEL"."CONTENT_IMG_WIDTH" IS '栏目内容图宽度';
COMMENT ON COLUMN "JEECMS"."JC_MODEL"."CONTENT_IMG_HEIGHT" IS '栏目内容图高度';
COMMENT ON COLUMN "JEECMS"."JC_MODEL"."PRIORITY" IS '排列顺序';
COMMENT ON COLUMN "JEECMS"."JC_MODEL"."HAS_CONTENT" IS '是否有内容';
COMMENT ON COLUMN "JEECMS"."JC_MODEL"."IS_DISABLED" IS '是否禁用';
COMMENT ON COLUMN "JEECMS"."JC_MODEL"."IS_DEF" IS '是否默认模型';

-- ----------------------------
-- Records of JC_MODEL
-- ----------------------------
INSERT INTO "JEECMS"."JC_MODEL" VALUES ('1', '新闻', '1', 'news', 'news', '139', '139', '310', '310', '1', '1', '0', '1');
INSERT INTO "JEECMS"."JC_MODEL" VALUES ('2', '单页', '2', 'alone', null, '139', '139', '310', '310', '2', '0', '0', '0');
INSERT INTO "JEECMS"."JC_MODEL" VALUES ('3', '作品', '3', 'news', 'news', '139', '139', '310', '310', '3', '1', '0', '0');
INSERT INTO "JEECMS"."JC_MODEL" VALUES ('4', '下载', '4', 'download', 'download', '139', '139', '310', '310', '4', '1', '0', '0');
INSERT INTO "JEECMS"."JC_MODEL" VALUES ('5', '图库', '5', 'pic', 'pic', '139', '139', '310', '310', '5', '1', '0', '0');
INSERT INTO "JEECMS"."JC_MODEL" VALUES ('6', '视频', '6', 'vedio', 'vedio', '139', '139', '310', '310', '10', '1', '0', '0');
INSERT INTO "JEECMS"."JC_MODEL" VALUES ('7', '产品', '7', 'news', 'news', '139', '139', '310', '310', '10', '1', '0', '0');
INSERT INTO "JEECMS"."JC_MODEL" VALUES ('8', '招聘', 'job', 'job', 'job', '139', '139', '310', '310', '10', '1', '0', '0');
INSERT INTO "JEECMS"."JC_MODEL" VALUES ('9', '文库', 'wenku', 'doc', 'doc', '139', '139', '310', '310', '10', '1', '0', '0');

-- ----------------------------
-- Table structure for JC_MODEL_ITEM
-- ----------------------------
DROP TABLE "JEECMS"."JC_MODEL_ITEM";
CREATE TABLE "JEECMS"."JC_MODEL_ITEM" (
"MODELITEM_ID" NUMBER(11) NOT NULL ,
"MODEL_ID" NUMBER(11) NOT NULL ,
"FIELD" VARCHAR2(50 BYTE) NOT NULL ,
"ITEM_LABEL" VARCHAR2(100 BYTE) NOT NULL ,
"PRIORITY" NUMBER(11) DEFAULT 70  NOT NULL ,
"DEF_VALUE" VARCHAR2(255 BYTE) NULL ,
"OPT_VALUE" VARCHAR2(255 BYTE) NULL ,
"TEXT_SIZE" VARCHAR2(20 BYTE) NULL ,
"AREA_ROWS" VARCHAR2(3 BYTE) NULL ,
"AREA_COLS" VARCHAR2(3 BYTE) NULL ,
"HELP" VARCHAR2(255 BYTE) NULL ,
"HELP_POSITION" VARCHAR2(1 BYTE) NULL ,
"DATA_TYPE" NUMBER(11) DEFAULT 1  NOT NULL ,
"IS_SINGLE" NUMBER(1) DEFAULT 1  NOT NULL ,
"IS_CHANNEL" NUMBER(1) DEFAULT 1  NOT NULL ,
"IS_CUSTOM" NUMBER(1) DEFAULT 1  NOT NULL ,
"IS_DISPLAY" NUMBER(1) DEFAULT 1  NOT NULL 
)
LOGGING
NOCOMPRESS
NOCACHE

;
COMMENT ON TABLE "JEECMS"."JC_MODEL_ITEM" IS 'CMS模型项表;';
COMMENT ON COLUMN "JEECMS"."JC_MODEL_ITEM"."FIELD" IS '字段';
COMMENT ON COLUMN "JEECMS"."JC_MODEL_ITEM"."ITEM_LABEL" IS '名称';
COMMENT ON COLUMN "JEECMS"."JC_MODEL_ITEM"."PRIORITY" IS '排列顺序';
COMMENT ON COLUMN "JEECMS"."JC_MODEL_ITEM"."DEF_VALUE" IS '默认值';
COMMENT ON COLUMN "JEECMS"."JC_MODEL_ITEM"."OPT_VALUE" IS '可选项';
COMMENT ON COLUMN "JEECMS"."JC_MODEL_ITEM"."TEXT_SIZE" IS '长度';
COMMENT ON COLUMN "JEECMS"."JC_MODEL_ITEM"."AREA_ROWS" IS '文本行数';
COMMENT ON COLUMN "JEECMS"."JC_MODEL_ITEM"."AREA_COLS" IS '文本列数';
COMMENT ON COLUMN "JEECMS"."JC_MODEL_ITEM"."HELP" IS '帮助信息';
COMMENT ON COLUMN "JEECMS"."JC_MODEL_ITEM"."HELP_POSITION" IS '帮助位置';
COMMENT ON COLUMN "JEECMS"."JC_MODEL_ITEM"."DATA_TYPE" IS '数据类型';
COMMENT ON COLUMN "JEECMS"."JC_MODEL_ITEM"."IS_SINGLE" IS '是否独占一行';
COMMENT ON COLUMN "JEECMS"."JC_MODEL_ITEM"."IS_CHANNEL" IS '是否栏目模型项';
COMMENT ON COLUMN "JEECMS"."JC_MODEL_ITEM"."IS_CUSTOM" IS '是否自定义';
COMMENT ON COLUMN "JEECMS"."JC_MODEL_ITEM"."IS_DISPLAY" IS '是否显示';

-- ----------------------------
-- Records of JC_MODEL_ITEM
-- ----------------------------
INSERT INTO "JEECMS"."JC_MODEL_ITEM" VALUES ('81', '3', 'viewGroupIds', '浏览权限', '10', null, null, null, null, null, null, null, '7', '1', '0', '0', '1');
INSERT INTO "JEECMS"."JC_MODEL_ITEM" VALUES ('82', '3', 'topLevel', '固顶级别', '10', null, null, null, null, null, null, null, '6', '0', '0', '0', '1');
INSERT INTO "JEECMS"."JC_MODEL_ITEM" VALUES ('83', '3', 'releaseDate', '发布时间', '10', null, null, null, null, null, null, null, '5', '0', '0', '0', '1');
INSERT INTO "JEECMS"."JC_MODEL_ITEM" VALUES ('84', '3', 'typeId', '内容类型', '10', null, null, null, null, null, null, null, '6', '0', '0', '0', '1');
INSERT INTO "JEECMS"."JC_MODEL_ITEM" VALUES ('85', '3', 'tplContent', '指定模板', '10', null, null, null, null, null, null, null, '6', '0', '0', '0', '1');
INSERT INTO "JEECMS"."JC_MODEL_ITEM" VALUES ('86', '3', 'typeImg', '类型图', '10', null, null, null, null, null, null, null, '1', '1', '0', '0', '1');
INSERT INTO "JEECMS"."JC_MODEL_ITEM" VALUES ('87', '3', 'titleImg', '标题图', '10', null, null, null, null, null, null, null, '1', '1', '0', '0', '1');
INSERT INTO "JEECMS"."JC_MODEL_ITEM" VALUES ('88', '3', 'contentImg', '内容图', '10', null, null, null, null, null, null, null, '1', '1', '0', '0', '1');
INSERT INTO "JEECMS"."JC_MODEL_ITEM" VALUES ('89', '3', 'attachments', '附件', '10', null, null, null, null, null, null, null, '1', '1', '0', '0', '1');
INSERT INTO "JEECMS"."JC_MODEL_ITEM" VALUES ('90', '3', 'media', '多媒体', '10', null, null, null, null, null, null, null, '1', '1', '0', '0', '1');
INSERT INTO "JEECMS"."JC_MODEL_ITEM" VALUES ('91', '3', 'txt', '内容', '10', null, null, null, null, null, null, null, '4', '1', '0', '0', '1');
INSERT INTO "JEECMS"."JC_MODEL_ITEM" VALUES ('92', '3', 'pictures', '图片集', '10', null, null, null, null, null, null, null, '4', '1', '0', '0', '1');
INSERT INTO "JEECMS"."JC_MODEL_ITEM" VALUES ('93', '4', 'name', '栏目名称', '10', null, null, null, null, null, null, null, '1', '0', '1', '0', '1');
INSERT INTO "JEECMS"."JC_MODEL_ITEM" VALUES ('94', '4', 'path', '访问路径', '10', null, null, null, null, null, null, null, '2', '0', '1', '0', '1');
INSERT INTO "JEECMS"."JC_MODEL_ITEM" VALUES ('95', '4', 'title', 'meta标题', '10', null, null, null, null, null, null, null, '1', '0', '1', '0', '1');
INSERT INTO "JEECMS"."JC_MODEL_ITEM" VALUES ('96', '4', 'keywords', 'meta关键字', '10', null, null, null, null, null, null, null, '1', '0', '1', '0', '1');
INSERT INTO "JEECMS"."JC_MODEL_ITEM" VALUES ('97', '4', 'description', 'meta描述', '10', null, null, null, null, null, null, null, '4', '1', '1', '0', '1');
INSERT INTO "JEECMS"."JC_MODEL_ITEM" VALUES ('98', '4', 'tplChannel', '栏目模板', '10', null, null, null, null, null, null, null, '6', '0', '1', '0', '1');
INSERT INTO "JEECMS"."JC_MODEL_ITEM" VALUES ('99', '4', 'tplContent', '选择模型模板', '10', null, null, null, null, null, null, null, '6', '0', '1', '0', '1');
INSERT INTO "JEECMS"."JC_MODEL_ITEM" VALUES ('100', '4', 'priority', '排列顺序', '10', null, null, null, null, null, null, null, '2', '0', '1', '0', '1');
INSERT INTO "JEECMS"."JC_MODEL_ITEM" VALUES ('101', '4', 'display', '显示', '10', null, null, null, null, null, null, null, '8', '0', '1', '0', '1');
INSERT INTO "JEECMS"."JC_MODEL_ITEM" VALUES ('102', '4', 'docImg', '文档图片', '10', null, null, null, null, null, null, null, '8', '1', '1', '0', '1');
INSERT INTO "JEECMS"."JC_MODEL_ITEM" VALUES ('103', '4', 'commentControl', '评论', '10', null, null, null, null, null, null, null, '8', '0', '1', '0', '1');
INSERT INTO "JEECMS"."JC_MODEL_ITEM" VALUES ('104', '4', 'allowUpdown', '顶踩', '10', null, null, null, null, null, null, null, '8', '0', '1', '0', '1');
INSERT INTO "JEECMS"."JC_MODEL_ITEM" VALUES ('105', '4', 'viewGroupIds', '浏览权限', '10', null, null, null, null, null, null, null, '7', '1', '1', '0', '1');
INSERT INTO "JEECMS"."JC_MODEL_ITEM" VALUES ('106', '4', 'userIds', '管理权限', '10', null, null, null, null, null, null, null, '7', '1', '1', '0', '1');
INSERT INTO "JEECMS"."JC_MODEL_ITEM" VALUES ('107', '4', 'channelId', '栏目', '1', null, null, null, null, null, null, null, '6', '1', '0', '0', '1');
INSERT INTO "JEECMS"."JC_MODEL_ITEM" VALUES ('108', '4', 'title', '软件名称', '2', null, null, null, null, null, null, null, '1', '1', '0', '0', '1');
INSERT INTO "JEECMS"."JC_MODEL_ITEM" VALUES ('109', '4', 'shortTitle', '软件简称', '3', null, null, null, null, null, null, null, '1', '0', '0', '0', '1');
INSERT INTO "JEECMS"."JC_MODEL_ITEM" VALUES ('110', '4', 'titleColor', '标题颜色', '4', null, null, null, null, null, null, null, '6', '0', '0', '0', '1');
INSERT INTO "JEECMS"."JC_MODEL_ITEM" VALUES ('111', '4', 'description', '摘要', '5', null, null, null, null, null, null, null, '4', '1', '0', '0', '1');
INSERT INTO "JEECMS"."JC_MODEL_ITEM" VALUES ('112', '4', 'author', '发布人', '6', null, null, null, null, null, null, null, '1', '0', '0', '0', '1');
INSERT INTO "JEECMS"."JC_MODEL_ITEM" VALUES ('113', '4', 'viewGroupIds', '浏览权限', '7', null, null, null, null, null, null, null, '7', '0', '0', '0', '1');
INSERT INTO "JEECMS"."JC_MODEL_ITEM" VALUES ('114', '4', 'topLevel', '固顶级别', '8', null, null, null, null, null, null, null, '6', '0', '0', '0', '1');
INSERT INTO "JEECMS"."JC_MODEL_ITEM" VALUES ('115', '4', 'releaseDate', '发布时间', '9', null, null, null, null, null, null, null, '5', '0', '0', '0', '1');
INSERT INTO "JEECMS"."JC_MODEL_ITEM" VALUES ('116', '4', 'typeId', '内容类型', '21', null, null, null, null, null, null, null, '6', '0', '0', '0', '1');
INSERT INTO "JEECMS"."JC_MODEL_ITEM" VALUES ('117', '4', 'tplContent', '指定模板', '22', null, null, null, null, null, null, null, '6', '0', '0', '0', '1');
INSERT INTO "JEECMS"."JC_MODEL_ITEM" VALUES ('118', '4', 'contentImg', '内容图', '10', null, null, null, null, null, null, null, '1', '1', '0', '0', '1');
INSERT INTO "JEECMS"."JC_MODEL_ITEM" VALUES ('119', '4', 'attachments', '资源上传', '11', null, null, null, null, null, null, null, '1', '1', '0', '0', '1');
INSERT INTO "JEECMS"."JC_MODEL_ITEM" VALUES ('120', '4', 'txt', '软件介绍', '20', null, null, null, null, null, null, null, '4', '1', '0', '0', '1');
INSERT INTO "JEECMS"."JC_MODEL_ITEM" VALUES ('121', '4', 'softType', '软件类型', '12', '国产软件', '国产软件,国外软件', '100', '3', '30', null, null, '6', '0', '0', '1', '1');
INSERT INTO "JEECMS"."JC_MODEL_ITEM" VALUES ('122', '4', 'warrant', '软件授权', '13', '免费版', '免费版,共享版', null, '3', '30', null, null, '6', '0', '0', '1', '1');
INSERT INTO "JEECMS"."JC_MODEL_ITEM" VALUES ('123', '4', 'relatedLink', '相关链接', '14', 'http://', null, '50', '3', '30', null, null, '1', '0', '0', '1', '1');
INSERT INTO "JEECMS"."JC_MODEL_ITEM" VALUES ('124', '4', 'demoUrl', '演示地址', '15', 'http://', null, '60', '3', '30', null, null, '1', '0', '0', '1', '1');
INSERT INTO "JEECMS"."JC_MODEL_ITEM" VALUES ('125', '5', 'name', '栏目名称', '10', null, null, null, null, null, null, null, '1', '0', '1', '0', '1');
INSERT INTO "JEECMS"."JC_MODEL_ITEM" VALUES ('126', '5', 'path', '访问路径', '10', null, null, null, null, null, null, null, '2', '0', '1', '0', '1');
INSERT INTO "JEECMS"."JC_MODEL_ITEM" VALUES ('127', '5', 'title', 'meta标题', '10', null, null, null, null, null, null, null, '1', '0', '1', '0', '1');
INSERT INTO "JEECMS"."JC_MODEL_ITEM" VALUES ('128', '5', 'keywords', 'meta关键字', '10', null, null, null, null, null, null, null, '1', '0', '1', '0', '1');
INSERT INTO "JEECMS"."JC_MODEL_ITEM" VALUES ('129', '5', 'description', 'meta描述', '10', null, null, null, null, null, null, null, '4', '1', '1', '0', '1');
INSERT INTO "JEECMS"."JC_MODEL_ITEM" VALUES ('130', '5', 'tplChannel', '栏目模板', '10', null, null, null, null, null, null, null, '6', '0', '1', '0', '1');
INSERT INTO "JEECMS"."JC_MODEL_ITEM" VALUES ('131', '5', 'tplContent', '选择模型模板', '10', null, null, null, null, null, null, null, '6', '0', '1', '0', '1');
INSERT INTO "JEECMS"."JC_MODEL_ITEM" VALUES ('132', '5', 'channelStatic', '栏目静态化', '10', null, null, null, null, null, null, null, '4', '1', '1', '0', '1');
INSERT INTO "JEECMS"."JC_MODEL_ITEM" VALUES ('133', '5', 'contentStatic', '内容静态化', '10', null, null, null, null, null, null, null, '4', '1', '1', '0', '1');
INSERT INTO "JEECMS"."JC_MODEL_ITEM" VALUES ('134', '5', 'priority', '排列顺序', '10', null, null, null, null, null, null, null, '2', '0', '1', '0', '1');
INSERT INTO "JEECMS"."JC_MODEL_ITEM" VALUES ('135', '5', 'display', '显示', '10', null, null, null, null, null, null, null, '8', '0', '1', '0', '1');
INSERT INTO "JEECMS"."JC_MODEL_ITEM" VALUES ('136', '5', 'docImg', '文档图片', '10', null, null, null, null, null, null, null, '8', '1', '1', '0', '1');
INSERT INTO "JEECMS"."JC_MODEL_ITEM" VALUES ('138', '5', 'afterCheck', '审核后', '11', null, null, null, null, null, null, null, '6', '0', '1', '0', '1');
INSERT INTO "JEECMS"."JC_MODEL_ITEM" VALUES ('139', '5', 'commentControl', '评论', '10', null, null, null, null, null, null, null, '8', '0', '1', '0', '1');
INSERT INTO "JEECMS"."JC_MODEL_ITEM" VALUES ('140', '5', 'allowUpdown', '顶踩', '10', null, null, null, null, null, null, null, '8', '0', '1', '0', '1');
INSERT INTO "JEECMS"."JC_MODEL_ITEM" VALUES ('141', '5', 'viewGroupIds', '浏览权限', '10', null, null, null, null, null, null, null, '7', '0', '1', '0', '1');
INSERT INTO "JEECMS"."JC_MODEL_ITEM" VALUES ('142', '5', 'contriGroupIds', '投稿权限', '10', null, null, null, null, null, null, null, '7', '0', '1', '0', '1');
INSERT INTO "JEECMS"."JC_MODEL_ITEM" VALUES ('143', '5', 'userIds', '管理权限', '10', null, null, null, null, null, null, null, '7', '1', '1', '0', '1');
INSERT INTO "JEECMS"."JC_MODEL_ITEM" VALUES ('144', '5', 'link', '外部链接', '10', null, null, null, null, null, null, null, '1', '1', '1', '0', '1');
INSERT INTO "JEECMS"."JC_MODEL_ITEM" VALUES ('145', '5', 'titleImg', '标题图', '10', null, null, null, null, null, null, null, '1', '1', '1', '0', '1');
INSERT INTO "JEECMS"."JC_MODEL_ITEM" VALUES ('146', '5', 'contentImg', '内容图', '10', null, null, null, null, null, null, null, '1', '1', '1', '0', '1');
INSERT INTO "JEECMS"."JC_MODEL_ITEM" VALUES ('147', '5', 'channelId', '栏目', '10', null, null, null, null, null, null, null, '6', '1', '0', '0', '1');
INSERT INTO "JEECMS"."JC_MODEL_ITEM" VALUES ('148', '5', 'title', '标题', '10', null, null, null, null, null, null, null, '1', '1', '0', '0', '1');
INSERT INTO "JEECMS"."JC_MODEL_ITEM" VALUES ('149', '5', 'shortTitle', '简短标题', '10', null, null, null, null, null, null, null, '1', '0', '0', '0', '1');
INSERT INTO "JEECMS"."JC_MODEL_ITEM" VALUES ('150', '5', 'titleColor', '标题颜色', '10', null, null, null, null, null, null, null, '6', '0', '0', '0', '1');
INSERT INTO "JEECMS"."JC_MODEL_ITEM" VALUES ('151', '5', 'tagStr', 'Tag标签', '10', null, null, null, null, null, null, null, '1', '1', '0', '0', '1');
INSERT INTO "JEECMS"."JC_MODEL_ITEM" VALUES ('152', '5', 'description', '摘要', '10', null, null, null, null, null, null, null, '4', '1', '0', '0', '1');
INSERT INTO "JEECMS"."JC_MODEL_ITEM" VALUES ('153', '5', 'author', '作者', '10', null, null, null, null, null, null, null, '1', '0', '0', '0', '1');
INSERT INTO "JEECMS"."JC_MODEL_ITEM" VALUES ('154', '5', 'origin', '来源', '10', null, null, null, null, null, null, null, '1', '0', '0', '0', '1');
INSERT INTO "JEECMS"."JC_MODEL_ITEM" VALUES ('155', '5', 'viewGroupIds', '浏览权限', '10', null, null, null, null, null, null, null, '7', '1', '0', '0', '1');
INSERT INTO "JEECMS"."JC_MODEL_ITEM" VALUES ('156', '5', 'topLevel', '固顶级别', '10', null, null, null, null, null, null, null, '6', '0', '0', '0', '1');
INSERT INTO "JEECMS"."JC_MODEL_ITEM" VALUES ('157', '5', 'releaseDate', '发布时间', '10', null, null, null, null, null, null, null, '5', '0', '0', '0', '1');
INSERT INTO "JEECMS"."JC_MODEL_ITEM" VALUES ('158', '5', 'typeId', '内容类型', '10', null, null, null, null, null, null, null, '6', '0', '0', '0', '1');
INSERT INTO "JEECMS"."JC_MODEL_ITEM" VALUES ('159', '5', 'tplContent', '指定模板', '10', null, null, null, null, null, null, null, '6', '0', '0', '0', '1');
INSERT INTO "JEECMS"."JC_MODEL_ITEM" VALUES ('160', '5', 'typeImg', '类型图', '10', null, null, null, null, null, null, null, '1', '1', '0', '0', '1');
INSERT INTO "JEECMS"."JC_MODEL_ITEM" VALUES ('161', '5', 'titleImg', '标题图', '10', null, null, null, null, null, null, null, '1', '1', '0', '0', '1');
INSERT INTO "JEECMS"."JC_MODEL_ITEM" VALUES ('162', '5', 'contentImg', '内容图', '10', null, null, null, null, null, null, null, '1', '1', '0', '0', '1');
INSERT INTO "JEECMS"."JC_MODEL_ITEM" VALUES ('163', '5', 'pictures', '图片集', '10', null, null, null, null, null, null, null, '4', '1', '0', '0', '1');
INSERT INTO "JEECMS"."JC_MODEL_ITEM" VALUES ('164', '6', 'name', '栏目名称', '10', null, null, null, null, null, null, null, '1', '0', '1', '0', '1');
INSERT INTO "JEECMS"."JC_MODEL_ITEM" VALUES ('165', '6', 'path', '访问路径', '10', null, null, null, null, null, null, null, '2', '0', '1', '0', '1');
INSERT INTO "JEECMS"."JC_MODEL_ITEM" VALUES ('166', '6', 'title', 'meta标题', '10', null, null, null, null, null, null, null, '1', '0', '1', '0', '1');
INSERT INTO "JEECMS"."JC_MODEL_ITEM" VALUES ('167', '6', 'keywords', 'meta关键字', '10', null, null, null, null, null, null, null, '1', '0', '1', '0', '1');
INSERT INTO "JEECMS"."JC_MODEL_ITEM" VALUES ('168', '6', 'description', 'meta描述', '10', null, null, null, null, null, null, null, '4', '1', '1', '0', '1');
INSERT INTO "JEECMS"."JC_MODEL_ITEM" VALUES ('169', '6', 'tplChannel', '栏目模板', '10', null, null, null, null, null, null, null, '6', '0', '1', '0', '1');
INSERT INTO "JEECMS"."JC_MODEL_ITEM" VALUES ('170', '6', 'tplContent', '选择模型模板', '10', null, null, null, null, null, null, null, '6', '0', '1', '0', '1');
INSERT INTO "JEECMS"."JC_MODEL_ITEM" VALUES ('171', '6', 'channelStatic', '栏目静态化', '10', null, null, null, null, null, null, null, '4', '1', '1', '0', '1');
INSERT INTO "JEECMS"."JC_MODEL_ITEM" VALUES ('172', '6', 'contentStatic', '内容静态化', '10', null, null, null, null, null, null, null, '4', '1', '1', '0', '1');
INSERT INTO "JEECMS"."JC_MODEL_ITEM" VALUES ('173', '6', 'priority', '排列顺序', '10', null, null, null, null, null, null, null, '2', '0', '1', '0', '1');
INSERT INTO "JEECMS"."JC_MODEL_ITEM" VALUES ('174', '6', 'display', '显示', '10', null, null, null, null, null, null, null, '8', '0', '1', '0', '1');
INSERT INTO "JEECMS"."JC_MODEL_ITEM" VALUES ('175', '6', 'docImg', '文档图片', '10', null, null, null, null, null, null, null, '8', '1', '1', '0', '1');
INSERT INTO "JEECMS"."JC_MODEL_ITEM" VALUES ('177', '6', 'afterCheck', '审核后', '11', null, null, null, null, null, null, null, '6', '0', '1', '0', '1');
INSERT INTO "JEECMS"."JC_MODEL_ITEM" VALUES ('178', '6', 'commentControl', '评论', '10', null, null, null, null, null, null, null, '8', '0', '1', '0', '1');
INSERT INTO "JEECMS"."JC_MODEL_ITEM" VALUES ('179', '6', 'allowUpdown', '顶踩', '10', null, null, null, null, null, null, null, '8', '0', '1', '0', '1');
INSERT INTO "JEECMS"."JC_MODEL_ITEM" VALUES ('180', '6', 'viewGroupIds', '浏览权限', '10', null, null, null, null, null, null, null, '7', '0', '1', '0', '1');
INSERT INTO "JEECMS"."JC_MODEL_ITEM" VALUES ('181', '6', 'contriGroupIds', '投稿权限', '10', null, null, null, null, null, null, null, '7', '0', '1', '0', '1');
INSERT INTO "JEECMS"."JC_MODEL_ITEM" VALUES ('182', '6', 'userIds', '管理权限', '10', null, null, null, null, null, null, null, '7', '1', '1', '0', '1');
INSERT INTO "JEECMS"."JC_MODEL_ITEM" VALUES ('183', '6', 'link', '外部链接', '10', null, null, null, null, null, null, null, '1', '1', '1', '0', '1');
INSERT INTO "JEECMS"."JC_MODEL_ITEM" VALUES ('184', '6', 'titleImg', '标题图', '10', null, null, null, null, null, null, null, '1', '1', '1', '0', '1');
INSERT INTO "JEECMS"."JC_MODEL_ITEM" VALUES ('185', '6', 'contentImg', '内容图', '10', null, null, null, null, null, null, null, '1', '1', '1', '0', '1');
INSERT INTO "JEECMS"."JC_MODEL_ITEM" VALUES ('186', '6', 'channelId', '栏目', '10', null, null, null, null, null, null, null, '6', '1', '0', '0', '1');
INSERT INTO "JEECMS"."JC_MODEL_ITEM" VALUES ('187', '6', 'title', '标题', '10', null, null, null, null, null, null, null, '1', '1', '0', '0', '1');
INSERT INTO "JEECMS"."JC_MODEL_ITEM" VALUES ('188', '6', 'shortTitle', '简短标题', '10', null, null, null, null, null, null, null, '1', '0', '0', '0', '1');
INSERT INTO "JEECMS"."JC_MODEL_ITEM" VALUES ('189', '6', 'titleColor', '标题颜色', '10', null, null, null, null, null, null, null, '6', '0', '0', '0', '1');
INSERT INTO "JEECMS"."JC_MODEL_ITEM" VALUES ('190', '6', 'tagStr', 'Tag标签', '10', null, null, null, null, null, null, null, '1', '1', '0', '0', '1');
INSERT INTO "JEECMS"."JC_MODEL_ITEM" VALUES ('191', '6', 'description', '内容简介', '10', null, null, null, null, null, null, null, '4', '1', '0', '0', '1');
INSERT INTO "JEECMS"."JC_MODEL_ITEM" VALUES ('192', '6', 'author', '作者', '10', null, null, null, null, null, null, null, '1', '0', '0', '0', '1');
INSERT INTO "JEECMS"."JC_MODEL_ITEM" VALUES ('193', '6', 'origin', '来源', '10', null, null, null, null, null, null, null, '1', '0', '0', '0', '1');
INSERT INTO "JEECMS"."JC_MODEL_ITEM" VALUES ('194', '6', 'viewGroupIds', '浏览权限', '10', null, null, null, null, null, null, null, '7', '1', '0', '0', '1');
INSERT INTO "JEECMS"."JC_MODEL_ITEM" VALUES ('195', '6', 'topLevel', '固顶级别', '10', null, null, null, null, null, null, null, '6', '0', '0', '0', '1');
INSERT INTO "JEECMS"."JC_MODEL_ITEM" VALUES ('196', '6', 'releaseDate', '发布时间', '10', null, null, null, null, null, null, null, '5', '0', '0', '0', '1');
INSERT INTO "JEECMS"."JC_MODEL_ITEM" VALUES ('197', '6', 'typeId', '内容类型', '10', null, null, null, null, null, null, null, '6', '0', '0', '0', '1');
INSERT INTO "JEECMS"."JC_MODEL_ITEM" VALUES ('198', '6', 'tplContent', '指定模板', '10', null, null, null, null, null, null, null, '6', '0', '0', '0', '1');
INSERT INTO "JEECMS"."JC_MODEL_ITEM" VALUES ('199', '6', 'typeImg', '类型图', '10', null, null, null, null, null, null, null, '1', '1', '0', '0', '1');
INSERT INTO "JEECMS"."JC_MODEL_ITEM" VALUES ('200', '6', 'titleImg', '标题图', '10', null, null, null, null, null, null, null, '1', '1', '0', '0', '1');
INSERT INTO "JEECMS"."JC_MODEL_ITEM" VALUES ('201', '6', 'contentImg', '内容图', '10', null, null, null, null, null, null, null, '1', '1', '0', '0', '1');
INSERT INTO "JEECMS"."JC_MODEL_ITEM" VALUES ('202', '6', 'attachments', '附件', '10', null, null, null, null, null, null, null, '1', '1', '0', '0', '1');
INSERT INTO "JEECMS"."JC_MODEL_ITEM" VALUES ('203', '6', 'media', '多媒体', '10', null, null, null, null, null, null, null, '1', '1', '0', '0', '1');
INSERT INTO "JEECMS"."JC_MODEL_ITEM" VALUES ('204', '7', 'name', '栏目名称', '10', null, null, null, null, null, null, null, '1', '0', '1', '0', '1');
INSERT INTO "JEECMS"."JC_MODEL_ITEM" VALUES ('205', '7', 'path', '访问路径', '10', null, null, null, null, null, null, null, '2', '0', '1', '0', '1');
INSERT INTO "JEECMS"."JC_MODEL_ITEM" VALUES ('206', '7', 'title', 'meta标题', '10', null, null, null, null, null, null, null, '1', '0', '1', '0', '1');
INSERT INTO "JEECMS"."JC_MODEL_ITEM" VALUES ('207', '7', 'keywords', 'meta关键字', '10', null, null, null, null, null, null, null, '1', '0', '1', '0', '1');
INSERT INTO "JEECMS"."JC_MODEL_ITEM" VALUES ('208', '7', 'description', 'meta描述', '10', null, null, null, null, null, null, null, '4', '1', '1', '0', '1');
INSERT INTO "JEECMS"."JC_MODEL_ITEM" VALUES ('209', '7', 'tplChannel', '栏目模板', '10', null, null, null, null, null, null, null, '6', '0', '1', '0', '1');
INSERT INTO "JEECMS"."JC_MODEL_ITEM" VALUES ('210', '7', 'tplContent', '选择模型模板', '10', null, null, null, null, null, null, null, '6', '0', '1', '0', '1');
INSERT INTO "JEECMS"."JC_MODEL_ITEM" VALUES ('211', '7', 'channelStatic', '栏目静态化', '10', null, null, null, null, null, null, null, '4', '1', '1', '0', '1');
INSERT INTO "JEECMS"."JC_MODEL_ITEM" VALUES ('212', '7', 'contentStatic', '内容静态化', '10', null, null, null, null, null, null, null, '4', '1', '1', '0', '1');
INSERT INTO "JEECMS"."JC_MODEL_ITEM" VALUES ('213', '7', 'priority', '排列顺序', '10', null, null, null, null, null, null, null, '2', '0', '1', '0', '1');
INSERT INTO "JEECMS"."JC_MODEL_ITEM" VALUES ('214', '7', 'display', '显示', '10', null, null, null, null, null, null, null, '8', '0', '1', '0', '1');
INSERT INTO "JEECMS"."JC_MODEL_ITEM" VALUES ('215', '7', 'docImg', '文档图片', '10', null, null, null, null, null, null, null, '8', '1', '1', '0', '1');
INSERT INTO "JEECMS"."JC_MODEL_ITEM" VALUES ('217', '7', 'afterCheck', '审核后', '11', null, null, null, null, null, null, null, '6', '0', '1', '0', '1');
INSERT INTO "JEECMS"."JC_MODEL_ITEM" VALUES ('218', '7', 'commentControl', '评论', '10', null, null, null, null, null, null, null, '8', '0', '1', '0', '1');
INSERT INTO "JEECMS"."JC_MODEL_ITEM" VALUES ('219', '7', 'allowUpdown', '顶踩', '10', null, null, null, null, null, null, null, '8', '0', '1', '0', '1');
INSERT INTO "JEECMS"."JC_MODEL_ITEM" VALUES ('220', '7', 'viewGroupIds', '浏览权限', '10', null, null, null, null, null, null, null, '7', '0', '1', '0', '1');
INSERT INTO "JEECMS"."JC_MODEL_ITEM" VALUES ('221', '7', 'contriGroupIds', '投稿权限', '10', null, null, null, null, null, null, null, '7', '0', '1', '0', '1');
INSERT INTO "JEECMS"."JC_MODEL_ITEM" VALUES ('222', '7', 'userIds', '管理权限', '10', null, null, null, null, null, null, null, '7', '1', '1', '0', '1');
INSERT INTO "JEECMS"."JC_MODEL_ITEM" VALUES ('223', '7', 'link', '外部链接', '10', null, null, null, null, null, null, null, '1', '1', '1', '0', '1');
INSERT INTO "JEECMS"."JC_MODEL_ITEM" VALUES ('224', '7', 'titleImg', '标题图', '10', null, null, null, null, null, null, null, '1', '1', '1', '0', '1');
INSERT INTO "JEECMS"."JC_MODEL_ITEM" VALUES ('225', '7', 'contentImg', '内容图', '10', null, null, null, null, null, null, null, '1', '1', '1', '0', '1');
INSERT INTO "JEECMS"."JC_MODEL_ITEM" VALUES ('226', '7', 'channelId', '栏目', '10', null, null, null, null, null, null, null, '6', '1', '0', '0', '1');
INSERT INTO "JEECMS"."JC_MODEL_ITEM" VALUES ('227', '7', 'title', '标题', '10', null, null, null, null, null, null, null, '1', '1', '0', '0', '1');
INSERT INTO "JEECMS"."JC_MODEL_ITEM" VALUES ('228', '7', 'shortTitle', '简短标题', '10', null, null, null, null, null, null, null, '1', '0', '0', '0', '1');
INSERT INTO "JEECMS"."JC_MODEL_ITEM" VALUES ('229', '7', 'titleColor', '标题颜色', '10', null, null, null, null, null, null, null, '6', '0', '0', '0', '1');
INSERT INTO "JEECMS"."JC_MODEL_ITEM" VALUES ('230', '7', 'tagStr', 'Tag标签', '10', null, null, null, null, null, null, null, '1', '1', '0', '0', '1');
INSERT INTO "JEECMS"."JC_MODEL_ITEM" VALUES ('231', '7', 'description', '摘要', '10', null, null, null, null, null, null, null, '4', '1', '0', '0', '1');
INSERT INTO "JEECMS"."JC_MODEL_ITEM" VALUES ('232', '7', 'author', '作者', '10', null, null, null, null, null, null, null, '1', '0', '0', '0', '1');
INSERT INTO "JEECMS"."JC_MODEL_ITEM" VALUES ('233', '7', 'origin', '来源', '10', null, null, null, null, null, null, null, '1', '0', '0', '0', '1');
INSERT INTO "JEECMS"."JC_MODEL_ITEM" VALUES ('234', '7', 'viewGroupIds', '浏览权限', '10', null, null, null, null, null, null, null, '7', '1', '0', '0', '1');
INSERT INTO "JEECMS"."JC_MODEL_ITEM" VALUES ('235', '7', 'topLevel', '固顶级别', '10', null, null, null, null, null, null, null, '6', '0', '0', '0', '1');
INSERT INTO "JEECMS"."JC_MODEL_ITEM" VALUES ('236', '7', 'releaseDate', '发布时间', '10', null, null, null, null, null, null, null, '5', '0', '0', '0', '1');
INSERT INTO "JEECMS"."JC_MODEL_ITEM" VALUES ('237', '7', 'typeId', '内容类型', '10', null, null, null, null, null, null, null, '6', '0', '0', '0', '1');
INSERT INTO "JEECMS"."JC_MODEL_ITEM" VALUES ('238', '7', 'tplContent', '指定模板', '10', null, null, null, null, null, null, null, '6', '0', '0', '0', '1');
INSERT INTO "JEECMS"."JC_MODEL_ITEM" VALUES ('239', '7', 'typeImg', '类型图', '10', null, null, null, null, null, null, null, '1', '1', '0', '0', '1');
INSERT INTO "JEECMS"."JC_MODEL_ITEM" VALUES ('240', '7', 'titleImg', '标题图', '10', null, null, null, null, null, null, null, '1', '1', '0', '0', '1');
INSERT INTO "JEECMS"."JC_MODEL_ITEM" VALUES ('241', '7', 'contentImg', '内容图', '10', null, null, null, null, null, null, null, '1', '1', '0', '0', '1');
INSERT INTO "JEECMS"."JC_MODEL_ITEM" VALUES ('242', '7', 'txt', '内容', '10', null, null, null, null, null, null, null, '4', '1', '0', '0', '1');
INSERT INTO "JEECMS"."JC_MODEL_ITEM" VALUES ('243', '7', 'marketprice', '市场价', '10', null, null, null, '3', '30', null, null, '3', '1', '0', '1', '1');
INSERT INTO "JEECMS"."JC_MODEL_ITEM" VALUES ('244', '7', 'price', '价格', '10', null, null, null, '3', '30', null, null, '3', '1', '0', '1', '1');
INSERT INTO "JEECMS"."JC_MODEL_ITEM" VALUES ('246', '4', 'titleImg', '标题图', '10', null, null, null, null, null, null, null, '1', '1', '0', '0', '1');
INSERT INTO "JEECMS"."JC_MODEL_ITEM" VALUES ('247', '1', 'pictures', '图片集', '10', null, null, null, null, null, null, null, '4', '1', '0', '0', '1');
INSERT INTO "JEECMS"."JC_MODEL_ITEM" VALUES ('249', '8', 'name', '栏目名称', '10', null, null, null, null, null, null, null, '1', '0', '1', '0', '1');
INSERT INTO "JEECMS"."JC_MODEL_ITEM" VALUES ('250', '8', 'path', '访问路径', '10', null, null, null, null, null, null, null, '2', '0', '1', '0', '1');
INSERT INTO "JEECMS"."JC_MODEL_ITEM" VALUES ('251', '8', 'title', 'meta标题', '10', null, null, null, null, null, null, null, '1', '0', '1', '0', '1');
INSERT INTO "JEECMS"."JC_MODEL_ITEM" VALUES ('252', '8', 'keywords', 'meta关键字', '10', null, null, null, null, null, null, null, '1', '0', '1', '0', '1');
INSERT INTO "JEECMS"."JC_MODEL_ITEM" VALUES ('253', '8', 'description', 'meta描述', '10', null, null, null, null, null, null, null, '4', '1', '1', '0', '1');
INSERT INTO "JEECMS"."JC_MODEL_ITEM" VALUES ('254', '8', 'tplChannel', '栏目模板', '10', null, null, null, null, null, null, null, '6', '0', '1', '0', '1');
INSERT INTO "JEECMS"."JC_MODEL_ITEM" VALUES ('255', '8', 'tplContent', '选择模型模板', '10', null, null, null, null, null, null, null, '6', '0', '1', '0', '1');
INSERT INTO "JEECMS"."JC_MODEL_ITEM" VALUES ('256', '8', 'channelStatic', '栏目静态化', '10', null, null, null, null, null, null, null, '4', '1', '1', '0', '1');
INSERT INTO "JEECMS"."JC_MODEL_ITEM" VALUES ('257', '8', 'contentStatic', '内容静态化', '10', null, null, null, null, null, null, null, '4', '1', '1', '0', '1');
INSERT INTO "JEECMS"."JC_MODEL_ITEM" VALUES ('258', '8', 'priority', '排列顺序', '10', null, null, null, null, null, null, null, '2', '0', '1', '0', '1');
INSERT INTO "JEECMS"."JC_MODEL_ITEM" VALUES ('259', '8', 'display', '显示', '10', null, null, null, null, null, null, null, '8', '0', '1', '0', '1');
INSERT INTO "JEECMS"."JC_MODEL_ITEM" VALUES ('260', '8', 'docImg', '文档图片', '10', null, null, null, null, null, null, null, '8', '1', '1', '0', '1');
INSERT INTO "JEECMS"."JC_MODEL_ITEM" VALUES ('262', '8', 'afterCheck', '审核后', '11', null, null, null, null, null, null, null, '6', '0', '1', '0', '1');
INSERT INTO "JEECMS"."JC_MODEL_ITEM" VALUES ('263', '8', 'commentControl', '评论', '10', null, null, null, null, null, null, null, '8', '0', '1', '0', '1');
INSERT INTO "JEECMS"."JC_MODEL_ITEM" VALUES ('264', '8', 'allowUpdown', '顶踩', '10', null, null, null, null, null, null, null, '8', '0', '1', '0', '1');
INSERT INTO "JEECMS"."JC_MODEL_ITEM" VALUES ('265', '8', 'viewGroupIds', '浏览权限', '10', null, null, null, null, null, null, null, '7', '0', '1', '0', '1');
INSERT INTO "JEECMS"."JC_MODEL_ITEM" VALUES ('266', '8', 'contriGroupIds', '投稿权限', '10', null, null, null, null, null, null, null, '7', '0', '1', '0', '1');
INSERT INTO "JEECMS"."JC_MODEL_ITEM" VALUES ('267', '8', 'userIds', '管理权限', '10', null, null, null, null, null, null, null, '7', '1', '1', '0', '1');
INSERT INTO "JEECMS"."JC_MODEL_ITEM" VALUES ('268', '8', 'link', '外部链接', '10', null, null, null, null, null, null, null, '1', '1', '1', '0', '1');
INSERT INTO "JEECMS"."JC_MODEL_ITEM" VALUES ('269', '8', 'titleImg', '标题图', '10', null, null, null, null, null, null, null, '1', '1', '1', '0', '1');
INSERT INTO "JEECMS"."JC_MODEL_ITEM" VALUES ('270', '8', 'contentImg', '内容图', '10', null, null, null, null, null, null, null, '1', '1', '1', '0', '1');
INSERT INTO "JEECMS"."JC_MODEL_ITEM" VALUES ('271', '8', 'channelId', '栏目', '1', null, null, null, null, null, null, null, '6', '1', '0', '0', '1');
INSERT INTO "JEECMS"."JC_MODEL_ITEM" VALUES ('272', '8', 'title', '岗位名称', '1', null, null, null, null, null, null, null, '1', '1', '0', '0', '1');
INSERT INTO "JEECMS"."JC_MODEL_ITEM" VALUES ('275', '8', 'tagStr', 'Tag标签', '7', null, null, null, null, null, null, null, '1', '1', '0', '0', '1');
INSERT INTO "JEECMS"."JC_MODEL_ITEM" VALUES ('279', '8', 'viewGroupIds', '浏览权限', '8', null, null, null, null, null, null, null, '7', '0', '0', '0', '1');
INSERT INTO "JEECMS"."JC_MODEL_ITEM" VALUES ('280', '8', 'topLevel', '固顶级别', '7', null, null, null, null, null, null, null, '6', '0', '0', '0', '1');
INSERT INTO "JEECMS"."JC_MODEL_ITEM" VALUES ('281', '8', 'releaseDate', '发布时间', '2', null, null, null, null, null, null, null, '5', '0', '0', '0', '1');
INSERT INTO "JEECMS"."JC_MODEL_ITEM" VALUES ('282', '8', 'typeId', '内容类型', '7', null, null, null, null, null, null, null, '6', '0', '0', '0', '1');
INSERT INTO "JEECMS"."JC_MODEL_ITEM" VALUES ('283', '8', 'tplContent', '指定模板', '8', null, null, null, null, null, null, null, '6', '0', '0', '0', '1');
INSERT INTO "JEECMS"."JC_MODEL_ITEM" VALUES ('289', '8', 'txt', '职位描述', '10', null, null, null, null, null, null, null, '4', '1', '0', '0', '1');
INSERT INTO "JEECMS"."JC_MODEL_ITEM" VALUES ('290', '8', 'deadline', '截止日期', '2', null, null, null, '3', '30', '留空永久有效', null, '5', '0', '0', '1', '1');
INSERT INTO "JEECMS"."JC_MODEL_ITEM" VALUES ('291', '8', 'experience', '工作经验', '3', null, '1-3年,3-5年,5年以上,不限', null, '3', '30', null, null, '6', '0', '0', '1', '1');
INSERT INTO "JEECMS"."JC_MODEL_ITEM" VALUES ('292', '8', 'education', '最低学历', '3', null, '专科,本科,硕士,不限', null, '3', '30', null, null, '6', '0', '0', '1', '1');
INSERT INTO "JEECMS"."JC_MODEL_ITEM" VALUES ('293', '8', 'salary', '职位月薪', '4', null, '1500-2000,2000-3000,3000-5000,5000-8000,8000+,面议', null, '3', '30', null, null, '6', '0', '0', '1', '1');
INSERT INTO "JEECMS"."JC_MODEL_ITEM" VALUES ('294', '8', 'workplace', '工作地点', '4', null, '北京,上海,深圳,广州,重庆,南京,杭州,西安,南昌', null, '3', '30', null, null, '7', '0', '0', '1', '1');
INSERT INTO "JEECMS"."JC_MODEL_ITEM" VALUES ('295', '8', 'nature', '工作性质', '5', null, '全职,兼职', null, '3', '30', null, null, '8', '0', '0', '1', '1');
INSERT INTO "JEECMS"."JC_MODEL_ITEM" VALUES ('296', '8', 'hasmanage', '管理经验', '5', null, '要求,不要求', null, '3', '30', null, null, '8', '0', '0', '1', '1');
INSERT INTO "JEECMS"."JC_MODEL_ITEM" VALUES ('297', '8', 'nums', '招聘人数', '6', null, '1-3人,3-5人,5-10人,若干', null, '3', '30', null, null, '6', '0', '0', '1', '1');
INSERT INTO "JEECMS"."JC_MODEL_ITEM" VALUES ('298', '8', 'category', '职位类别', '6', null, '项目主管,java高级工程师,java工程师,网页设计师,测试人员,技术支持', null, '3', '30', null, null, '6', '0', '0', '1', '1');
INSERT INTO "JEECMS"."JC_MODEL_ITEM" VALUES ('299', '9', 'name', '栏目名称', '10', null, null, null, null, null, null, null, '1', '0', '1', '0', '1');
INSERT INTO "JEECMS"."JC_MODEL_ITEM" VALUES ('300', '9', 'path', '访问路径', '10', null, null, null, null, null, null, null, '2', '0', '1', '0', '1');
INSERT INTO "JEECMS"."JC_MODEL_ITEM" VALUES ('301', '9', 'title', 'meta标题', '10', null, null, null, null, null, null, null, '1', '0', '1', '0', '1');
INSERT INTO "JEECMS"."JC_MODEL_ITEM" VALUES ('302', '9', 'keywords', 'meta关键字', '10', null, null, null, null, null, null, null, '1', '0', '1', '0', '1');
INSERT INTO "JEECMS"."JC_MODEL_ITEM" VALUES ('303', '9', 'description', 'meta描述', '10', null, null, null, null, null, null, null, '4', '1', '1', '0', '1');
INSERT INTO "JEECMS"."JC_MODEL_ITEM" VALUES ('304', '9', 'tplChannel', '栏目模板', '10', null, null, null, null, null, null, null, '6', '0', '1', '0', '1');
INSERT INTO "JEECMS"."JC_MODEL_ITEM" VALUES ('305', '9', 'tplContent', '内容模板', '10', null, null, null, null, null, null, null, '6', '0', '1', '0', '1');
INSERT INTO "JEECMS"."JC_MODEL_ITEM" VALUES ('306', '9', 'channelStatic', '栏目静态化', '10', null, null, null, null, null, null, null, '4', '1', '1', '0', '1');
INSERT INTO "JEECMS"."JC_MODEL_ITEM" VALUES ('307', '9', 'contentStatic', '内容静态化', '10', null, null, null, null, null, null, null, '4', '1', '1', '0', '1');
INSERT INTO "JEECMS"."JC_MODEL_ITEM" VALUES ('308', '9', 'priority', '排列顺序', '10', null, null, null, null, null, null, null, '2', '0', '1', '0', '1');
INSERT INTO "JEECMS"."JC_MODEL_ITEM" VALUES ('309', '9', 'display', '显示', '10', null, null, null, null, null, null, null, '8', '0', '1', '0', '1');
INSERT INTO "JEECMS"."JC_MODEL_ITEM" VALUES ('310', '9', 'docImg', '文档图片', '10', null, null, null, null, null, null, null, '8', '1', '1', '0', '1');
INSERT INTO "JEECMS"."JC_MODEL_ITEM" VALUES ('312', '9', 'afterCheck', '审核后', '11', null, null, null, null, null, null, null, '6', '0', '1', '0', '1');
INSERT INTO "JEECMS"."JC_MODEL_ITEM" VALUES ('313', '9', 'commentControl', '评论', '10', null, null, null, null, null, null, null, '8', '0', '1', '0', '1');
INSERT INTO "JEECMS"."JC_MODEL_ITEM" VALUES ('314', '9', 'allowUpdown', '顶踩', '10', null, null, null, null, null, null, null, '8', '0', '1', '0', '1');
INSERT INTO "JEECMS"."JC_MODEL_ITEM" VALUES ('315', '9', 'viewGroupIds', '浏览权限', '10', null, null, null, null, null, null, null, '7', '0', '1', '0', '1');
INSERT INTO "JEECMS"."JC_MODEL_ITEM" VALUES ('316', '9', 'contriGroupIds', '投稿权限', '10', null, null, null, null, null, null, null, '7', '0', '1', '0', '1');
INSERT INTO "JEECMS"."JC_MODEL_ITEM" VALUES ('317', '9', 'channelId', '栏目', '10', null, null, null, null, null, null, null, '6', '1', '0', '0', '1');
INSERT INTO "JEECMS"."JC_MODEL_ITEM" VALUES ('318', '9', 'title', '标题', '10', null, null, null, null, null, null, null, '1', '1', '0', '0', '1');
INSERT INTO "JEECMS"."JC_MODEL_ITEM" VALUES ('319', '9', 'shortTitle', '简短标题', '10', null, null, null, null, null, null, null, '1', '0', '0', '0', '1');
INSERT INTO "JEECMS"."JC_MODEL_ITEM" VALUES ('320', '9', 'titleColor', '标题颜色', '10', null, null, null, null, null, null, null, '6', '0', '0', '0', '1');
INSERT INTO "JEECMS"."JC_MODEL_ITEM" VALUES ('321', '9', 'tagStr', 'Tag标签', '10', null, null, null, null, null, null, null, '1', '1', '0', '0', '1');
INSERT INTO "JEECMS"."JC_MODEL_ITEM" VALUES ('322', '9', 'description', '摘要', '10', null, null, null, null, null, null, null, '4', '1', '0', '0', '1');
INSERT INTO "JEECMS"."JC_MODEL_ITEM" VALUES ('323', '9', 'author', '作者', '10', null, null, null, null, null, null, null, '1', '0', '0', '0', '1');
INSERT INTO "JEECMS"."JC_MODEL_ITEM" VALUES ('324', '9', 'origin', '来源', '10', null, null, null, null, null, null, null, '1', '0', '0', '0', '1');
INSERT INTO "JEECMS"."JC_MODEL_ITEM" VALUES ('325', '9', 'viewGroupIds', '浏览权限', '10', null, null, null, null, null, null, null, '7', '1', '0', '0', '1');
INSERT INTO "JEECMS"."JC_MODEL_ITEM" VALUES ('326', '9', 'topLevel', '固顶级别', '10', null, null, null, null, null, null, null, '6', '0', '0', '0', '1');
INSERT INTO "JEECMS"."JC_MODEL_ITEM" VALUES ('327', '9', 'releaseDate', '发布时间', '10', null, null, null, null, null, null, null, '5', '0', '0', '0', '1');
INSERT INTO "JEECMS"."JC_MODEL_ITEM" VALUES ('328', '9', 'typeId', '内容类型', '10', null, null, null, null, null, null, null, '6', '0', '0', '0', '1');
INSERT INTO "JEECMS"."JC_MODEL_ITEM" VALUES ('329', '9', 'tplContent', '指定模板', '10', null, null, null, null, null, null, null, '6', '0', '0', '0', '1');
INSERT INTO "JEECMS"."JC_MODEL_ITEM" VALUES ('330', '9', 'docPath', '文档', '10', null, null, null, null, null, null, null, '4', '1', '0', '0', '1');
INSERT INTO "JEECMS"."JC_MODEL_ITEM" VALUES ('333', '9', 'downNeed', '下载需要财富', '10', null, null, null, null, null, null, null, '2', '1', '0', '0', '1');
INSERT INTO "JEECMS"."JC_MODEL_ITEM" VALUES ('334', '9', 'isOpen', '是否开放', '10', null, null, null, null, null, null, null, '7', '1', '0', '0', '1');
INSERT INTO "JEECMS"."JC_MODEL_ITEM" VALUES ('335', '1', 'workflowId', '工作流', '11', null, null, null, null, null, '留空则继承上级栏目设置，顶层为空无需审核', null, '6', '0', '1', '0', '1');
INSERT INTO "JEECMS"."JC_MODEL_ITEM" VALUES ('336', '2', 'workflowId', '工作流', '10', null, null, null, null, null, '留空则继承上级栏目设置，顶层为空无需审核', null, '6', '1', '1', '0', '1');
INSERT INTO "JEECMS"."JC_MODEL_ITEM" VALUES ('337', '3', 'workflowId', '工作流', '10', null, null, null, null, null, '留空则继承上级栏目设置，顶层为空无需审核', null, '6', '1', '1', '0', '1');
INSERT INTO "JEECMS"."JC_MODEL_ITEM" VALUES ('338', '4', 'workflowId', '工作流', '10', null, null, null, null, null, '留空则继承上级栏目设置，顶层为空无需审核', null, '6', '1', '1', '0', '1');
INSERT INTO "JEECMS"."JC_MODEL_ITEM" VALUES ('339', '5', 'workflowId', '工作流', '11', null, null, null, null, null, '留空则继承上级栏目设置，顶层为空无需审核', null, '6', '0', '1', '0', '1');
INSERT INTO "JEECMS"."JC_MODEL_ITEM" VALUES ('340', '6', 'workflowId', '工作流', '11', null, null, null, null, null, '留空则继承上级栏目设置，顶层为空无需审核', null, '6', '0', '1', '0', '1');
INSERT INTO "JEECMS"."JC_MODEL_ITEM" VALUES ('341', '7', 'workflowId', '工作流', '11', null, null, null, null, null, '留空则继承上级栏目设置，顶层为空无需审核', null, '6', '0', '1', '0', '1');
INSERT INTO "JEECMS"."JC_MODEL_ITEM" VALUES ('342', '8', 'workflowId', '工作流', '11', null, null, null, null, null, '留空则继承上级栏目设置，顶层为空无需审核', null, '6', '0', '1', '0', '1');
INSERT INTO "JEECMS"."JC_MODEL_ITEM" VALUES ('343', '9', 'workflowId', '工作流', '11', null, null, null, null, null, '留空则继承上级栏目设置，顶层为空无需审核', null, '6', '0', '1', '0', '1');
INSERT INTO "JEECMS"."JC_MODEL_ITEM" VALUES ('344', '1', 'channelId', '栏目', '8', null, null, null, null, null, null, null, '6', '1', '0', '0', '1');
INSERT INTO "JEECMS"."JC_MODEL_ITEM" VALUES ('403', '6', 'Director', '导演', '10', null, null, null, '1', '2', null, null, '1', '0', '0', '1', '1');
INSERT INTO "JEECMS"."JC_MODEL_ITEM" VALUES ('404', '6', 'Starring', '主演', '10', null, null, null, '1', '30', null, null, '1', '0', '0', '1', '1');
INSERT INTO "JEECMS"."JC_MODEL_ITEM" VALUES ('405', '6', 'VideoType', '视频类型', '10', null, '历史,古装,都市,喜剧,悬疑,动作,谍战,伦理,战争,惊悚', null, '3', '30', null, null, '7', '0', '0', '1', '1');
INSERT INTO "JEECMS"."JC_MODEL_ITEM" VALUES ('406', '6', 'Video', '影片信息', '10', null, '正片,预告片', null, '3', '30', null, null, '6', '0', '0', '1', '1');
INSERT INTO "JEECMS"."JC_MODEL_ITEM" VALUES ('408', '1', 'contentImg', '内容图', '10', null, null, null, null, null, null, null, '1', '1', '1', '0', '1');
INSERT INTO "JEECMS"."JC_MODEL_ITEM" VALUES ('1', '1', 'name', '栏目名称', '10', null, null, null, null, null, null, null, '1', '0', '1', '0', '1');
INSERT INTO "JEECMS"."JC_MODEL_ITEM" VALUES ('2', '1', 'path', '访问路径', '10', null, null, null, null, null, null, null, '2', '0', '1', '0', '1');
INSERT INTO "JEECMS"."JC_MODEL_ITEM" VALUES ('3', '1', 'title', 'meta标题', '10', null, null, null, null, null, null, null, '1', '0', '1', '0', '1');
INSERT INTO "JEECMS"."JC_MODEL_ITEM" VALUES ('4', '1', 'keywords', 'meta关键字', '10', null, null, null, null, null, null, null, '1', '0', '1', '0', '1');
INSERT INTO "JEECMS"."JC_MODEL_ITEM" VALUES ('5', '1', 'description', 'meta描述', '10', null, null, null, null, null, null, null, '4', '1', '1', '0', '1');
INSERT INTO "JEECMS"."JC_MODEL_ITEM" VALUES ('6', '1', 'tplChannel', '栏目模板', '10', null, null, null, null, null, null, null, '6', '0', '1', '0', '1');
INSERT INTO "JEECMS"."JC_MODEL_ITEM" VALUES ('7', '1', 'tplContent', '选择模型模板', '10', null, null, null, null, null, null, null, '6', '0', '1', '0', '1');
INSERT INTO "JEECMS"."JC_MODEL_ITEM" VALUES ('8', '1', 'channelStatic', '栏目静态化', '10', null, null, null, null, null, null, null, '4', '1', '1', '0', '1');
INSERT INTO "JEECMS"."JC_MODEL_ITEM" VALUES ('9', '1', 'contentStatic', '内容静态化', '10', null, null, null, null, null, null, null, '4', '1', '1', '0', '1');
INSERT INTO "JEECMS"."JC_MODEL_ITEM" VALUES ('10', '1', 'priority', '排列顺序', '10', null, null, null, null, null, null, null, '2', '0', '1', '0', '1');
INSERT INTO "JEECMS"."JC_MODEL_ITEM" VALUES ('11', '1', 'display', '显示', '10', null, null, null, null, null, null, null, '8', '0', '1', '0', '1');
INSERT INTO "JEECMS"."JC_MODEL_ITEM" VALUES ('12', '1', 'docImg', '文档图片', '10', null, null, null, null, null, null, null, '8', '1', '1', '0', '1');
INSERT INTO "JEECMS"."JC_MODEL_ITEM" VALUES ('14', '1', 'afterCheck', '审核后', '11', null, null, null, null, null, null, null, '6', '0', '1', '0', '1');
INSERT INTO "JEECMS"."JC_MODEL_ITEM" VALUES ('15', '1', 'commentControl', '评论', '10', null, null, null, null, null, null, null, '8', '0', '1', '0', '1');
INSERT INTO "JEECMS"."JC_MODEL_ITEM" VALUES ('16', '1', 'allowUpdown', '顶踩', '10', null, null, null, null, null, null, null, '8', '0', '1', '0', '1');
INSERT INTO "JEECMS"."JC_MODEL_ITEM" VALUES ('17', '1', 'viewGroupIds', '浏览权限', '10', null, null, null, null, null, null, null, '7', '0', '1', '0', '1');
INSERT INTO "JEECMS"."JC_MODEL_ITEM" VALUES ('18', '1', 'contriGroupIds', '投稿权限', '10', null, null, null, null, null, null, null, '7', '0', '1', '0', '1');
INSERT INTO "JEECMS"."JC_MODEL_ITEM" VALUES ('19', '1', 'userIds', '管理权限', '10', null, null, null, null, null, null, null, '7', '1', '1', '0', '1');
INSERT INTO "JEECMS"."JC_MODEL_ITEM" VALUES ('20', '1', 'link', '外部链接', '10', null, null, null, null, null, null, null, '1', '1', '1', '0', '1');
INSERT INTO "JEECMS"."JC_MODEL_ITEM" VALUES ('21', '1', 'titleImg', '标题图', '10', null, null, null, null, null, null, null, '1', '1', '1', '0', '1');
INSERT INTO "JEECMS"."JC_MODEL_ITEM" VALUES ('23', '1', 'title', '标题', '9', null, null, null, null, null, null, null, '1', '1', '0', '0', '1');
INSERT INTO "JEECMS"."JC_MODEL_ITEM" VALUES ('24', '1', 'shortTitle', '简短标题', '10', null, null, null, null, null, null, null, '1', '0', '0', '0', '1');
INSERT INTO "JEECMS"."JC_MODEL_ITEM" VALUES ('25', '1', 'titleColor', '标题颜色', '10', null, null, null, null, null, null, null, '6', '0', '0', '0', '1');
INSERT INTO "JEECMS"."JC_MODEL_ITEM" VALUES ('26', '1', 'tagStr', 'Tag标签', '10', null, null, null, null, null, null, null, '1', '1', '0', '0', '1');
INSERT INTO "JEECMS"."JC_MODEL_ITEM" VALUES ('27', '1', 'description', '摘要', '10', null, null, null, null, null, null, null, '4', '1', '0', '0', '1');
INSERT INTO "JEECMS"."JC_MODEL_ITEM" VALUES ('28', '1', 'author', '作者', '10', null, null, null, null, null, null, null, '1', '0', '0', '0', '1');
INSERT INTO "JEECMS"."JC_MODEL_ITEM" VALUES ('29', '1', 'origin', '来源', '10', null, null, null, null, null, null, null, '1', '0', '0', '0', '1');
INSERT INTO "JEECMS"."JC_MODEL_ITEM" VALUES ('30', '1', 'viewGroupIds', '浏览权限', '10', null, null, null, null, null, null, null, '7', '1', '0', '0', '1');
INSERT INTO "JEECMS"."JC_MODEL_ITEM" VALUES ('31', '1', 'topLevel', '固顶级别', '10', null, null, null, null, null, null, null, '6', '0', '0', '0', '1');
INSERT INTO "JEECMS"."JC_MODEL_ITEM" VALUES ('32', '1', 'releaseDate', '发布时间', '10', null, null, null, null, null, null, null, '5', '0', '0', '0', '1');
INSERT INTO "JEECMS"."JC_MODEL_ITEM" VALUES ('33', '1', 'typeId', '内容类型', '10', null, null, null, null, null, null, null, '6', '0', '0', '0', '1');
INSERT INTO "JEECMS"."JC_MODEL_ITEM" VALUES ('34', '1', 'tplContent', '指定模板', '10', null, null, null, null, null, null, null, '6', '0', '0', '0', '1');
INSERT INTO "JEECMS"."JC_MODEL_ITEM" VALUES ('35', '1', 'typeImg', '类型图', '10', null, null, null, null, null, null, null, '1', '1', '0', '0', '1');
INSERT INTO "JEECMS"."JC_MODEL_ITEM" VALUES ('36', '1', 'titleImg', '标题图', '10', null, null, null, null, null, null, null, '1', '1', '0', '0', '1');
INSERT INTO "JEECMS"."JC_MODEL_ITEM" VALUES ('37', '1', 'contentImg', '内容图', '10', null, null, null, null, null, null, null, '1', '1', '0', '0', '1');
INSERT INTO "JEECMS"."JC_MODEL_ITEM" VALUES ('38', '1', 'attachments', '附件', '10', null, null, null, null, null, null, null, '1', '1', '0', '0', '1');
INSERT INTO "JEECMS"."JC_MODEL_ITEM" VALUES ('39', '1', 'media', '多媒体', '10', null, null, null, null, null, null, null, '1', '1', '0', '0', '1');
INSERT INTO "JEECMS"."JC_MODEL_ITEM" VALUES ('40', '1', 'txt', '内容', '10', null, null, null, null, null, null, null, '4', '1', '0', '0', '1');
INSERT INTO "JEECMS"."JC_MODEL_ITEM" VALUES ('42', '2', 'name', '栏目名称', '10', null, null, null, null, null, null, null, '1', '0', '1', '0', '1');
INSERT INTO "JEECMS"."JC_MODEL_ITEM" VALUES ('43', '2', 'path', '访问路径', '10', null, null, null, null, null, null, null, '2', '0', '1', '0', '1');
INSERT INTO "JEECMS"."JC_MODEL_ITEM" VALUES ('44', '2', 'title', 'meta标题', '10', null, null, null, null, null, null, null, '1', '0', '1', '0', '1');
INSERT INTO "JEECMS"."JC_MODEL_ITEM" VALUES ('45', '2', 'keywords', 'meta关键字', '10', null, null, null, null, null, null, null, '1', '0', '1', '0', '1');
INSERT INTO "JEECMS"."JC_MODEL_ITEM" VALUES ('46', '2', 'description', 'meta描述', '10', null, null, null, null, null, null, null, '4', '1', '1', '0', '1');
INSERT INTO "JEECMS"."JC_MODEL_ITEM" VALUES ('47', '2', 'tplChannel', '栏目模板', '10', null, null, null, null, null, null, null, '6', '0', '1', '0', '1');
INSERT INTO "JEECMS"."JC_MODEL_ITEM" VALUES ('48', '2', 'priority', '排列顺序', '10', null, null, null, null, null, null, null, '2', '0', '1', '0', '1');
INSERT INTO "JEECMS"."JC_MODEL_ITEM" VALUES ('49', '2', 'display', '显示', '10', null, null, null, null, null, null, null, '8', '0', '1', '0', '1');
INSERT INTO "JEECMS"."JC_MODEL_ITEM" VALUES ('50', '2', 'viewGroupIds', '浏览权限', '10', null, null, null, null, null, null, null, '7', '0', '1', '0', '1');
INSERT INTO "JEECMS"."JC_MODEL_ITEM" VALUES ('51', '2', 'link', '外部链接', '10', null, null, null, null, null, null, null, '1', '1', '1', '0', '1');
INSERT INTO "JEECMS"."JC_MODEL_ITEM" VALUES ('52', '2', 'contentImg', '内容图', '10', null, null, null, null, null, null, null, '1', '1', '1', '0', '1');
INSERT INTO "JEECMS"."JC_MODEL_ITEM" VALUES ('53', '2', 'txt', '内容', '10', null, null, null, null, null, null, null, '4', '1', '1', '0', '1');
INSERT INTO "JEECMS"."JC_MODEL_ITEM" VALUES ('54', '3', 'name', '栏目名称', '10', null, null, null, null, null, null, null, '1', '0', '1', '0', '1');
INSERT INTO "JEECMS"."JC_MODEL_ITEM" VALUES ('55', '3', 'path', '访问路径', '10', null, null, null, null, null, null, null, '2', '0', '1', '0', '1');
INSERT INTO "JEECMS"."JC_MODEL_ITEM" VALUES ('56', '3', 'title', 'meta标题', '10', null, null, null, null, null, null, null, '1', '0', '1', '0', '1');
INSERT INTO "JEECMS"."JC_MODEL_ITEM" VALUES ('57', '3', 'keywords', 'meta关键字', '10', null, null, null, null, null, null, null, '1', '0', '1', '0', '1');
INSERT INTO "JEECMS"."JC_MODEL_ITEM" VALUES ('58', '3', 'description', 'meta描述', '10', null, null, null, null, null, null, null, '4', '1', '1', '0', '1');
INSERT INTO "JEECMS"."JC_MODEL_ITEM" VALUES ('59', '3', 'tplChannel', '栏目模板', '10', null, null, null, null, null, null, null, '6', '0', '1', '0', '1');
INSERT INTO "JEECMS"."JC_MODEL_ITEM" VALUES ('60', '3', 'tplContent', '选择模型模板', '10', null, null, null, null, null, null, null, '6', '0', '1', '0', '1');
INSERT INTO "JEECMS"."JC_MODEL_ITEM" VALUES ('61', '3', 'priority', '排列顺序', '10', null, null, null, null, null, null, null, '2', '0', '1', '0', '1');
INSERT INTO "JEECMS"."JC_MODEL_ITEM" VALUES ('62', '3', 'display', '显示', '10', null, null, null, null, null, null, null, '8', '0', '1', '0', '1');
INSERT INTO "JEECMS"."JC_MODEL_ITEM" VALUES ('63', '3', 'docImg', '文档图片', '10', null, null, null, null, null, null, null, '8', '1', '1', '0', '1');
INSERT INTO "JEECMS"."JC_MODEL_ITEM" VALUES ('64', '3', 'commentControl', '评论', '10', null, null, null, null, null, null, null, '8', '0', '1', '0', '1');
INSERT INTO "JEECMS"."JC_MODEL_ITEM" VALUES ('65', '3', 'allowUpdown', '顶踩', '10', null, null, null, null, null, null, null, '8', '0', '1', '0', '1');
INSERT INTO "JEECMS"."JC_MODEL_ITEM" VALUES ('66', '3', 'viewGroupIds', '浏览权限', '10', null, null, null, null, null, null, null, '7', '0', '1', '0', '1');
INSERT INTO "JEECMS"."JC_MODEL_ITEM" VALUES ('67', '3', 'contriGroupIds', '投稿权限', '10', null, null, null, null, null, null, null, '7', '0', '1', '0', '1');
INSERT INTO "JEECMS"."JC_MODEL_ITEM" VALUES ('68', '3', 'userIds', '管理权限', '10', null, null, null, null, null, null, null, '7', '1', '1', '0', '1');
INSERT INTO "JEECMS"."JC_MODEL_ITEM" VALUES ('69', '3', 'link', '外部链接', '10', null, null, null, null, null, null, null, '1', '1', '1', '0', '1');
INSERT INTO "JEECMS"."JC_MODEL_ITEM" VALUES ('70', '3', 'titleImg', '标题图', '10', null, null, null, null, null, null, null, '1', '1', '1', '0', '1');
INSERT INTO "JEECMS"."JC_MODEL_ITEM" VALUES ('73', '3', 'channelId', '栏目', '10', null, null, null, null, null, null, null, '6', '1', '0', '0', '1');
INSERT INTO "JEECMS"."JC_MODEL_ITEM" VALUES ('74', '3', 'title', '标题', '10', null, null, null, null, null, null, null, '1', '1', '0', '0', '1');
INSERT INTO "JEECMS"."JC_MODEL_ITEM" VALUES ('75', '3', 'shortTitle', '简短标题', '10', null, null, null, null, null, null, null, '1', '0', '0', '0', '1');
INSERT INTO "JEECMS"."JC_MODEL_ITEM" VALUES ('76', '3', 'titleColor', '标题颜色', '10', null, null, null, null, null, null, null, '6', '0', '0', '0', '1');
INSERT INTO "JEECMS"."JC_MODEL_ITEM" VALUES ('77', '3', 'tagStr', 'Tag标签', '10', null, null, null, null, null, null, null, '1', '1', '0', '0', '1');
INSERT INTO "JEECMS"."JC_MODEL_ITEM" VALUES ('78', '3', 'description', '摘要', '10', null, null, null, null, null, null, null, '4', '1', '0', '0', '1');
INSERT INTO "JEECMS"."JC_MODEL_ITEM" VALUES ('79', '3', 'author', '作者', '10', null, null, null, null, null, null, null, '1', '0', '0', '0', '1');
INSERT INTO "JEECMS"."JC_MODEL_ITEM" VALUES ('80', '3', 'origin', '来源', '10', null, null, null, null, null, null, null, '1', '0', '0', '0', '1');

-- ----------------------------
-- Table structure for JC_ORIGIN
-- ----------------------------
DROP TABLE "JEECMS"."JC_ORIGIN";
CREATE TABLE "JEECMS"."JC_ORIGIN" (
"ORIGIN_ID" NUMBER(11) NOT NULL ,
"ORIGIN_NAME" VARCHAR2(255 BYTE) NOT NULL ,
"REF_COUNT" NUMBER(11) DEFAULT 0  NOT NULL 
)
LOGGING
NOCOMPRESS
NOCACHE

;
COMMENT ON TABLE "JEECMS"."JC_ORIGIN" IS '来源';
COMMENT ON COLUMN "JEECMS"."JC_ORIGIN"."ORIGIN_NAME" IS '来源名称';
COMMENT ON COLUMN "JEECMS"."JC_ORIGIN"."REF_COUNT" IS '来源文章总数';

-- ----------------------------
-- Records of JC_ORIGIN
-- ----------------------------

-- ----------------------------
-- Table structure for JC_PLUG
-- ----------------------------
DROP TABLE "JEECMS"."JC_PLUG";
CREATE TABLE "JEECMS"."JC_PLUG" (
"PLUG_ID" NUMBER(11) NOT NULL ,
"NAME" VARCHAR2(255 BYTE) NOT NULL ,
"PATH" VARCHAR2(255 BYTE) NOT NULL ,
"DESCRIPTION" VARCHAR2(2000 BYTE) NULL ,
"AUTHOR" VARCHAR2(255 BYTE) NULL ,
"UPLOAD_TIME" DATE NOT NULL ,
"INSTALL_TIME" DATE NULL ,
"UNINSTALL_TIME" DATE NULL ,
"FILE_CONFLICT" NUMBER(1) DEFAULT 0  NOT NULL ,
"IS_USED" NUMBER(1) DEFAULT 0  NOT NULL ,
"PLUG_PERMS" VARCHAR2(2000 BYTE) NULL 
)
LOGGING
NOCOMPRESS
NOCACHE

;
COMMENT ON TABLE "JEECMS"."JC_PLUG" IS '插件';
COMMENT ON COLUMN "JEECMS"."JC_PLUG"."NAME" IS '插件名称';
COMMENT ON COLUMN "JEECMS"."JC_PLUG"."PATH" IS '文件路径';
COMMENT ON COLUMN "JEECMS"."JC_PLUG"."DESCRIPTION" IS '描述';
COMMENT ON COLUMN "JEECMS"."JC_PLUG"."AUTHOR" IS '作者';
COMMENT ON COLUMN "JEECMS"."JC_PLUG"."UPLOAD_TIME" IS '上传时间';
COMMENT ON COLUMN "JEECMS"."JC_PLUG"."INSTALL_TIME" IS '安装时间';
COMMENT ON COLUMN "JEECMS"."JC_PLUG"."UNINSTALL_TIME" IS '卸载时间';
COMMENT ON COLUMN "JEECMS"."JC_PLUG"."FILE_CONFLICT" IS '包含文件是否冲突';
COMMENT ON COLUMN "JEECMS"."JC_PLUG"."IS_USED" IS '使用状态(0未使用,1使用中)';
COMMENT ON COLUMN "JEECMS"."JC_PLUG"."PLUG_PERMS" IS '插件权限（,分隔各个权限配置）';

-- ----------------------------
-- Records of JC_PLUG
-- ----------------------------

-- ----------------------------
-- Table structure for JC_RECEIVER_MESSAGE
-- ----------------------------
DROP TABLE "JEECMS"."JC_RECEIVER_MESSAGE";
CREATE TABLE "JEECMS"."JC_RECEIVER_MESSAGE" (
"MSG_RE_ID" NUMBER(11) NOT NULL ,
"MSG_TITLE" VARCHAR2(255 BYTE) NOT NULL ,
"MSG_CONTENT" CLOB NULL ,
"SEND_TIME" TIMESTAMP(6)  NULL ,
"MSG_SEND_USER" NUMBER(11) DEFAULT 1  NOT NULL ,
"MSG_RECEIVER_USER" NUMBER(11) DEFAULT 0  NOT NULL ,
"SITE_ID" NUMBER(11) DEFAULT 1  NOT NULL ,
"MSG_STATUS" NUMBER(1) DEFAULT 0  NOT NULL ,
"MSG_BOX" NUMBER(11) DEFAULT 1  NOT NULL ,
"MSG_ID" NUMBER(11) NULL 
)
LOGGING
NOCOMPRESS
NOCACHE

;
COMMENT ON TABLE "JEECMS"."JC_RECEIVER_MESSAGE" IS '站内信收信表;';
COMMENT ON COLUMN "JEECMS"."JC_RECEIVER_MESSAGE"."MSG_RE_ID" IS '消息id';
COMMENT ON COLUMN "JEECMS"."JC_RECEIVER_MESSAGE"."MSG_TITLE" IS '标题';
COMMENT ON COLUMN "JEECMS"."JC_RECEIVER_MESSAGE"."MSG_CONTENT" IS '站内信息内容';
COMMENT ON COLUMN "JEECMS"."JC_RECEIVER_MESSAGE"."SEND_TIME" IS '发送时间';
COMMENT ON COLUMN "JEECMS"."JC_RECEIVER_MESSAGE"."MSG_SEND_USER" IS '发信息人';
COMMENT ON COLUMN "JEECMS"."JC_RECEIVER_MESSAGE"."MSG_RECEIVER_USER" IS '接收人';
COMMENT ON COLUMN "JEECMS"."JC_RECEIVER_MESSAGE"."SITE_ID" IS '站点';
COMMENT ON COLUMN "JEECMS"."JC_RECEIVER_MESSAGE"."MSG_STATUS" IS '消息状态0未读，1已读';
COMMENT ON COLUMN "JEECMS"."JC_RECEIVER_MESSAGE"."MSG_BOX" IS '消息信箱 0收件箱 1发件箱 2草稿箱 3垃圾箱';
COMMENT ON COLUMN "JEECMS"."JC_RECEIVER_MESSAGE"."MSG_ID" IS '发信的信件id';

-- ----------------------------
-- Records of JC_RECEIVER_MESSAGE
-- ----------------------------

-- ----------------------------
-- Table structure for JC_ROLE
-- ----------------------------
DROP TABLE "JEECMS"."JC_ROLE";
CREATE TABLE "JEECMS"."JC_ROLE" (
"ROLE_ID" NUMBER(11) NOT NULL ,
"SITE_ID" NUMBER(11) NULL ,
"ROLE_NAME" VARCHAR2(100 BYTE) NOT NULL ,
"PRIORITY" NUMBER(11) DEFAULT 10  NOT NULL ,
"IS_SUPER" CHAR(1 BYTE) DEFAULT '0'  NOT NULL 
)
LOGGING
NOCOMPRESS
NOCACHE

;
COMMENT ON TABLE "JEECMS"."JC_ROLE" IS 'CMS角色表;';
COMMENT ON COLUMN "JEECMS"."JC_ROLE"."ROLE_NAME" IS '角色名称';
COMMENT ON COLUMN "JEECMS"."JC_ROLE"."PRIORITY" IS '排列顺序';
COMMENT ON COLUMN "JEECMS"."JC_ROLE"."IS_SUPER" IS '拥有所有权限';

-- ----------------------------
-- Records of JC_ROLE
-- ----------------------------
INSERT INTO "JEECMS"."JC_ROLE" VALUES ('1', '1', '管理员', '10', '1');
INSERT INTO "JEECMS"."JC_ROLE" VALUES ('2', '1', '信息录入员', '10', '0');
INSERT INTO "JEECMS"."JC_ROLE" VALUES ('3', '1', '初审', '10', '0');

-- ----------------------------
-- Table structure for JC_ROLE_PERMISSION
-- ----------------------------
DROP TABLE "JEECMS"."JC_ROLE_PERMISSION";
CREATE TABLE "JEECMS"."JC_ROLE_PERMISSION" (
"ROLE_ID" NUMBER(11) NOT NULL ,
"URI" VARCHAR2(100 BYTE) NOT NULL 
)
LOGGING
NOCOMPRESS
NOCACHE

;
COMMENT ON TABLE "JEECMS"."JC_ROLE_PERMISSION" IS 'CMS角色授权表;';

-- ----------------------------
-- Records of JC_ROLE_PERMISSION
-- ----------------------------
INSERT INTO "JEECMS"."JC_ROLE_PERMISSION" VALUES ('2', '/top.do');
INSERT INTO "JEECMS"."JC_ROLE_PERMISSION" VALUES ('2', '/content/o_share.do');
INSERT INTO "JEECMS"."JC_ROLE_PERMISSION" VALUES ('2', '/channel/v_left.do');
INSERT INTO "JEECMS"."JC_ROLE_PERMISSION" VALUES ('2', '/content/o_upload_docs.do');
INSERT INTO "JEECMS"."JC_ROLE_PERMISSION" VALUES ('2', '/content/v_tree_channels.do');
INSERT INTO "JEECMS"."JC_ROLE_PERMISSION" VALUES ('2', '/content/o_upload_attachment.do');
INSERT INTO "JEECMS"."JC_ROLE_PERMISSION" VALUES ('2', '/channel/v_add.do');
INSERT INTO "JEECMS"."JC_ROLE_PERMISSION" VALUES ('2', '/common/v_image_area_select.do');
INSERT INTO "JEECMS"."JC_ROLE_PERMISSION" VALUES ('2', '/channel/o_update.do');
INSERT INTO "JEECMS"."JC_ROLE_PERMISSION" VALUES ('2', '/frame/content');
INSERT INTO "JEECMS"."JC_ROLE_PERMISSION" VALUES ('2', '/content/v_check_records.do');
INSERT INTO "JEECMS"."JC_ROLE_PERMISSION" VALUES ('2', '/content/o_move.do');
INSERT INTO "JEECMS"."JC_ROLE_PERMISSION" VALUES ('2', '/content/o_save.do');
INSERT INTO "JEECMS"."JC_ROLE_PERMISSION" VALUES ('2', '/channel/v_list.do');
INSERT INTO "JEECMS"."JC_ROLE_PERMISSION" VALUES ('2', '/content/v_tree_share.do');
INSERT INTO "JEECMS"."JC_ROLE_PERMISSION" VALUES ('2', '/channel/v_edit.do');
INSERT INTO "JEECMS"."JC_ROLE_PERMISSION" VALUES ('2', '/content/o_reject.do');
INSERT INTO "JEECMS"."JC_ROLE_PERMISSION" VALUES ('2', '/content/o_static.do');
INSERT INTO "JEECMS"."JC_ROLE_PERMISSION" VALUES ('2', '/right.do');
INSERT INTO "JEECMS"."JC_ROLE_PERMISSION" VALUES ('2', '/left.do');
INSERT INTO "JEECMS"."JC_ROLE_PERMISSION" VALUES ('2', '/common/o_upload_image.do');
INSERT INTO "JEECMS"."JC_ROLE_PERMISSION" VALUES ('2', '/content/o_upload_media.do');
INSERT INTO "JEECMS"."JC_ROLE_PERMISSION" VALUES ('2', '/channel/v_tree.do');
INSERT INTO "JEECMS"."JC_ROLE_PERMISSION" VALUES ('2', '/frame/channel');
INSERT INTO "JEECMS"."JC_ROLE_PERMISSION" VALUES ('2', '/channel/o_delete.do');
INSERT INTO "JEECMS"."JC_ROLE_PERMISSION" VALUES ('2', '/content/o_check.do');
INSERT INTO "JEECMS"."JC_ROLE_PERMISSION" VALUES ('2', '/map.do');
INSERT INTO "JEECMS"."JC_ROLE_PERMISSION" VALUES ('2', '/content/v_edit.do');
INSERT INTO "JEECMS"."JC_ROLE_PERMISSION" VALUES ('2', '/common/o_image_cut.do');
INSERT INTO "JEECMS"."JC_ROLE_PERMISSION" VALUES ('2', '/main.do');
INSERT INTO "JEECMS"."JC_ROLE_PERMISSION" VALUES ('2', '/index.do');
INSERT INTO "JEECMS"."JC_ROLE_PERMISSION" VALUES ('2', '/content/import_docs.do');
INSERT INTO "JEECMS"."JC_ROLE_PERMISSION" VALUES ('2', '/content/v_view.do');
INSERT INTO "JEECMS"."JC_ROLE_PERMISSION" VALUES ('2', '/fck/upload.do');
INSERT INTO "JEECMS"."JC_ROLE_PERMISSION" VALUES ('2', '/content/v_left.do');
INSERT INTO "JEECMS"."JC_ROLE_PERMISSION" VALUES ('2', '/content/v_list.do');
INSERT INTO "JEECMS"."JC_ROLE_PERMISSION" VALUES ('2', '/content/v_tree.do');
INSERT INTO "JEECMS"."JC_ROLE_PERMISSION" VALUES ('2', '/channel/o_save.do');
INSERT INTO "JEECMS"."JC_ROLE_PERMISSION" VALUES ('2', '/channel/o_priority.do');
INSERT INTO "JEECMS"."JC_ROLE_PERMISSION" VALUES ('2', '/content/o_push.do');
INSERT INTO "JEECMS"."JC_ROLE_PERMISSION" VALUES ('2', '/personal/');
INSERT INTO "JEECMS"."JC_ROLE_PERMISSION" VALUES ('2', '/content/o_delete.do');
INSERT INTO "JEECMS"."JC_ROLE_PERMISSION" VALUES ('2', '/content/o_update.do');
INSERT INTO "JEECMS"."JC_ROLE_PERMISSION" VALUES ('2', '/content/o_submit.do');
INSERT INTO "JEECMS"."JC_ROLE_PERMISSION" VALUES ('2', '/content/o_generateTags.do');
INSERT INTO "JEECMS"."JC_ROLE_PERMISSION" VALUES ('2', '/content/v_add.do');
INSERT INTO "JEECMS"."JC_ROLE_PERMISSION" VALUES ('3', 'content:rank_list');
INSERT INTO "JEECMS"."JC_ROLE_PERMISSION" VALUES ('3', 'topic:o_priority');
INSERT INTO "JEECMS"."JC_ROLE_PERMISSION" VALUES ('3', 'content:o_share');
INSERT INTO "JEECMS"."JC_ROLE_PERMISSION" VALUES ('3', 'plug:o_delete');
INSERT INTO "JEECMS"."JC_ROLE_PERMISSION" VALUES ('3', 'menu:v_ajax_edit');
INSERT INTO "JEECMS"."JC_ROLE_PERMISSION" VALUES ('3', 'content:o_upload_attachment');
INSERT INTO "JEECMS"."JC_ROLE_PERMISSION" VALUES ('3', 'weixin:o_update');
INSERT INTO "JEECMS"."JC_ROLE_PERMISSION" VALUES ('3', 'weixinMenu:v_add');
INSERT INTO "JEECMS"."JC_ROLE_PERMISSION" VALUES ('3', 'topic:o_update');
INSERT INTO "JEECMS"."JC_ROLE_PERMISSION" VALUES ('3', 'right');
INSERT INTO "JEECMS"."JC_ROLE_PERMISSION" VALUES ('3', 'content:v_move');
INSERT INTO "JEECMS"."JC_ROLE_PERMISSION" VALUES ('3', 'menu:o_save');
INSERT INTO "JEECMS"."JC_ROLE_PERMISSION" VALUES ('3', 'content:v_delete');
INSERT INTO "JEECMS"."JC_ROLE_PERMISSION" VALUES ('3', 'weixinMessage:o_save');
INSERT INTO "JEECMS"."JC_ROLE_PERMISSION" VALUES ('3', 'weixin:v_edit');
INSERT INTO "JEECMS"."JC_ROLE_PERMISSION" VALUES ('3', 'weixinMessage:o_default_save');
INSERT INTO "JEECMS"."JC_ROLE_PERMISSION" VALUES ('3', 'personal:v_profile');
INSERT INTO "JEECMS"."JC_ROLE_PERMISSION" VALUES ('3', 'flow:pages:v_list');
INSERT INTO "JEECMS"."JC_ROLE_PERMISSION" VALUES ('3', 'content:o_upload_doc');
INSERT INTO "JEECMS"."JC_ROLE_PERMISSION" VALUES ('3', 'content:o_generateTags');
INSERT INTO "JEECMS"."JC_ROLE_PERMISSION" VALUES ('3', 'frame:statistic_main');
INSERT INTO "JEECMS"."JC_ROLE_PERMISSION" VALUES ('3', 'weixinMessage:v_edit');
INSERT INTO "JEECMS"."JC_ROLE_PERMISSION" VALUES ('3', 'content:o_upload_media');
INSERT INTO "JEECMS"."JC_ROLE_PERMISSION" VALUES ('3', 'content:o_update');
INSERT INTO "JEECMS"."JC_ROLE_PERMISSION" VALUES ('3', 'content:v_list');
INSERT INTO "JEECMS"."JC_ROLE_PERMISSION" VALUES ('3', 'content:v_send_to_topic');
INSERT INTO "JEECMS"."JC_ROLE_PERMISSION" VALUES ('3', 'menu:v_add');
INSERT INTO "JEECMS"."JC_ROLE_PERMISSION" VALUES ('3', 'content:v_view');
INSERT INTO "JEECMS"."JC_ROLE_PERMISSION" VALUES ('3', 'content:o_priority');
INSERT INTO "JEECMS"."JC_ROLE_PERMISSION" VALUES ('3', 'topic:o_save');
INSERT INTO "JEECMS"."JC_ROLE_PERMISSION" VALUES ('3', 'plug:v_list');
INSERT INTO "JEECMS"."JC_ROLE_PERMISSION" VALUES ('3', 'statistic:guestbook:v_list');
INSERT INTO "JEECMS"."JC_ROLE_PERMISSION" VALUES ('3', 'frame:statistic_left');
INSERT INTO "JEECMS"."JC_ROLE_PERMISSION" VALUES ('3', 'content:o_push');
INSERT INTO "JEECMS"."JC_ROLE_PERMISSION" VALUES ('3', 'content:v_tree');
INSERT INTO "JEECMS"."JC_ROLE_PERMISSION" VALUES ('3', 'map');
INSERT INTO "JEECMS"."JC_ROLE_PERMISSION" VALUES ('3', 'plug:o_uninstall');
INSERT INTO "JEECMS"."JC_ROLE_PERMISSION" VALUES ('3', 'left');
INSERT INTO "JEECMS"."JC_ROLE_PERMISSION" VALUES ('3', 'content:o_copy');
INSERT INTO "JEECMS"."JC_ROLE_PERMISSION" VALUES ('3', 'flow:enterpage:v_list');
INSERT INTO "JEECMS"."JC_ROLE_PERMISSION" VALUES ('3', 'plug:v_edit');
INSERT INTO "JEECMS"."JC_ROLE_PERMISSION" VALUES ('3', 'weixinMenu:o_update');
INSERT INTO "JEECMS"."JC_ROLE_PERMISSION" VALUES ('3', 'content:o_sendToWeixin');
INSERT INTO "JEECMS"."JC_ROLE_PERMISSION" VALUES ('3', 'plug:o_install');
INSERT INTO "JEECMS"."JC_ROLE_PERMISSION" VALUES ('3', 'content:o_move');
INSERT INTO "JEECMS"."JC_ROLE_PERMISSION" VALUES ('3', 'topic:v_add');
INSERT INTO "JEECMS"."JC_ROLE_PERMISSION" VALUES ('3', 'topic:v_list');
INSERT INTO "JEECMS"."JC_ROLE_PERMISSION" VALUES ('3', 'weixinMessage:v_list');
INSERT INTO "JEECMS"."JC_ROLE_PERMISSION" VALUES ('3', 'flow:visitor:v_list');
INSERT INTO "JEECMS"."JC_ROLE_PERMISSION" VALUES ('3', 'flow:area:v_list');
INSERT INTO "JEECMS"."JC_ROLE_PERMISSION" VALUES ('3', 'content:o_delete');
INSERT INTO "JEECMS"."JC_ROLE_PERMISSION" VALUES ('3', 'content:v_check');
INSERT INTO "JEECMS"."JC_ROLE_PERMISSION" VALUES ('3', 'content:o_submit');
INSERT INTO "JEECMS"."JC_ROLE_PERMISSION" VALUES ('3', 'statistic:content:v_list');
INSERT INTO "JEECMS"."JC_ROLE_PERMISSION" VALUES ('3', 'workloadstatistic:v_list');
INSERT INTO "JEECMS"."JC_ROLE_PERMISSION" VALUES ('3', 'content:v_send_to_weixin');
INSERT INTO "JEECMS"."JC_ROLE_PERMISSION" VALUES ('3', 'content:v_priority');
INSERT INTO "JEECMS"."JC_ROLE_PERMISSION" VALUES ('3', 'content:o_static');
INSERT INTO "JEECMS"."JC_ROLE_PERMISSION" VALUES ('3', 'content:o_save');
INSERT INTO "JEECMS"."JC_ROLE_PERMISSION" VALUES ('3', 'content:o_upload_docs');
INSERT INTO "JEECMS"."JC_ROLE_PERMISSION" VALUES ('3', 'content:v_add');
INSERT INTO "JEECMS"."JC_ROLE_PERMISSION" VALUES ('3', 'frame:expand_main');
INSERT INTO "JEECMS"."JC_ROLE_PERMISSION" VALUES ('3', 'content:o_reject');
INSERT INTO "JEECMS"."JC_ROLE_PERMISSION" VALUES ('3', 'menu:o_update');
INSERT INTO "JEECMS"."JC_ROLE_PERMISSION" VALUES ('3', 'frame:statistic_right');
INSERT INTO "JEECMS"."JC_ROLE_PERMISSION" VALUES ('3', 'content:v_reject');
INSERT INTO "JEECMS"."JC_ROLE_PERMISSION" VALUES ('3', 'content:v_edit');
INSERT INTO "JEECMS"."JC_ROLE_PERMISSION" VALUES ('3', 'menu:v_list');
INSERT INTO "JEECMS"."JC_ROLE_PERMISSION" VALUES ('3', 'content:v_unpigeonhole');
INSERT INTO "JEECMS"."JC_ROLE_PERMISSION" VALUES ('3', 'frame:expand_right');
INSERT INTO "JEECMS"."JC_ROLE_PERMISSION" VALUES ('3', 'topic:v_edit');
INSERT INTO "JEECMS"."JC_ROLE_PERMISSION" VALUES ('3', 'content:o_unpigeonhole');
INSERT INTO "JEECMS"."JC_ROLE_PERMISSION" VALUES ('3', 'statistic:comment:v_list');
INSERT INTO "JEECMS"."JC_ROLE_PERMISSION" VALUES ('3', 'content:v_push');
INSERT INTO "JEECMS"."JC_ROLE_PERMISSION" VALUES ('3', 'content:o_check');
INSERT INTO "JEECMS"."JC_ROLE_PERMISSION" VALUES ('3', 'personal:o_profile');
INSERT INTO "JEECMS"."JC_ROLE_PERMISSION" VALUES ('3', 'content:o_send_to_topic');
INSERT INTO "JEECMS"."JC_ROLE_PERMISSION" VALUES ('3', 'content:v_left');
INSERT INTO "JEECMS"."JC_ROLE_PERMISSION" VALUES ('3', 'content:v_tree_channels');
INSERT INTO "JEECMS"."JC_ROLE_PERMISSION" VALUES ('3', 'content:o_pigeonhole');
INSERT INTO "JEECMS"."JC_ROLE_PERMISSION" VALUES ('3', 'index');
INSERT INTO "JEECMS"."JC_ROLE_PERMISSION" VALUES ('3', 'plug:o_upload');
INSERT INTO "JEECMS"."JC_ROLE_PERMISSION" VALUES ('3', 'weixinMessage:v_add');
INSERT INTO "JEECMS"."JC_ROLE_PERMISSION" VALUES ('3', 'content:v_share');
INSERT INTO "JEECMS"."JC_ROLE_PERMISSION" VALUES ('3', 'topic:o_delete');
INSERT INTO "JEECMS"."JC_ROLE_PERMISSION" VALUES ('3', 'plug:o_save');
INSERT INTO "JEECMS"."JC_ROLE_PERMISSION" VALUES ('3', 'weixinMenu:v_list');
INSERT INTO "JEECMS"."JC_ROLE_PERMISSION" VALUES ('3', 'frame:content_main');
INSERT INTO "JEECMS"."JC_ROLE_PERMISSION" VALUES ('3', 'content:v_pigeonhole');
INSERT INTO "JEECMS"."JC_ROLE_PERMISSION" VALUES ('3', 'flow:pv:v_list');
INSERT INTO "JEECMS"."JC_ROLE_PERMISSION" VALUES ('3', 'message:v_countUnreadMsg');
INSERT INTO "JEECMS"."JC_ROLE_PERMISSION" VALUES ('3', 'content:v_submit');
INSERT INTO "JEECMS"."JC_ROLE_PERMISSION" VALUES ('3', 'content:v_tree_share');
INSERT INTO "JEECMS"."JC_ROLE_PERMISSION" VALUES ('3', 'menu:o_delete');
INSERT INTO "JEECMS"."JC_ROLE_PERMISSION" VALUES ('3', 'weixinMenu:v_edit');
INSERT INTO "JEECMS"."JC_ROLE_PERMISSION" VALUES ('3', 'plug:o_update');
INSERT INTO "JEECMS"."JC_ROLE_PERMISSION" VALUES ('3', 'weixinMessage:o_default_update');
INSERT INTO "JEECMS"."JC_ROLE_PERMISSION" VALUES ('3', 'content:v_check_records');
INSERT INTO "JEECMS"."JC_ROLE_PERMISSION" VALUES ('3', 'personal:v_checkPwd');
INSERT INTO "JEECMS"."JC_ROLE_PERMISSION" VALUES ('3', 'statistic:member:v_list');
INSERT INTO "JEECMS"."JC_ROLE_PERMISSION" VALUES ('3', 'weixinMessage:o_update');
INSERT INTO "JEECMS"."JC_ROLE_PERMISSION" VALUES ('3', 'weixinMenu:o_save');
INSERT INTO "JEECMS"."JC_ROLE_PERMISSION" VALUES ('3', 'plug:v_add');
INSERT INTO "JEECMS"."JC_ROLE_PERMISSION" VALUES ('3', 'top');
INSERT INTO "JEECMS"."JC_ROLE_PERMISSION" VALUES ('3', 'statistic:channel:v_list');
INSERT INTO "JEECMS"."JC_ROLE_PERMISSION" VALUES ('3', 'ueditor:*');
INSERT INTO "JEECMS"."JC_ROLE_PERMISSION" VALUES ('3', 'common:*');
INSERT INTO "JEECMS"."JC_ROLE_PERMISSION" VALUES ('3', 'content:v_tree_radio');
INSERT INTO "JEECMS"."JC_ROLE_PERMISSION" VALUES ('3', 'content:v_copy');
INSERT INTO "JEECMS"."JC_ROLE_PERMISSION" VALUES ('3', 'main');
INSERT INTO "JEECMS"."JC_ROLE_PERMISSION" VALUES ('3', 'frame:expand_left');
INSERT INTO "JEECMS"."JC_ROLE_PERMISSION" VALUES ('3', 'weixinMessage:v_default_set');
INSERT INTO "JEECMS"."JC_ROLE_PERMISSION" VALUES ('3', 'fck:upload');
INSERT INTO "JEECMS"."JC_ROLE_PERMISSION" VALUES ('3', 'content:v_origin_list');
INSERT INTO "JEECMS"."JC_ROLE_PERMISSION" VALUES ('3', 'topic:by_channel');
INSERT INTO "JEECMS"."JC_ROLE_PERMISSION" VALUES ('3', 'flow:source:v_list');

-- ----------------------------
-- Table structure for JC_SCORE_GROUP
-- ----------------------------
DROP TABLE "JEECMS"."JC_SCORE_GROUP";
CREATE TABLE "JEECMS"."JC_SCORE_GROUP" (
"SCORE_GROUP_ID" NUMBER(11) NOT NULL ,
"NAME" VARCHAR2(255 BYTE) NOT NULL ,
"DESCRIPTION" VARCHAR2(1000 BYTE) NULL ,
"ENABLE" NUMBER(1) DEFAULT 0  NOT NULL ,
"DEF" NUMBER(1) DEFAULT 0  NOT NULL ,
"SITE_ID" NUMBER(11) NOT NULL 
)
LOGGING
NOCOMPRESS
NOCACHE

;
COMMENT ON TABLE "JEECMS"."JC_SCORE_GROUP" IS '评分组';
COMMENT ON COLUMN "JEECMS"."JC_SCORE_GROUP"."NAME" IS '分组名';
COMMENT ON COLUMN "JEECMS"."JC_SCORE_GROUP"."DESCRIPTION" IS '描述';
COMMENT ON COLUMN "JEECMS"."JC_SCORE_GROUP"."ENABLE" IS '是否启用';
COMMENT ON COLUMN "JEECMS"."JC_SCORE_GROUP"."DEF" IS '是否默认';
COMMENT ON COLUMN "JEECMS"."JC_SCORE_GROUP"."SITE_ID" IS '站点';

-- ----------------------------
-- Records of JC_SCORE_GROUP
-- ----------------------------
INSERT INTO "JEECMS"."JC_SCORE_GROUP" VALUES ('1', '心情组', '心情组', '0', '0', '1');
INSERT INTO "JEECMS"."JC_SCORE_GROUP" VALUES ('2', '星级评分', '星级评分', '1', '1', '1');

-- ----------------------------
-- Table structure for JC_SCORE_ITEM
-- ----------------------------
DROP TABLE "JEECMS"."JC_SCORE_ITEM";
CREATE TABLE "JEECMS"."JC_SCORE_ITEM" (
"SCORE_ITEM_ID" NUMBER(11) NOT NULL ,
"SCORE_GROUP_ID" NUMBER(11) NOT NULL ,
"NAME" VARCHAR2(255 BYTE) NOT NULL ,
"SCORE" NUMBER(11) NOT NULL ,
"IMAGE_PATH" VARCHAR2(255 BYTE) NULL ,
"PRIORITY" NUMBER(11) DEFAULT 10  NOT NULL 
)
LOGGING
NOCOMPRESS
NOCACHE

;
COMMENT ON TABLE "JEECMS"."JC_SCORE_ITEM" IS '评分项';
COMMENT ON COLUMN "JEECMS"."JC_SCORE_ITEM"."SCORE_GROUP_ID" IS '排序';

-- ----------------------------
-- Records of JC_SCORE_ITEM
-- ----------------------------
INSERT INTO "JEECMS"."JC_SCORE_ITEM" VALUES ('1', '1', '开心', '1', '/r/cms/smilies/m1.gif', '1');
INSERT INTO "JEECMS"."JC_SCORE_ITEM" VALUES ('2', '1', '板砖', '1', '/r/cms/smilies/m2.gif', '2');
INSERT INTO "JEECMS"."JC_SCORE_ITEM" VALUES ('3', '1', '感动', '1', '/r/cms/smilies/m3.gif', '3');
INSERT INTO "JEECMS"."JC_SCORE_ITEM" VALUES ('4', '1', '有用', '1', '/r/cms/smilies/m4.gif', '4');
INSERT INTO "JEECMS"."JC_SCORE_ITEM" VALUES ('5', '1', '疑问', '1', '/r/cms/smilies/m5.gif', '5');
INSERT INTO "JEECMS"."JC_SCORE_ITEM" VALUES ('6', '1', '难过', '1', '/r/cms/smilies/m6.gif', '6');
INSERT INTO "JEECMS"."JC_SCORE_ITEM" VALUES ('7', '1', '无聊', '1', '/r/cms/smilies/m7.gif', '7');
INSERT INTO "JEECMS"."JC_SCORE_ITEM" VALUES ('8', '1', '震惊', '1', '/r/cms/smilies/m8.gif', '8');
INSERT INTO "JEECMS"."JC_SCORE_ITEM" VALUES ('9', '2', '非常差', '1', null, '1');
INSERT INTO "JEECMS"."JC_SCORE_ITEM" VALUES ('10', '2', '差', '2', null, '2');
INSERT INTO "JEECMS"."JC_SCORE_ITEM" VALUES ('11', '2', '一般', '3', null, '3');
INSERT INTO "JEECMS"."JC_SCORE_ITEM" VALUES ('12', '2', '好', '4', null, '4');
INSERT INTO "JEECMS"."JC_SCORE_ITEM" VALUES ('13', '2', '非常好', '5', null, '5');

-- ----------------------------
-- Table structure for JC_SCORE_RECORD
-- ----------------------------
DROP TABLE "JEECMS"."JC_SCORE_RECORD";
CREATE TABLE "JEECMS"."JC_SCORE_RECORD" (
"SCORE_RECORD_ID" NUMBER(11) NOT NULL ,
"SCORE_ITEM_ID" NUMBER(11) NOT NULL ,
"CONTENT_ID" NUMBER(11) NOT NULL ,
"SCORE_COUNT" NUMBER(11) NOT NULL 
)
LOGGING
NOCOMPRESS
NOCACHE

;
COMMENT ON TABLE "JEECMS"."JC_SCORE_RECORD" IS '评分记录';
COMMENT ON COLUMN "JEECMS"."JC_SCORE_RECORD"."SCORE_ITEM_ID" IS '评分纪录';

-- ----------------------------
-- Records of JC_SCORE_RECORD
-- ----------------------------

-- ----------------------------
-- Table structure for JC_SEARCH_WORDS
-- ----------------------------
DROP TABLE "JEECMS"."JC_SEARCH_WORDS";
CREATE TABLE "JEECMS"."JC_SEARCH_WORDS" (
"WORD_ID" NUMBER(11) NOT NULL ,
"NAME" VARCHAR2(255 BYTE) NOT NULL ,
"HIT_COUNT" NUMBER(11) DEFAULT 0  NOT NULL ,
"PRIORITY" NUMBER(11) DEFAULT 10  NOT NULL ,
"NAME_INITIAL" VARCHAR2(500 BYTE) NOT NULL 
)
LOGGING
NOCOMPRESS
NOCACHE

;
COMMENT ON TABLE "JEECMS"."JC_SEARCH_WORDS" IS '搜索热词';
COMMENT ON COLUMN "JEECMS"."JC_SEARCH_WORDS"."NAME" IS '搜索词汇';
COMMENT ON COLUMN "JEECMS"."JC_SEARCH_WORDS"."HIT_COUNT" IS '搜索次数';
COMMENT ON COLUMN "JEECMS"."JC_SEARCH_WORDS"."PRIORITY" IS '优先级';
COMMENT ON COLUMN "JEECMS"."JC_SEARCH_WORDS"."NAME_INITIAL" IS '拼音首字母';

-- ----------------------------
-- Records of JC_SEARCH_WORDS
-- ----------------------------

-- ----------------------------
-- Table structure for JC_SENSITIVITY
-- ----------------------------
DROP TABLE "JEECMS"."JC_SENSITIVITY";
CREATE TABLE "JEECMS"."JC_SENSITIVITY" (
"SENSITIVITY_ID" NUMBER(11) NOT NULL ,
"SEARCH" VARCHAR2(255 BYTE) NOT NULL ,
"REPLACEMENT" VARCHAR2(255 BYTE) NOT NULL 
)
LOGGING
NOCOMPRESS
NOCACHE

;
COMMENT ON TABLE "JEECMS"."JC_SENSITIVITY" IS 'CMS敏感词表;';
COMMENT ON COLUMN "JEECMS"."JC_SENSITIVITY"."SEARCH" IS '敏感词';
COMMENT ON COLUMN "JEECMS"."JC_SENSITIVITY"."REPLACEMENT" IS '替换词';

-- ----------------------------
-- Records of JC_SENSITIVITY
-- ----------------------------
INSERT INTO "JEECMS"."JC_SENSITIVITY" VALUES ('1', '法论功', '***');

-- ----------------------------
-- Table structure for JC_SITE
-- ----------------------------
DROP TABLE "JEECMS"."JC_SITE";
CREATE TABLE "JEECMS"."JC_SITE" (
"SITE_ID" NUMBER(11) NOT NULL ,
"CONFIG_ID" NUMBER(11) NOT NULL ,
"FTP_UPLOAD_ID" NUMBER(11) NULL ,
"DOMAIN" VARCHAR2(50 BYTE) NOT NULL ,
"SITE_PATH" VARCHAR2(20 BYTE) NOT NULL ,
"SITE_NAME" VARCHAR2(100 BYTE) NOT NULL ,
"SHORT_NAME" VARCHAR2(100 BYTE) NOT NULL ,
"PROTOCOL" VARCHAR2(20 BYTE) DEFAULT 'http://'  NOT NULL ,
"DYNAMIC_SUFFIX" VARCHAR2(10 BYTE) DEFAULT '.jhtml'  NOT NULL ,
"STATIC_SUFFIX" VARCHAR2(10 BYTE) DEFAULT '.html'  NOT NULL ,
"STATIC_DIR" VARCHAR2(50 BYTE) NULL ,
"IS_INDEX_TO_ROOT" CHAR(1 BYTE) DEFAULT '0'  NOT NULL ,
"IS_STATIC_INDEX" CHAR(1 BYTE) DEFAULT '0'  NOT NULL ,
"LOCALE_ADMIN" VARCHAR2(10 BYTE) DEFAULT 'zh_ch'  NOT NULL ,
"LOCALE_FRONT" VARCHAR2(10 BYTE) DEFAULT 'zh_ch'  NOT NULL ,
"TPL_SOLUTION" VARCHAR2(50 BYTE) DEFAULT 'default'  NOT NULL ,
"FINAL_STEP" NUMBER(1) DEFAULT 2  NOT NULL ,
"AFTER_CHECK" NUMBER(1) DEFAULT 2  NOT NULL ,
"IS_RELATIVE_PATH" CHAR(1 BYTE) DEFAULT '1'  NOT NULL ,
"IS_RECYCLE_ON" CHAR(1 BYTE) DEFAULT '1'  NOT NULL ,
"DOMAIN_ALIAS" VARCHAR2(255 BYTE) NULL ,
"DOMAIN_REDIRECT" VARCHAR2(255 BYTE) NULL ,
"IS_MASTER" NUMBER(1) DEFAULT 0  NULL ,
"PARENT_ID" NUMBER(11) NULL ,
"TPL_INDEX" VARCHAR2(255 BYTE) NULL ,
"ACCESS_PATH" VARCHAR2(50 BYTE) NULL ,
"KEYWORDS" VARCHAR2(255 BYTE) NULL ,
"DESCRIPTION" VARCHAR2(255 BYTE) NULL ,
"TPL_MOBILE_SOLUTION" VARCHAR2(50 BYTE) DEFAULT 'mobile'  NOT NULL ,
"MOBILE_STATIC_DIR" VARCHAR2(50 BYTE) DEFAULT '/wap'  NOT NULL ,
"MOBILE_STATIC_SYNC" NUMBER(1) DEFAULT 0  NOT NULL ,
"FTP_SYNC_PAGE_ID" NUMBER(11) DEFAULT NULL  NULL ,
"PAGE_IS_SYNC_FTP" NUMBER(1) DEFAULT 0  NOT NULL ,
"RESOUCE_IS_SYNC_FTP" NUMBER(1) DEFAULT 0  NOT NULL 
)
LOGGING
NOCOMPRESS
NOCACHE

;
COMMENT ON TABLE "JEECMS"."JC_SITE" IS 'CMS站点表; ';
COMMENT ON COLUMN "JEECMS"."JC_SITE"."CONFIG_ID" IS '配置ID';
COMMENT ON COLUMN "JEECMS"."JC_SITE"."FTP_UPLOAD_ID" IS '上传ftp';
COMMENT ON COLUMN "JEECMS"."JC_SITE"."DOMAIN" IS '域名';
COMMENT ON COLUMN "JEECMS"."JC_SITE"."SITE_PATH" IS '路径';
COMMENT ON COLUMN "JEECMS"."JC_SITE"."SITE_NAME" IS '网站名称';
COMMENT ON COLUMN "JEECMS"."JC_SITE"."SHORT_NAME" IS '简短名称';
COMMENT ON COLUMN "JEECMS"."JC_SITE"."PROTOCOL" IS '协议';
COMMENT ON COLUMN "JEECMS"."JC_SITE"."DYNAMIC_SUFFIX" IS '动态页后缀';
COMMENT ON COLUMN "JEECMS"."JC_SITE"."STATIC_SUFFIX" IS '静态页后缀';
COMMENT ON COLUMN "JEECMS"."JC_SITE"."STATIC_DIR" IS '静态页存放目录';
COMMENT ON COLUMN "JEECMS"."JC_SITE"."IS_INDEX_TO_ROOT" IS '是否使用将首页放在根目录下';
COMMENT ON COLUMN "JEECMS"."JC_SITE"."IS_STATIC_INDEX" IS '是否静态化首页';
COMMENT ON COLUMN "JEECMS"."JC_SITE"."LOCALE_ADMIN" IS '后台本地化';
COMMENT ON COLUMN "JEECMS"."JC_SITE"."LOCALE_FRONT" IS '前台本地化';
COMMENT ON COLUMN "JEECMS"."JC_SITE"."TPL_SOLUTION" IS '模板方案';
COMMENT ON COLUMN "JEECMS"."JC_SITE"."FINAL_STEP" IS '终审级别';
COMMENT ON COLUMN "JEECMS"."JC_SITE"."AFTER_CHECK" IS '审核后(1:不能修改删除;2:修改后退回;3:修改后不变)';
COMMENT ON COLUMN "JEECMS"."JC_SITE"."IS_RELATIVE_PATH" IS '是否使用相对路径';
COMMENT ON COLUMN "JEECMS"."JC_SITE"."IS_RECYCLE_ON" IS '是否开启回收站';
COMMENT ON COLUMN "JEECMS"."JC_SITE"."DOMAIN_ALIAS" IS '域名别名';
COMMENT ON COLUMN "JEECMS"."JC_SITE"."DOMAIN_REDIRECT" IS '域名重定向';
COMMENT ON COLUMN "JEECMS"."JC_SITE"."IS_MASTER" IS '是否主站';
COMMENT ON COLUMN "JEECMS"."JC_SITE"."PARENT_ID" IS '父站点id';
COMMENT ON COLUMN "JEECMS"."JC_SITE"."TPL_INDEX" IS '首页模板';
COMMENT ON COLUMN "JEECMS"."JC_SITE"."ACCESS_PATH" IS '访问路径';
COMMENT ON COLUMN "JEECMS"."JC_SITE"."KEYWORDS" IS '站点关键字';
COMMENT ON COLUMN "JEECMS"."JC_SITE"."DESCRIPTION" IS '站点描述';
COMMENT ON COLUMN "JEECMS"."JC_SITE"."TPL_MOBILE_SOLUTION" IS '手机站模板方案';
COMMENT ON COLUMN "JEECMS"."JC_SITE"."MOBILE_STATIC_DIR" IS '手机站静态页存放目录';
COMMENT ON COLUMN "JEECMS"."JC_SITE"."MOBILE_STATIC_SYNC" IS '手机站静态页同步生成';
COMMENT ON COLUMN "JEECMS"."JC_SITE"."FTP_SYNC_PAGE_ID" IS '静态页同步FTP';
COMMENT ON COLUMN "JEECMS"."JC_SITE"."PAGE_IS_SYNC_FTP" IS '静态页同步发布FTP';
COMMENT ON COLUMN "JEECMS"."JC_SITE"."RESOUCE_IS_SYNC_FTP" IS '资源同步发布FTP';

-- ----------------------------
-- Records of JC_SITE
-- ----------------------------
INSERT INTO "JEECMS"."JC_SITE" VALUES ('1', '1', null, 'localhost', 'www', '易门户', '易门户', 'http://', '.jhtml', '.html', '/zhuoyin', '0', '0', 'zh_CN', 'zh_CN', 'default', '3', '2', '1', '1', null, null, '1', null, '/WEB-INF/t/cms/www/default/index/index.html', null, '易门户', '易门户', 'default', '/wap', '0', null, '0', '0');
INSERT INTO "JEECMS"."JC_SITE" VALUES ('3', '1', null, '101.200.183.211', 'www', '云南楚创科技有限公司', '云南楚创科技有限公司', 'http://', '.jhtml', '.html', '/html', '0', '0', 'zh_CN', 'zh_CN', 'www', '3', '3', '0', '1', null, null, '0', null, null, null, null, null, 'www', '/wap', '1', null, '0', '0');

-- ----------------------------
-- Table structure for JC_SITE_ACCESS
-- ----------------------------
DROP TABLE "JEECMS"."JC_SITE_ACCESS";
CREATE TABLE "JEECMS"."JC_SITE_ACCESS" (
"ACCESS_ID" NUMBER(11) NOT NULL ,
"SESSION_ID" VARCHAR2(32 BYTE) NOT NULL ,
"SITE_ID" NUMBER(11) NOT NULL ,
"ACCESS_TIME" TIMESTAMP(6)  NOT NULL ,
"ACCESS_DATE" DATE NOT NULL ,
"IP" VARCHAR2(50 BYTE) NOT NULL ,
"AREA" VARCHAR2(50 BYTE) NULL ,
"ACCESS_SOURCE" VARCHAR2(255 BYTE) NULL ,
"EXTERNAL_LINK" VARCHAR2(255 BYTE) DEFAULT NULL  NULL ,
"ENGINE" VARCHAR2(50 BYTE) DEFAULT NULL  NULL ,
"ENTRY_PAGE" VARCHAR2(255 BYTE) NULL ,
"LAST_STOP_PAGE" VARCHAR2(255 BYTE) NULL ,
"VISIT_SECOND" NUMBER(11) NULL ,
"VISIT_PAGE_COUNT" NUMBER(11) NULL ,
"OPERATING_SYSTEM" VARCHAR2(50 BYTE) NULL ,
"BROWSER" VARCHAR2(50 BYTE) NULL ,
"KEYWORD" VARCHAR2(255 BYTE) NULL 
)
LOGGING
NOCOMPRESS
NOCACHE

;
COMMENT ON TABLE "JEECMS"."JC_SITE_ACCESS" IS '站点访问表';
COMMENT ON COLUMN "JEECMS"."JC_SITE_ACCESS"."SITE_ID" IS '站点id';
COMMENT ON COLUMN "JEECMS"."JC_SITE_ACCESS"."ACCESS_TIME" IS '访问时间';
COMMENT ON COLUMN "JEECMS"."JC_SITE_ACCESS"."ACCESS_DATE" IS '访问日期';
COMMENT ON COLUMN "JEECMS"."JC_SITE_ACCESS"."IP" IS '访问ip';
COMMENT ON COLUMN "JEECMS"."JC_SITE_ACCESS"."AREA" IS '访问地区';
COMMENT ON COLUMN "JEECMS"."JC_SITE_ACCESS"."ACCESS_SOURCE" IS '访问来源';
COMMENT ON COLUMN "JEECMS"."JC_SITE_ACCESS"."EXTERNAL_LINK" IS '外部链接网址';
COMMENT ON COLUMN "JEECMS"."JC_SITE_ACCESS"."ENGINE" IS '搜索引擎';
COMMENT ON COLUMN "JEECMS"."JC_SITE_ACCESS"."ENTRY_PAGE" IS '入口页面';
COMMENT ON COLUMN "JEECMS"."JC_SITE_ACCESS"."LAST_STOP_PAGE" IS '最后停留页面';
COMMENT ON COLUMN "JEECMS"."JC_SITE_ACCESS"."VISIT_SECOND" IS '访问时长(秒)';
COMMENT ON COLUMN "JEECMS"."JC_SITE_ACCESS"."VISIT_PAGE_COUNT" IS '访问页面数';
COMMENT ON COLUMN "JEECMS"."JC_SITE_ACCESS"."OPERATING_SYSTEM" IS '操作系统';
COMMENT ON COLUMN "JEECMS"."JC_SITE_ACCESS"."BROWSER" IS '浏览器';
COMMENT ON COLUMN "JEECMS"."JC_SITE_ACCESS"."KEYWORD" IS '来访关键字';

-- ----------------------------
-- Records of JC_SITE_ACCESS
-- ----------------------------
INSERT INTO "JEECMS"."JC_SITE_ACCESS" VALUES ('1', '12B812FD7862CDA965FCF5907CC287DF', '1', TO_TIMESTAMP(' 1970-01-01 10:50:11:000000', 'YYYY-MM-DD HH24:MI:SS:FF6'), TO_DATE('2015-11-05 00:00:00', 'YYYY-MM-DD HH24:MI:SS'), '127.0.0.1', null, '直接访问', null, null, 'http://localhost:8080/jeecms/', 'http://localhost:8080/jeecms/gnxw/511.jhtml', '7174', '4', 'Win 7', 'chrome 31', null);
INSERT INTO "JEECMS"."JC_SITE_ACCESS" VALUES ('4', '8ECD07DA17AC2032485CD1CC08972091', '1', TO_TIMESTAMP(' 1970-01-01 13:25:33:000000', 'YYYY-MM-DD HH24:MI:SS:FF6'), TO_DATE('2015-11-05 00:00:00', 'YYYY-MM-DD HH24:MI:SS'), '183.224.85.76', '云南省', '直接访问', null, null, 'http://101.200.183.211:8888/jeecms/', 'http://101.200.183.211:8888/jeecms/', '0', '2', 'Win 7', 'chrome 31', null);
INSERT INTO "JEECMS"."JC_SITE_ACCESS" VALUES ('5', 'F5A65B3BBEC543714813E430038A3F2C', '1', TO_TIMESTAMP(' 1970-01-01 13:59:10:000000', 'YYYY-MM-DD HH24:MI:SS:FF6'), TO_DATE('2015-11-05 00:00:00', 'YYYY-MM-DD HH24:MI:SS'), '183.224.85.76', '云南省', '直接访问', null, null, 'http://101.200.183.211:8888/jeecms/gnxw/511.jhtml', 'http://101.200.183.211:8888/jeecms/gnxw/511.jhtml', '0', '1', 'Win 7', 'chrome 31', null);
INSERT INTO "JEECMS"."JC_SITE_ACCESS" VALUES ('2', 'B1C82C4DAAD9263B205AC5F9BDAFCEC3', '1', TO_TIMESTAMP(' 1970-01-01 10:59:10:000000', 'YYYY-MM-DD HH24:MI:SS:FF6'), TO_DATE('2015-11-05 00:00:00', 'YYYY-MM-DD HH24:MI:SS'), '127.0.0.1', null, '直接访问', null, null, 'http://localhost:8080/jeecms/', 'http://localhost:8080/jeecms/', '1015', '5', 'Win 7', 'chrome 31', null);
INSERT INTO "JEECMS"."JC_SITE_ACCESS" VALUES ('3', 'FB4F4884D6FDB7D12955DF6B78E4863C', '1', TO_TIMESTAMP(' 1970-01-01 11:34:33:000000', 'YYYY-MM-DD HH24:MI:SS:FF6'), TO_DATE('2015-11-05 00:00:00', 'YYYY-MM-DD HH24:MI:SS'), '127.0.0.1', null, '直接访问', null, null, 'http://localhost:8080/jeecms/gnxw/572.jhtml', 'http://localhost:8080/jeecms/', '1131', '14', 'Win 7', 'chrome 31', null);
INSERT INTO "JEECMS"."JC_SITE_ACCESS" VALUES ('6', '22634CE26C51789A7232CFCEE2B5721A', '1', TO_TIMESTAMP(' 1970-01-01 14:22:32:000000', 'YYYY-MM-DD HH24:MI:SS:FF6'), TO_DATE('2015-11-05 00:00:00', 'YYYY-MM-DD HH24:MI:SS'), '127.0.0.1', null, '直接访问', null, null, 'http://localhost:8080/jeecms/', 'http://localhost:8080/jeecms/tv/505.jhtml', '7706', '4', 'Win 7', 'chrome 31', null);

-- ----------------------------
-- Table structure for JC_SITE_ACCESS_COUNT
-- ----------------------------
DROP TABLE "JEECMS"."JC_SITE_ACCESS_COUNT";
CREATE TABLE "JEECMS"."JC_SITE_ACCESS_COUNT" (
"ACCESS_COUNT" NUMBER(11) NOT NULL ,
"PAGE_COUNT" NUMBER(11) DEFAULT 1  NOT NULL ,
"VISITORS" NUMBER(11) DEFAULT 0  NOT NULL ,
"STATISTIC_DATE" DATE NOT NULL ,
"SITE_ID" NUMBER(11) NOT NULL 
)
LOGGING
NOCOMPRESS
NOCACHE

;
COMMENT ON TABLE "JEECMS"."JC_SITE_ACCESS_COUNT" IS '每日统计页数访问情况';
COMMENT ON COLUMN "JEECMS"."JC_SITE_ACCESS_COUNT"."PAGE_COUNT" IS '访问页数';
COMMENT ON COLUMN "JEECMS"."JC_SITE_ACCESS_COUNT"."VISITORS" IS '用户数';
COMMENT ON COLUMN "JEECMS"."JC_SITE_ACCESS_COUNT"."STATISTIC_DATE" IS '统计日期';
COMMENT ON COLUMN "JEECMS"."JC_SITE_ACCESS_COUNT"."SITE_ID" IS '统计站点';

-- ----------------------------
-- Records of JC_SITE_ACCESS_COUNT
-- ----------------------------

-- ----------------------------
-- Table structure for JC_SITE_ACCESS_PAGES
-- ----------------------------
DROP TABLE "JEECMS"."JC_SITE_ACCESS_PAGES";
CREATE TABLE "JEECMS"."JC_SITE_ACCESS_PAGES" (
"ACCESS_PAGES_ID" NUMBER(11) NOT NULL ,
"ACCESS_PAGE" VARCHAR2(255 BYTE) NOT NULL ,
"SESSION_ID" VARCHAR2(32 BYTE) NOT NULL ,
"ACCESS_TIME" TIMESTAMP(6)  NOT NULL ,
"ACCESS_DATE" DATE NOT NULL ,
"VISIT_SECOND" NUMBER(11) DEFAULT 0  NOT NULL ,
"PAGE_INDEX" NUMBER(11) DEFAULT 0  NOT NULL ,
"SITE_ID" NUMBER(11) DEFAULT 1  NOT NULL 
)
LOGGING
NOCOMPRESS
NOCACHE

;
COMMENT ON TABLE "JEECMS"."JC_SITE_ACCESS_PAGES" IS '访问详细页面表';
COMMENT ON COLUMN "JEECMS"."JC_SITE_ACCESS_PAGES"."ACCESS_PAGE" IS '用户访问页面的索引';

-- ----------------------------
-- Records of JC_SITE_ACCESS_PAGES
-- ----------------------------
INSERT INTO "JEECMS"."JC_SITE_ACCESS_PAGES" VALUES ('1', 'http://localhost:8080/jeecms/', '12B812FD7862CDA965FCF5907CC287DF', TO_TIMESTAMP(' 1970-01-01 10:50:11:000000', 'YYYY-MM-DD HH24:MI:SS:FF6'), TO_DATE('2015-11-05 00:00:00', 'YYYY-MM-DD HH24:MI:SS'), '7166', '2', '1');
INSERT INTO "JEECMS"."JC_SITE_ACCESS_PAGES" VALUES ('6', 'http://localhost:8080/jeecms/', 'FB4F4884D6FDB7D12955DF6B78E4863C', TO_TIMESTAMP(' 1970-01-01 11:22:30:000000', 'YYYY-MM-DD HH24:MI:SS:FF6'), TO_DATE('2015-11-05 00:00:00', 'YYYY-MM-DD HH24:MI:SS'), '0', '1', '1');
INSERT INTO "JEECMS"."JC_SITE_ACCESS_PAGES" VALUES ('9', 'http://101.200.183.211:8888/jeecms/gnxw/511.jhtml', 'F5A65B3BBEC543714813E430038A3F2C', TO_TIMESTAMP(' 1970-01-01 13:59:10:000000', 'YYYY-MM-DD HH24:MI:SS:FF6'), TO_DATE('2015-11-05 00:00:00', 'YYYY-MM-DD HH24:MI:SS'), '0', '1', '1');
INSERT INTO "JEECMS"."JC_SITE_ACCESS_PAGES" VALUES ('12', 'http://localhost:8080/jeecms/gnxw/510.jhtml', '0BE58D04DEC9424EAB75B9471986907C', TO_TIMESTAMP(' 1970-01-01 22:16:37:000000', 'YYYY-MM-DD HH24:MI:SS:FF6'), TO_DATE('2015-11-05 00:00:00', 'YYYY-MM-DD HH24:MI:SS'), '0', '1', '1');
INSERT INTO "JEECMS"."JC_SITE_ACCESS_PAGES" VALUES ('2', 'http://localhost:8080/jeecms/', 'B1C82C4DAAD9263B205AC5F9BDAFCEC3', TO_TIMESTAMP(' 1970-01-01 10:59:11:000000', 'YYYY-MM-DD HH24:MI:SS:FF6'), TO_DATE('2015-11-05 00:00:00', 'YYYY-MM-DD HH24:MI:SS'), '577', '1', '1');
INSERT INTO "JEECMS"."JC_SITE_ACCESS_PAGES" VALUES ('11', 'http://localhost:8080/jeecms/tv/505.jhtml', '22634CE26C51789A7232CFCEE2B5721A', TO_TIMESTAMP(' 1970-01-01 16:30:58:000000', 'YYYY-MM-DD HH24:MI:SS:FF6'), TO_DATE('2015-11-05 00:00:00', 'YYYY-MM-DD HH24:MI:SS'), '0', '4', '1');
INSERT INTO "JEECMS"."JC_SITE_ACCESS_PAGES" VALUES ('8', 'http://101.200.183.211:8888/jeecms/', '8ECD07DA17AC2032485CD1CC08972091', TO_TIMESTAMP(' 1970-01-01 13:25:33:000000', 'YYYY-MM-DD HH24:MI:SS:FF6'), TO_DATE('2015-11-05 00:00:00', 'YYYY-MM-DD HH24:MI:SS'), '0', '2', '1');
INSERT INTO "JEECMS"."JC_SITE_ACCESS_PAGES" VALUES ('10', 'http://localhost:8080/jeecms/', '22634CE26C51789A7232CFCEE2B5721A', TO_TIMESTAMP(' 1970-01-01 14:22:32:000000', 'YYYY-MM-DD HH24:MI:SS:FF6'), TO_DATE('2015-11-05 00:00:00', 'YYYY-MM-DD HH24:MI:SS'), '0', '1', '1');
INSERT INTO "JEECMS"."JC_SITE_ACCESS_PAGES" VALUES ('3', 'http://localhost:8080/jeecms/', 'B1C82C4DAAD9263B205AC5F9BDAFCEC3', TO_TIMESTAMP(' 1970-01-01 11:08:52:000000', 'YYYY-MM-DD HH24:MI:SS:FF6'), TO_DATE('2015-11-05 00:00:00', 'YYYY-MM-DD HH24:MI:SS'), '20', '3', '1');
INSERT INTO "JEECMS"."JC_SITE_ACCESS_PAGES" VALUES ('4', 'http://localhost:8080/jeecms/', 'B1C82C4DAAD9263B205AC5F9BDAFCEC3', TO_TIMESTAMP(' 1970-01-01 11:09:12:000000', 'YYYY-MM-DD HH24:MI:SS:FF6'), TO_DATE('2015-11-05 00:00:00', 'YYYY-MM-DD HH24:MI:SS'), '0', '4', '1');
INSERT INTO "JEECMS"."JC_SITE_ACCESS_PAGES" VALUES ('5', 'http://localhost:8080/jeecms/', 'B1C82C4DAAD9263B205AC5F9BDAFCEC3', TO_TIMESTAMP(' 1970-01-01 11:08:48:000000', 'YYYY-MM-DD HH24:MI:SS:FF6'), TO_DATE('2015-11-05 00:00:00', 'YYYY-MM-DD HH24:MI:SS'), '4', '2', '1');
INSERT INTO "JEECMS"."JC_SITE_ACCESS_PAGES" VALUES ('7', 'http://localhost:8080/jeecms/', '12B812FD7862CDA965FCF5907CC287DF', TO_TIMESTAMP(' 1970-01-01 12:49:37:000000', 'YYYY-MM-DD HH24:MI:SS:FF6'), TO_DATE('2015-11-05 00:00:00', 'YYYY-MM-DD HH24:MI:SS'), '0', '3', '1');

-- ----------------------------
-- Table structure for JC_SITE_ACCESS_STATISTIC
-- ----------------------------
DROP TABLE "JEECMS"."JC_SITE_ACCESS_STATISTIC";
CREATE TABLE "JEECMS"."JC_SITE_ACCESS_STATISTIC" (
"ACCESS_STATISTIC_ID" NUMBER(11) NOT NULL ,
"STATISTIC_DATE" DATE NOT NULL ,
"PV" NUMBER(11) DEFAULT '0'  NOT NULL ,
"IP" NUMBER(11) DEFAULT '0'  NOT NULL ,
"VISITORS" NUMBER(11) DEFAULT '0'  NOT NULL ,
"PAGES_AVER" NUMBER(11) DEFAULT '0'  NOT NULL ,
"VISIT_SECOND_AVER" NUMBER(11) DEFAULT '0'  NOT NULL ,
"SITE_ID" NUMBER(11) NOT NULL ,
"STATISITC_TYPE" VARCHAR2(255 BYTE) DEFAULT 'all'  NOT NULL ,
"STATISTIC_COLUMN_VALUE" VARCHAR2(255 BYTE) DEFAULT ''  NULL 
)
LOGGING
NOCOMPRESS
NOCACHE

;
COMMENT ON TABLE "JEECMS"."JC_SITE_ACCESS_STATISTIC" IS '访问统计表';
COMMENT ON COLUMN "JEECMS"."JC_SITE_ACCESS_STATISTIC"."PV" IS 'pv量';
COMMENT ON COLUMN "JEECMS"."JC_SITE_ACCESS_STATISTIC"."IP" IS 'ip量';
COMMENT ON COLUMN "JEECMS"."JC_SITE_ACCESS_STATISTIC"."VISITORS" IS '访客数量';
COMMENT ON COLUMN "JEECMS"."JC_SITE_ACCESS_STATISTIC"."PAGES_AVER" IS '人均浏览次数';
COMMENT ON COLUMN "JEECMS"."JC_SITE_ACCESS_STATISTIC"."VISIT_SECOND_AVER" IS '人均访问时长（秒）';
COMMENT ON COLUMN "JEECMS"."JC_SITE_ACCESS_STATISTIC"."SITE_ID" IS '站点id';
COMMENT ON COLUMN "JEECMS"."JC_SITE_ACCESS_STATISTIC"."STATISITC_TYPE" IS '统计分类（all代表当天所有访问量的统计）';
COMMENT ON COLUMN "JEECMS"."JC_SITE_ACCESS_STATISTIC"."STATISTIC_COLUMN_VALUE" IS '统计列值';

-- ----------------------------
-- Records of JC_SITE_ACCESS_STATISTIC
-- ----------------------------

-- ----------------------------
-- Table structure for JC_SITE_ATTR
-- ----------------------------
DROP TABLE "JEECMS"."JC_SITE_ATTR";
CREATE TABLE "JEECMS"."JC_SITE_ATTR" (
"SITE_ID" NUMBER(11) NOT NULL ,
"ATTR_NAME" VARCHAR2(30 BYTE) NOT NULL ,
"ATTR_VALUE" VARCHAR2(255 BYTE) NULL 
)
LOGGING
NOCOMPRESS
NOCACHE

;
COMMENT ON TABLE "JEECMS"."JC_SITE_ATTR" IS 'CMS站点属性表;';
COMMENT ON COLUMN "JEECMS"."JC_SITE_ATTR"."ATTR_NAME" IS '名称';
COMMENT ON COLUMN "JEECMS"."JC_SITE_ATTR"."ATTR_VALUE" IS '值';

-- ----------------------------
-- Records of JC_SITE_ATTR
-- ----------------------------
INSERT INTO "JEECMS"."JC_SITE_ATTR" VALUES ('1', 'pvTotal', '16');
INSERT INTO "JEECMS"."JC_SITE_ATTR" VALUES ('1', 'visitors', '9');
INSERT INTO "JEECMS"."JC_SITE_ATTR" VALUES ('1', 'dayVisitors', '0');
INSERT INTO "JEECMS"."JC_SITE_ATTR" VALUES ('1', 'dayPvTotal', '0');
INSERT INTO "JEECMS"."JC_SITE_ATTR" VALUES ('3', 'dayVisitors', '0');
INSERT INTO "JEECMS"."JC_SITE_ATTR" VALUES ('3', 'dayPvTotal', '0');

-- ----------------------------
-- Table structure for JC_SITE_CFG
-- ----------------------------
DROP TABLE "JEECMS"."JC_SITE_CFG";
CREATE TABLE "JEECMS"."JC_SITE_CFG" (
"SITE_ID" NUMBER(11) NOT NULL ,
"CFG_NAME" VARCHAR2(30 BYTE) NOT NULL ,
"CFG_VALUE" VARCHAR2(255 BYTE) NULL 
)
LOGGING
NOCOMPRESS
NOCACHE

;
COMMENT ON TABLE "JEECMS"."JC_SITE_CFG" IS 'CMS站点配置表;';
COMMENT ON COLUMN "JEECMS"."JC_SITE_CFG"."CFG_NAME" IS '名称';
COMMENT ON COLUMN "JEECMS"."JC_SITE_CFG"."CFG_VALUE" IS '值';

-- ----------------------------
-- Records of JC_SITE_CFG
-- ----------------------------

-- ----------------------------
-- Table structure for JC_SITE_COMPANY
-- ----------------------------
DROP TABLE "JEECMS"."JC_SITE_COMPANY";
CREATE TABLE "JEECMS"."JC_SITE_COMPANY" (
"SITE_ID" NUMBER(11) NOT NULL ,
"NAME" VARCHAR2(255 BYTE) NOT NULL ,
"SCALE" VARCHAR2(255 BYTE) NULL ,
"NATURE" VARCHAR2(255 BYTE) NULL ,
"INDUSTRY" VARCHAR2(1000 BYTE) NULL ,
"CONTACT" VARCHAR2(500 BYTE) NULL ,
"DESCRIPTION" CLOB NULL ,
"ADDRESS" VARCHAR2(500 BYTE) NULL ,
"LONGITUDE" FLOAT NULL ,
"LATITUDE" FLOAT NULL 
)
LOGGING
NOCOMPRESS
NOCACHE

;
COMMENT ON TABLE "JEECMS"."JC_SITE_COMPANY" IS '公司信息;';
COMMENT ON COLUMN "JEECMS"."JC_SITE_COMPANY"."NAME" IS '公司名称';
COMMENT ON COLUMN "JEECMS"."JC_SITE_COMPANY"."SCALE" IS '公司规模';
COMMENT ON COLUMN "JEECMS"."JC_SITE_COMPANY"."NATURE" IS '公司性质';
COMMENT ON COLUMN "JEECMS"."JC_SITE_COMPANY"."INDUSTRY" IS '公司行业';
COMMENT ON COLUMN "JEECMS"."JC_SITE_COMPANY"."CONTACT" IS '联系方式';
COMMENT ON COLUMN "JEECMS"."JC_SITE_COMPANY"."DESCRIPTION" IS '公司简介';
COMMENT ON COLUMN "JEECMS"."JC_SITE_COMPANY"."ADDRESS" IS '公司地址';
COMMENT ON COLUMN "JEECMS"."JC_SITE_COMPANY"."LONGITUDE" IS '经度';
COMMENT ON COLUMN "JEECMS"."JC_SITE_COMPANY"."LATITUDE" IS '纬度';

-- ----------------------------
-- Records of JC_SITE_COMPANY
-- ----------------------------
INSERT INTO "JEECMS"."JC_SITE_COMPANY" VALUES ('1', '云南楚创科技有限公司', '1-20人', '私企', '互联网', '电话：0871-68258449
手机：13312553698
QQ:35031408
微信公众号：楚创软件（ynccsoft）', '<p><span style="color: rgb(34, 34, 34); font-family: &#39;Helvetica Neue&#39;, &#39;Hiragino Sans GB&#39;, &#39;Microsoft YaHei&#39;, 黑体, Arial, sans-serif; font-size: 14px; line-height: 22px; background-color: rgb(255, 255, 255);">软件产品：易搜商、易商城、易微网、易门户、易管理、易分析，另外也可以进行软件定制开发和维护。</span></p>', '云南省昆明市西山区梁源小区', null, null);
INSERT INTO "JEECMS"."JC_SITE_COMPANY" VALUES ('3', '云南楚创科技有限公司', null, null, null, null, null, null, null, null);

-- ----------------------------
-- Table structure for JC_SITE_FLOW
-- ----------------------------
DROP TABLE "JEECMS"."JC_SITE_FLOW";
CREATE TABLE "JEECMS"."JC_SITE_FLOW" (
"FLOW_ID" NUMBER(11) NOT NULL ,
"SITE_ID" NUMBER(11) NULL ,
"ACCESS_IP" VARCHAR2(50 BYTE) DEFAULT '127.0.0.1'  NOT NULL ,
"ACCESS_DATE" VARCHAR2(50 BYTE) NULL ,
"ACCESS_TIME" DATE NULL ,
"ACCESS_PAGE" VARCHAR2(255 BYTE) NOT NULL ,
"REFERER_WEBSITE" VARCHAR2(255 BYTE) NULL ,
"REFERER_PAGE" VARCHAR2(255 BYTE) NULL ,
"REFERER_KEYWORD" VARCHAR2(255 BYTE) NULL ,
"AREA" VARCHAR2(50 BYTE) NULL ,
"SESSION_ID" VARCHAR2(255 BYTE) NOT NULL 
)
LOGGING
NOCOMPRESS
NOCACHE

;
COMMENT ON TABLE "JEECMS"."JC_SITE_FLOW" IS '站点流量统计表;';
COMMENT ON COLUMN "JEECMS"."JC_SITE_FLOW"."ACCESS_IP" IS '访问者ip';
COMMENT ON COLUMN "JEECMS"."JC_SITE_FLOW"."ACCESS_DATE" IS '访问日期';
COMMENT ON COLUMN "JEECMS"."JC_SITE_FLOW"."ACCESS_TIME" IS '访问时间';
COMMENT ON COLUMN "JEECMS"."JC_SITE_FLOW"."ACCESS_PAGE" IS '访问页面';
COMMENT ON COLUMN "JEECMS"."JC_SITE_FLOW"."REFERER_WEBSITE" IS '来访网站';
COMMENT ON COLUMN "JEECMS"."JC_SITE_FLOW"."REFERER_PAGE" IS '来访页面';
COMMENT ON COLUMN "JEECMS"."JC_SITE_FLOW"."REFERER_KEYWORD" IS '来访关键字';
COMMENT ON COLUMN "JEECMS"."JC_SITE_FLOW"."AREA" IS '地区';
COMMENT ON COLUMN "JEECMS"."JC_SITE_FLOW"."SESSION_ID" IS 'cookie信息';

-- ----------------------------
-- Records of JC_SITE_FLOW
-- ----------------------------

-- ----------------------------
-- Table structure for JC_SITE_MODEL
-- ----------------------------
DROP TABLE "JEECMS"."JC_SITE_MODEL";
CREATE TABLE "JEECMS"."JC_SITE_MODEL" (
"MODEL_ID" NUMBER(11) NOT NULL ,
"FIELD" VARCHAR2(50 BYTE) NOT NULL ,
"MODEL_LABEL" VARCHAR2(100 BYTE) NOT NULL ,
"PRIORITY" NUMBER(11) DEFAULT 10  NOT NULL ,
"UPLOAD_PATH" VARCHAR2(100 BYTE) NULL ,
"TEXT_SIZE" VARCHAR2(20 BYTE) NULL ,
"AREA_ROWS" VARCHAR2(3 BYTE) NULL ,
"AREA_COLS" VARCHAR2(3 BYTE) NULL ,
"HELP" VARCHAR2(255 BYTE) NULL ,
"HELP_POSITION" VARCHAR2(1 BYTE) NULL ,
"DATA_TYPE" NUMBER(11) DEFAULT 1  NULL ,
"IS_SINGLE" NUMBER(1) DEFAULT 1  NULL 
)
LOGGING
NOCOMPRESS
NOCACHE

;
COMMENT ON TABLE "JEECMS"."JC_SITE_MODEL" IS 'CMS站点信息模型表;';
COMMENT ON COLUMN "JEECMS"."JC_SITE_MODEL"."FIELD" IS '字段';
COMMENT ON COLUMN "JEECMS"."JC_SITE_MODEL"."MODEL_LABEL" IS '名称';
COMMENT ON COLUMN "JEECMS"."JC_SITE_MODEL"."PRIORITY" IS '排列顺序';
COMMENT ON COLUMN "JEECMS"."JC_SITE_MODEL"."UPLOAD_PATH" IS '上传路径';
COMMENT ON COLUMN "JEECMS"."JC_SITE_MODEL"."TEXT_SIZE" IS '长度';
COMMENT ON COLUMN "JEECMS"."JC_SITE_MODEL"."AREA_ROWS" IS '文本行数';
COMMENT ON COLUMN "JEECMS"."JC_SITE_MODEL"."AREA_COLS" IS '文本列数';
COMMENT ON COLUMN "JEECMS"."JC_SITE_MODEL"."HELP" IS '帮助信息';
COMMENT ON COLUMN "JEECMS"."JC_SITE_MODEL"."HELP_POSITION" IS '帮助位置';
COMMENT ON COLUMN "JEECMS"."JC_SITE_MODEL"."DATA_TYPE" IS '0:编辑器;1:文本框;2:文本区;3:图片;4:附件';
COMMENT ON COLUMN "JEECMS"."JC_SITE_MODEL"."IS_SINGLE" IS '是否独占一行';

-- ----------------------------
-- Records of JC_SITE_MODEL
-- ----------------------------

-- ----------------------------
-- Table structure for JC_SITE_REFER
-- ----------------------------
DROP TABLE "JEECMS"."JC_SITE_REFER";
CREATE TABLE "JEECMS"."JC_SITE_REFER" (
"SITE_ID" NUMBER(11) NOT NULL ,
"FROM_SITE_ID" NUMBER(11) NOT NULL 
)
LOGGING
NOCOMPRESS
NOCACHE

;
COMMENT ON TABLE "JEECMS"."JC_SITE_REFER" IS '站点转载权限';

-- ----------------------------
-- Records of JC_SITE_REFER
-- ----------------------------
INSERT INTO "JEECMS"."JC_SITE_REFER" VALUES ('1', '1');
INSERT INTO "JEECMS"."JC_SITE_REFER" VALUES ('3', '3');

-- ----------------------------
-- Table structure for JC_SITE_TXT
-- ----------------------------
DROP TABLE "JEECMS"."JC_SITE_TXT";
CREATE TABLE "JEECMS"."JC_SITE_TXT" (
"SITE_ID" NUMBER(11) NOT NULL ,
"TXT_NAME" VARCHAR2(30 BYTE) NOT NULL ,
"TXT_VALUE" CLOB NULL 
)
LOGGING
NOCOMPRESS
NOCACHE

;
COMMENT ON TABLE "JEECMS"."JC_SITE_TXT" IS 'CMS站点文本表; ';
COMMENT ON COLUMN "JEECMS"."JC_SITE_TXT"."TXT_NAME" IS '名称';
COMMENT ON COLUMN "JEECMS"."JC_SITE_TXT"."TXT_VALUE" IS '值';

-- ----------------------------
-- Records of JC_SITE_TXT
-- ----------------------------

-- ----------------------------
-- Table structure for JC_TASK
-- ----------------------------
DROP TABLE "JEECMS"."JC_TASK";
CREATE TABLE "JEECMS"."JC_TASK" (
"TASK_ID" NUMBER(11) NOT NULL ,
"TASK_CODE" VARCHAR2(255 BYTE) NULL ,
"TASK_TYPE" NUMBER(1) DEFAULT 0  NOT NULL ,
"TASK_NAME" VARCHAR2(255 BYTE) NOT NULL ,
"JOB_CLASS" VARCHAR2(255 BYTE) NOT NULL ,
"EXECYCLE" NUMBER(1) DEFAULT 1  NOT NULL ,
"DAY_OF_MONTH" NUMBER(11) NULL ,
"DAY_OF_WEEK" NUMBER(1) NULL ,
"HOUR" NUMBER(11) NULL ,
"MINUTE" NUMBER(11) NULL ,
"INTERVAL_HOUR" NUMBER(11) NULL ,
"INTERVAL_MINUTE" NUMBER(11) NULL ,
"TASK_INTERVAL_UNIT" NUMBER(1) NULL ,
"CRON_EXPRESSION" VARCHAR2(255 BYTE) NULL ,
"IS_ENABLE" NUMBER(1) DEFAULT 1  NOT NULL ,
"TASK_REMARK" VARCHAR2(255 BYTE) NULL ,
"SITE_ID" NUMBER(11) NOT NULL ,
"USER_ID" NUMBER(11) NOT NULL ,
"CREATE_TIME" DATE NOT NULL 
)
LOGGING
NOCOMPRESS
NOCACHE

;
COMMENT ON TABLE "JEECMS"."JC_TASK" IS '任务表;';
COMMENT ON COLUMN "JEECMS"."JC_TASK"."TASK_CODE" IS '任务执行代码';
COMMENT ON COLUMN "JEECMS"."JC_TASK"."TASK_TYPE" IS '任务类型(1首页静态化、2栏目页静态化、3内容页静态化、4采集、5分发)';
COMMENT ON COLUMN "JEECMS"."JC_TASK"."TASK_NAME" IS '任务名称';
COMMENT ON COLUMN "JEECMS"."JC_TASK"."JOB_CLASS" IS '任务类';
COMMENT ON COLUMN "JEECMS"."JC_TASK"."EXECYCLE" IS '执行周期分类(1非表达式 2 cron表达式)';
COMMENT ON COLUMN "JEECMS"."JC_TASK"."DAY_OF_MONTH" IS '每月的哪天';
COMMENT ON COLUMN "JEECMS"."JC_TASK"."DAY_OF_WEEK" IS '周几';
COMMENT ON COLUMN "JEECMS"."JC_TASK"."HOUR" IS '小时';
COMMENT ON COLUMN "JEECMS"."JC_TASK"."MINUTE" IS '分钟';
COMMENT ON COLUMN "JEECMS"."JC_TASK"."INTERVAL_HOUR" IS '间隔小时';
COMMENT ON COLUMN "JEECMS"."JC_TASK"."INTERVAL_MINUTE" IS '间隔分钟';
COMMENT ON COLUMN "JEECMS"."JC_TASK"."TASK_INTERVAL_UNIT" IS '1分钟、2小时、3日、4周、5月';
COMMENT ON COLUMN "JEECMS"."JC_TASK"."CRON_EXPRESSION" IS '规则表达式';
COMMENT ON COLUMN "JEECMS"."JC_TASK"."IS_ENABLE" IS '是否启用';
COMMENT ON COLUMN "JEECMS"."JC_TASK"."TASK_REMARK" IS '任务说明';
COMMENT ON COLUMN "JEECMS"."JC_TASK"."SITE_ID" IS '站点';
COMMENT ON COLUMN "JEECMS"."JC_TASK"."USER_ID" IS '创建者';
COMMENT ON COLUMN "JEECMS"."JC_TASK"."CREATE_TIME" IS '创建时间';

-- ----------------------------
-- Records of JC_TASK
-- ----------------------------

-- ----------------------------
-- Table structure for JC_TASK_ATTR
-- ----------------------------
DROP TABLE "JEECMS"."JC_TASK_ATTR";
CREATE TABLE "JEECMS"."JC_TASK_ATTR" (
"TASK_ID" NUMBER(11) NOT NULL ,
"PARAM_NAME" VARCHAR2(30 BYTE) NOT NULL ,
"PARAM_VALUE" VARCHAR2(255 BYTE) NULL 
)
LOGGING
NOCOMPRESS
NOCACHE

;
COMMENT ON TABLE "JEECMS"."JC_TASK_ATTR" IS '任务参数表; ';
COMMENT ON COLUMN "JEECMS"."JC_TASK_ATTR"."PARAM_NAME" IS '参数名称';
COMMENT ON COLUMN "JEECMS"."JC_TASK_ATTR"."PARAM_VALUE" IS '参数值';

-- ----------------------------
-- Records of JC_TASK_ATTR
-- ----------------------------

-- ----------------------------
-- Table structure for JC_THIRD_ACCOUNT
-- ----------------------------
DROP TABLE "JEECMS"."JC_THIRD_ACCOUNT";
CREATE TABLE "JEECMS"."JC_THIRD_ACCOUNT" (
"ACCOUNT_ID" NUMBER(20) NOT NULL ,
"ACCOUNT_KEY" VARCHAR2(255 BYTE) DEFAULT ''  NOT NULL ,
"USERNAME" VARCHAR2(100 BYTE) NOT NULL ,
"SOURCE" VARCHAR2(10 BYTE) NOT NULL 
)
LOGGING
NOCOMPRESS
NOCACHE

;
COMMENT ON TABLE "JEECMS"."JC_THIRD_ACCOUNT" IS '第三方登录平台账号';
COMMENT ON COLUMN "JEECMS"."JC_THIRD_ACCOUNT"."ACCOUNT_KEY" IS '第三方账号key';
COMMENT ON COLUMN "JEECMS"."JC_THIRD_ACCOUNT"."USERNAME" IS '关联用户名';
COMMENT ON COLUMN "JEECMS"."JC_THIRD_ACCOUNT"."SOURCE" IS '第三方账号平台(QQ、新浪微博等)';

-- ----------------------------
-- Records of JC_THIRD_ACCOUNT
-- ----------------------------

-- ----------------------------
-- Table structure for JC_TOPIC
-- ----------------------------
DROP TABLE "JEECMS"."JC_TOPIC";
CREATE TABLE "JEECMS"."JC_TOPIC" (
"TOPIC_ID" NUMBER(11) NOT NULL ,
"CHANNEL_ID" NUMBER(11) NULL ,
"TOPIC_NAME" VARCHAR2(150 BYTE) NOT NULL ,
"SHORT_NAME" VARCHAR2(150 BYTE) NULL ,
"KEYWORDS" VARCHAR2(255 BYTE) NULL ,
"DESCRIPTION" VARCHAR2(255 BYTE) NULL ,
"TITLE_IMG" VARCHAR2(100 BYTE) NULL ,
"CONTENT_IMG" VARCHAR2(100 BYTE) NULL ,
"TPL_CONTENT" VARCHAR2(100 BYTE) NULL ,
"PRIORITY" NUMBER(11) DEFAULT 10  NOT NULL ,
"IS_RECOMMEND" NUMBER(1) DEFAULT 0  NOT NULL 
)
LOGGING
NOCOMPRESS
NOCACHE

;
COMMENT ON TABLE "JEECMS"."JC_TOPIC" IS 'CMS专题表;';
COMMENT ON COLUMN "JEECMS"."JC_TOPIC"."TOPIC_NAME" IS '名称';
COMMENT ON COLUMN "JEECMS"."JC_TOPIC"."SHORT_NAME" IS '简称';
COMMENT ON COLUMN "JEECMS"."JC_TOPIC"."KEYWORDS" IS '关键字';
COMMENT ON COLUMN "JEECMS"."JC_TOPIC"."DESCRIPTION" IS '描述';
COMMENT ON COLUMN "JEECMS"."JC_TOPIC"."TITLE_IMG" IS '标题图';
COMMENT ON COLUMN "JEECMS"."JC_TOPIC"."CONTENT_IMG" IS '内容图';
COMMENT ON COLUMN "JEECMS"."JC_TOPIC"."TPL_CONTENT" IS '专题模板';
COMMENT ON COLUMN "JEECMS"."JC_TOPIC"."PRIORITY" IS '排列顺序';
COMMENT ON COLUMN "JEECMS"."JC_TOPIC"."IS_RECOMMEND" IS '是否推??';

-- ----------------------------
-- Records of JC_TOPIC
-- ----------------------------
INSERT INTO "JEECMS"."JC_TOPIC" VALUES ('1', null, '2010年南非世界杯', '世界杯', '世界杯', '2010年世界杯将在南非约翰内斯堡拉开帷幕，32路豪强将在一个月的时间里，为大力神杯展开争夺。', 'http://a2.att.hudong.com/08/61/01300000406647124377613651616.jpg', 'http://i0.sinaimg.cn/ty/news/2010/0611/sjbsc.jpg', null, '10', '1');
INSERT INTO "JEECMS"."JC_TOPIC" VALUES ('2', null, '上海世博会专题', '世博', '世博', '人类文明的盛会，我们大家的世博，精彩开篇，“满月”有余。随着上海世博会的有序前行，人们从中收获的感悟也由表及里。', 'http://xwcb.eastday.com/c/20061116/images/00033531.jpg', '/u/cms/www/201112/19151533k5ey.jpg', null, '10', '1');
INSERT INTO "JEECMS"."JC_TOPIC" VALUES ('3', null, '低碳经济', '低碳', '低碳', '所谓低碳经济，是指在可持续发展理念指导下，通过技术创新、制度创新、产业转型、新能源开发等多种手段，。', '/u/cms/www/201309/09151507n6i1.jpg', null, null, '10', '1');
INSERT INTO "JEECMS"."JC_TOPIC" VALUES ('4', null, '习近平中亚之行', '习近平中亚之行', '习近平中亚之行', '9月3日—4日：对土库曼斯进行国事访问\r\n·9月5日—6日：出席G20领导人第八次峰会', '/u/cms/www/201309/09152931cgps.jpg', '/u/cms/www/201309/09152518pzoq.jpg', null, '10', '1');
INSERT INTO "JEECMS"."JC_TOPIC" VALUES ('5', null, '广西桂林学校附近发生爆炸', '广西桂林学校附近发生爆炸', '广西桂林学校附近发生爆炸', '·时间：9日8时许\r\n·地点：桂林市灵川', '/u/cms/www/201309/0915541140xt.jpg', '/u/cms/www/201309/091552426die.jpg', null, '10', '1');
INSERT INTO "JEECMS"."JC_TOPIC" VALUES ('6', null, '美军准备空袭叙利亚', '美军准备空袭叙利亚', '美军准备空袭叙利亚', '·6月4日：联合国称叙冲突双方均使用化武\r\n·7月9日：', '/u/cms/www/201309/09160120meel.jpg', '/u/cms/www/201309/091602465aop.jpg', null, '10', '1');
INSERT INTO "JEECMS"."JC_TOPIC" VALUES ('7', null, '“气功大师”王林遭质疑', '“气功大师”王林遭质疑', '“气功大师”王林遭质疑', '“气功大师”王林一直以来的低调被2013年7月初马云的一次拜访打破”。', '/u/cms/www/201309/09174523xkvt.jpg', '/u/cms/www/201309/09174527lkok.jpg', null, '10', '1');

-- ----------------------------
-- Table structure for JC_USER
-- ----------------------------
DROP TABLE "JEECMS"."JC_USER";
CREATE TABLE "JEECMS"."JC_USER" (
"USER_ID" NUMBER(11) NOT NULL ,
"GROUP_ID" NUMBER(11) NOT NULL ,
"DEPART_ID" NUMBER(11) NULL ,
"USERNAME" VARCHAR2(100 BYTE) NOT NULL ,
"EMAIL" VARCHAR2(100 BYTE) NULL ,
"REGISTER_TIME" DATE NOT NULL ,
"REGISTER_IP" VARCHAR2(50 BYTE) DEFAULT '127.0.0.1'  NOT NULL ,
"LAST_LOGIN_TIME" DATE NOT NULL ,
"LAST_LOGIN_IP" VARCHAR2(50 BYTE) DEFAULT '127.0.0.1'  NOT NULL ,
"LOGIN_COUNT" NUMBER(11) DEFAULT 0  NOT NULL ,
"RANK" NUMBER(11) DEFAULT 0  NOT NULL ,
"UPLOAD_TOTAL" NUMBER(11) DEFAULT 0  NOT NULL ,
"UPLOAD_SIZE" NUMBER(11) DEFAULT 0  NOT NULL ,
"UPLOAD_DATE" DATE NULL ,
"IS_ADMIN" NUMBER(1) DEFAULT 0  NOT NULL ,
"IS_VIEWONLY_ADMIN" NUMBER(1) DEFAULT 0  NOT NULL ,
"IS_SELF_ADMIN" NUMBER(1) DEFAULT 0  NOT NULL ,
"IS_DISABLED" NUMBER(1) DEFAULT 0  NOT NULL ,
"FILE_TOTAL" NUMBER(11) DEFAULT 0  NOT NULL ,
"GRAIN" NUMBER(11) DEFAULT 0  NOT NULL ,
"SESSION_ID" VARCHAR2(255 BYTE) NULL 
)
LOGGING
NOCOMPRESS
NOCACHE

;
COMMENT ON TABLE "JEECMS"."JC_USER" IS 'CMS用户表;';
COMMENT ON COLUMN "JEECMS"."JC_USER"."DEPART_ID" IS '部门';
COMMENT ON COLUMN "JEECMS"."JC_USER"."USERNAME" IS '用户名';
COMMENT ON COLUMN "JEECMS"."JC_USER"."EMAIL" IS '邮箱';
COMMENT ON COLUMN "JEECMS"."JC_USER"."REGISTER_TIME" IS '注册时间';
COMMENT ON COLUMN "JEECMS"."JC_USER"."REGISTER_IP" IS '注册IP';
COMMENT ON COLUMN "JEECMS"."JC_USER"."LAST_LOGIN_TIME" IS '最后登录时间';
COMMENT ON COLUMN "JEECMS"."JC_USER"."LAST_LOGIN_IP" IS '最后登录IP';
COMMENT ON COLUMN "JEECMS"."JC_USER"."LOGIN_COUNT" IS '登录次数';
COMMENT ON COLUMN "JEECMS"."JC_USER"."RANK" IS '管理员级别';
COMMENT ON COLUMN "JEECMS"."JC_USER"."UPLOAD_TOTAL" IS '上传总大小';
COMMENT ON COLUMN "JEECMS"."JC_USER"."UPLOAD_SIZE" IS '上传大小';
COMMENT ON COLUMN "JEECMS"."JC_USER"."UPLOAD_DATE" IS '上传日期';
COMMENT ON COLUMN "JEECMS"."JC_USER"."IS_ADMIN" IS '是否管理员';
COMMENT ON COLUMN "JEECMS"."JC_USER"."IS_VIEWONLY_ADMIN" IS '是否只读管理员';
COMMENT ON COLUMN "JEECMS"."JC_USER"."IS_SELF_ADMIN" IS '是否只管理自己的数据';
COMMENT ON COLUMN "JEECMS"."JC_USER"."IS_DISABLED" IS '是否禁用';
COMMENT ON COLUMN "JEECMS"."JC_USER"."FILE_TOTAL" IS '上传文库文档个数';
COMMENT ON COLUMN "JEECMS"."JC_USER"."GRAIN" IS '文库财富值';

-- ----------------------------
-- Records of JC_USER
-- ----------------------------
INSERT INTO "JEECMS"."JC_USER" VALUES ('1', '1', null, 'admin', 'zsjvtm@tom.com', TO_DATE('2011-01-03 00:00:00', 'YYYY-MM-DD HH24:MI:SS'), '127.0.0.1', TO_DATE('2015-11-05 22:43:56', 'YYYY-MM-DD HH24:MI:SS'), '127.0.0.1', '139', '9', '57', '57', TO_DATE('2011-01-03 00:00:00', 'YYYY-MM-DD HH24:MI:SS'), '1', '0', '0', '0', '0', '103', 'B11F457F02921F2B635D54FD33B9D228');
INSERT INTO "JEECMS"."JC_USER" VALUES ('2', '2', '2', 'ynccsoft', 'zsjvtm@tom.com', TO_DATE('2015-11-05 13:27:25', 'YYYY-MM-DD HH24:MI:SS'), '127.0.0.1', TO_DATE('2015-11-05 13:57:45', 'YYYY-MM-DD HH24:MI:SS'), '183.224.85.76', '5', '8', '0', '0', TO_DATE('2015-11-05 00:00:00', 'YYYY-MM-DD HH24:MI:SS'), '1', '0', '0', '0', '0', '0', 'AFC6DEF6EC30C7AAD9811790C88D429E');
INSERT INTO "JEECMS"."JC_USER" VALUES ('5', '1', null, 'ynzy', 'ynzy@vip.sina.com', TO_DATE('2015-11-05 22:38:18', 'YYYY-MM-DD HH24:MI:SS'), '127.0.0.1', TO_DATE('2015-11-05 22:43:15', 'YYYY-MM-DD HH24:MI:SS'), '127.0.0.1', '2', '8', '0', '0', TO_DATE('2015-11-05 00:00:00', 'YYYY-MM-DD HH24:MI:SS'), '1', '0', '0', '0', '0', '0', 'F3248ABC1FC06E1BAE0A4913C4F5B7EA');

-- ----------------------------
-- Table structure for JC_USER_ATTR
-- ----------------------------
DROP TABLE "JEECMS"."JC_USER_ATTR";
CREATE TABLE "JEECMS"."JC_USER_ATTR" (
"USER_ID" NUMBER(11) NOT NULL ,
"ATTR_NAME" VARCHAR2(255 BYTE) NOT NULL ,
"ATTR_VALUE" VARCHAR2(255 BYTE) DEFAULT NULL  NULL 
)
LOGGING
NOCOMPRESS
NOCACHE

;
COMMENT ON TABLE "JEECMS"."JC_USER_ATTR" IS '用户属性表';

-- ----------------------------
-- Records of JC_USER_ATTR
-- ----------------------------

-- ----------------------------
-- Table structure for JC_USER_COLLECTION
-- ----------------------------
DROP TABLE "JEECMS"."JC_USER_COLLECTION";
CREATE TABLE "JEECMS"."JC_USER_COLLECTION" (
"USER_ID" NUMBER(11) DEFAULT 0  NOT NULL ,
"CONTENT_ID" NUMBER(11) DEFAULT 0  NOT NULL 
)
LOGGING
NOCOMPRESS
NOCACHE

;
COMMENT ON TABLE "JEECMS"."JC_USER_COLLECTION" IS '用户收藏关联表;';
COMMENT ON COLUMN "JEECMS"."JC_USER_COLLECTION"."USER_ID" IS '用户id';
COMMENT ON COLUMN "JEECMS"."JC_USER_COLLECTION"."CONTENT_ID" IS '内容id';

-- ----------------------------
-- Records of JC_USER_COLLECTION
-- ----------------------------

-- ----------------------------
-- Table structure for JC_USER_EXT
-- ----------------------------
DROP TABLE "JEECMS"."JC_USER_EXT";
CREATE TABLE "JEECMS"."JC_USER_EXT" (
"USER_ID" NUMBER(11) NOT NULL ,
"REALNAME" VARCHAR2(100 BYTE) NULL ,
"GENDER" NUMBER(1) NULL ,
"BIRTHDAY" DATE NULL ,
"INTRO" VARCHAR2(255 BYTE) NULL ,
"COMEFROM" VARCHAR2(150 BYTE) NULL ,
"QQ" VARCHAR2(100 BYTE) NULL ,
"MSN" VARCHAR2(100 BYTE) NULL ,
"PHONE" VARCHAR2(50 BYTE) NULL ,
"MOBILE" VARCHAR2(50 BYTE) NULL ,
"USER_IMG" VARCHAR2(255 BYTE) NULL ,
"USER_SIGNATURE" VARCHAR2(255 BYTE) NULL 
)
LOGGING
NOCOMPRESS
NOCACHE

;
COMMENT ON TABLE "JEECMS"."JC_USER_EXT" IS 'CMS用户扩展信息表;';
COMMENT ON COLUMN "JEECMS"."JC_USER_EXT"."REALNAME" IS '真实姓名';
COMMENT ON COLUMN "JEECMS"."JC_USER_EXT"."GENDER" IS '性别';
COMMENT ON COLUMN "JEECMS"."JC_USER_EXT"."BIRTHDAY" IS '出生日期';
COMMENT ON COLUMN "JEECMS"."JC_USER_EXT"."INTRO" IS '个人介绍';
COMMENT ON COLUMN "JEECMS"."JC_USER_EXT"."COMEFROM" IS '来自';
COMMENT ON COLUMN "JEECMS"."JC_USER_EXT"."QQ" IS 'QQ';
COMMENT ON COLUMN "JEECMS"."JC_USER_EXT"."MSN" IS 'MSN';
COMMENT ON COLUMN "JEECMS"."JC_USER_EXT"."PHONE" IS '电话';
COMMENT ON COLUMN "JEECMS"."JC_USER_EXT"."MOBILE" IS '手机';
COMMENT ON COLUMN "JEECMS"."JC_USER_EXT"."USER_IMG" IS '用户头像';
COMMENT ON COLUMN "JEECMS"."JC_USER_EXT"."USER_SIGNATURE" IS '用户个性签名';

-- ----------------------------
-- Records of JC_USER_EXT
-- ----------------------------
INSERT INTO "JEECMS"."JC_USER_EXT" VALUES ('1', 'ynccsoft', null, null, null, '南昌', null, null, '1110', '110', null, null);
INSERT INTO "JEECMS"."JC_USER_EXT" VALUES ('2', null, '1', null, null, null, null, null, null, null, null, null);
INSERT INTO "JEECMS"."JC_USER_EXT" VALUES ('5', 'ynzy', null, null, null, null, null, null, null, null, null, null);

-- ----------------------------
-- Table structure for JC_USER_MENU
-- ----------------------------
DROP TABLE "JEECMS"."JC_USER_MENU";
CREATE TABLE "JEECMS"."JC_USER_MENU" (
"MENU_ID" NUMBER(11) NOT NULL ,
"MENU_NAME" VARCHAR2(255 BYTE) NOT NULL ,
"MENU_URL" VARCHAR2(255 BYTE) NOT NULL ,
"PRIORITY" NUMBER(11) DEFAULT 10  NOT NULL ,
"USER_ID" NUMBER(11) NOT NULL 
)
LOGGING
NOCOMPRESS
NOCACHE

;
COMMENT ON TABLE "JEECMS"."JC_USER_MENU" IS '用户常用菜单';
COMMENT ON COLUMN "JEECMS"."JC_USER_MENU"."MENU_NAME" IS '菜单名称';
COMMENT ON COLUMN "JEECMS"."JC_USER_MENU"."MENU_URL" IS '菜单地址';

-- ----------------------------
-- Records of JC_USER_MENU
-- ----------------------------

-- ----------------------------
-- Table structure for JC_USER_RESUME
-- ----------------------------
DROP TABLE "JEECMS"."JC_USER_RESUME";
CREATE TABLE "JEECMS"."JC_USER_RESUME" (
"USER_ID" NUMBER(11) NOT NULL ,
"RESUME_NAME" VARCHAR2(255 BYTE) NOT NULL ,
"TARGET_WORKNATURE" VARCHAR2(255 BYTE) NULL ,
"TARGET_WORKPLACE" VARCHAR2(255 BYTE) NULL ,
"TARGET_CATEGORY" VARCHAR2(255 BYTE) NULL ,
"TARGET_SALARY" VARCHAR2(255 BYTE) NULL ,
"EDU_SCHOOL" VARCHAR2(255 BYTE) NULL ,
"EDU_GRADUATION" DATE NULL ,
"EDU_BACK" VARCHAR2(255 BYTE) NULL ,
"EDU_DISCIPLINE" VARCHAR2(255 BYTE) NULL ,
"RECENT_COMPANY" VARCHAR2(500 BYTE) NULL ,
"COMPANY_INDUSTRY" VARCHAR2(255 BYTE) NULL ,
"COMPANY_SCALE" VARCHAR2(255 BYTE) NULL ,
"JOB_NAME" VARCHAR2(255 BYTE) NULL ,
"JOB_CATEGORY" VARCHAR2(255 BYTE) NULL ,
"JOB_START" DATE NULL ,
"SUBORDINATES" VARCHAR2(255 BYTE) NULL ,
"JOB_DESCRIPTION" CLOB NULL ,
"SELF_EVALUATION" VARCHAR2(2000 BYTE) NULL 
)
LOGGING
NOCOMPRESS
NOCACHE

;
COMMENT ON TABLE "JEECMS"."JC_USER_RESUME" IS '用户简历;';
COMMENT ON COLUMN "JEECMS"."JC_USER_RESUME"."RESUME_NAME" IS '简历名称';
COMMENT ON COLUMN "JEECMS"."JC_USER_RESUME"."TARGET_WORKNATURE" IS '期望工作性质';
COMMENT ON COLUMN "JEECMS"."JC_USER_RESUME"."TARGET_WORKPLACE" IS '期望工作地点';
COMMENT ON COLUMN "JEECMS"."JC_USER_RESUME"."TARGET_CATEGORY" IS '期望职位类别';
COMMENT ON COLUMN "JEECMS"."JC_USER_RESUME"."TARGET_SALARY" IS '期望月薪';
COMMENT ON COLUMN "JEECMS"."JC_USER_RESUME"."EDU_SCHOOL" IS '毕业学校';
COMMENT ON COLUMN "JEECMS"."JC_USER_RESUME"."EDU_GRADUATION" IS '毕业时间';
COMMENT ON COLUMN "JEECMS"."JC_USER_RESUME"."EDU_BACK" IS '学历';
COMMENT ON COLUMN "JEECMS"."JC_USER_RESUME"."EDU_DISCIPLINE" IS '专业';
COMMENT ON COLUMN "JEECMS"."JC_USER_RESUME"."RECENT_COMPANY" IS '最近工作公司名称';
COMMENT ON COLUMN "JEECMS"."JC_USER_RESUME"."COMPANY_INDUSTRY" IS '最近公司所属行业';
COMMENT ON COLUMN "JEECMS"."JC_USER_RESUME"."COMPANY_SCALE" IS '公司规模';
COMMENT ON COLUMN "JEECMS"."JC_USER_RESUME"."JOB_NAME" IS '职位名称';
COMMENT ON COLUMN "JEECMS"."JC_USER_RESUME"."JOB_CATEGORY" IS '职位类别';
COMMENT ON COLUMN "JEECMS"."JC_USER_RESUME"."JOB_START" IS '工作起始时间';
COMMENT ON COLUMN "JEECMS"."JC_USER_RESUME"."SUBORDINATES" IS '下属人数';
COMMENT ON COLUMN "JEECMS"."JC_USER_RESUME"."JOB_DESCRIPTION" IS '工作描述';
COMMENT ON COLUMN "JEECMS"."JC_USER_RESUME"."SELF_EVALUATION" IS '自我评价';

-- ----------------------------
-- Records of JC_USER_RESUME
-- ----------------------------
INSERT INTO "JEECMS"."JC_USER_RESUME" VALUES ('1', '程序员', '全职', '上海', 'java工程师', null, '家里蹲大学', null, '本科', '吃饭', '111', null, null, '11', null, null, null, '111', '111');

-- ----------------------------
-- Table structure for JC_USER_ROLE
-- ----------------------------
DROP TABLE "JEECMS"."JC_USER_ROLE";
CREATE TABLE "JEECMS"."JC_USER_ROLE" (
"ROLE_ID" NUMBER(11) NOT NULL ,
"USER_ID" NUMBER(11) NOT NULL 
)
LOGGING
NOCOMPRESS
NOCACHE

;
COMMENT ON TABLE "JEECMS"."JC_USER_ROLE" IS 'CMS用户角色关联表;';

-- ----------------------------
-- Records of JC_USER_ROLE
-- ----------------------------
INSERT INTO "JEECMS"."JC_USER_ROLE" VALUES ('1', '1');
INSERT INTO "JEECMS"."JC_USER_ROLE" VALUES ('2', '2');
INSERT INTO "JEECMS"."JC_USER_ROLE" VALUES ('2', '5');
INSERT INTO "JEECMS"."JC_USER_ROLE" VALUES ('3', '2');

-- ----------------------------
-- Table structure for JC_USER_SITE
-- ----------------------------
DROP TABLE "JEECMS"."JC_USER_SITE";
CREATE TABLE "JEECMS"."JC_USER_SITE" (
"USERSITE_ID" NUMBER(11) NOT NULL ,
"USER_ID" NUMBER(11) NOT NULL ,
"SITE_ID" NUMBER(11) NOT NULL ,
"CHECK_STEP" NUMBER(1) DEFAULT 1  NOT NULL ,
"IS_ALL_CHANNEL" NUMBER(1) DEFAULT 1  NOT NULL ,
"IS_ALL_CHANNEL_CONTROL" NUMBER(1) DEFAULT 0  NOT NULL 
)
LOGGING
NOCOMPRESS
NOCACHE

;
COMMENT ON TABLE "JEECMS"."JC_USER_SITE" IS 'CMS管理员站点表;';
COMMENT ON COLUMN "JEECMS"."JC_USER_SITE"."CHECK_STEP" IS '审核级别';
COMMENT ON COLUMN "JEECMS"."JC_USER_SITE"."IS_ALL_CHANNEL" IS '是否拥有所有栏目的权限';
COMMENT ON COLUMN "JEECMS"."JC_USER_SITE"."IS_ALL_CHANNEL_CONTROL" IS '所有栏目控制权限';

-- ----------------------------
-- Records of JC_USER_SITE
-- ----------------------------
INSERT INTO "JEECMS"."JC_USER_SITE" VALUES ('1', '1', '1', '3', '1', '0');
INSERT INTO "JEECMS"."JC_USER_SITE" VALUES ('6', '5', '1', '3', '1', '1');
INSERT INTO "JEECMS"."JC_USER_SITE" VALUES ('3', '1', '3', '3', '1', '1');
INSERT INTO "JEECMS"."JC_USER_SITE" VALUES ('4', '2', '3', '3', '1', '1');

-- ----------------------------
-- Table structure for JC_VOTE_ITEM
-- ----------------------------
DROP TABLE "JEECMS"."JC_VOTE_ITEM";
CREATE TABLE "JEECMS"."JC_VOTE_ITEM" (
"VOTEITEM_ID" NUMBER(11) NOT NULL ,
"VOTETOPIC_ID" NUMBER(11) NOT NULL ,
"TITLE" VARCHAR2(255 BYTE) NOT NULL ,
"VOTE_COUNT" NUMBER(11) DEFAULT 0  NOT NULL ,
"PRIORITY" NUMBER(11) DEFAULT 10  NOT NULL ,
"SUBTOPIC_ID" NUMBER(11) NULL 
)
LOGGING
NOCOMPRESS
NOCACHE

;
COMMENT ON TABLE "JEECMS"."JC_VOTE_ITEM" IS 'CMS投票项;';
COMMENT ON COLUMN "JEECMS"."JC_VOTE_ITEM"."TITLE" IS '标题';
COMMENT ON COLUMN "JEECMS"."JC_VOTE_ITEM"."VOTE_COUNT" IS '投票数量';
COMMENT ON COLUMN "JEECMS"."JC_VOTE_ITEM"."PRIORITY" IS '排列顺序';

-- ----------------------------
-- Records of JC_VOTE_ITEM
-- ----------------------------
INSERT INTO "JEECMS"."JC_VOTE_ITEM" VALUES ('20', '2', '喜欢', '0', '2', '7');
INSERT INTO "JEECMS"."JC_VOTE_ITEM" VALUES ('21', '2', '不喜欢', '0', '3', '7');
INSERT INTO "JEECMS"."JC_VOTE_ITEM" VALUES ('22', '2', '很喜欢', '1', '1', '7');
INSERT INTO "JEECMS"."JC_VOTE_ITEM" VALUES ('23', '2', '有改进', '0', '5', '8');
INSERT INTO "JEECMS"."JC_VOTE_ITEM" VALUES ('24', '2', '没有改进', '0', '7', '8');
INSERT INTO "JEECMS"."JC_VOTE_ITEM" VALUES ('25', '2', '差不多', '0', '6', '8');
INSERT INTO "JEECMS"."JC_VOTE_ITEM" VALUES ('26', '2', '改进很大', '1', '4', '8');
INSERT INTO "JEECMS"."JC_VOTE_ITEM" VALUES ('27', '2', '新闻', '1', '8', '6');
INSERT INTO "JEECMS"."JC_VOTE_ITEM" VALUES ('28', '2', '视频', '1', '10', '6');
INSERT INTO "JEECMS"."JC_VOTE_ITEM" VALUES ('29', '2', '下载', '1', '11', '6');
INSERT INTO "JEECMS"."JC_VOTE_ITEM" VALUES ('30', '2', '图库', '1', '9', '6');

-- ----------------------------
-- Table structure for JC_VOTE_RECORD
-- ----------------------------
DROP TABLE "JEECMS"."JC_VOTE_RECORD";
CREATE TABLE "JEECMS"."JC_VOTE_RECORD" (
"VOTERECORED_ID" NUMBER(11) NOT NULL ,
"USER_ID" NUMBER(11) NULL ,
"VOTETOPIC_ID" NUMBER(11) NOT NULL ,
"VOTE_TIME" DATE NOT NULL ,
"VOTE_IP" VARCHAR2(50 BYTE) NOT NULL ,
"VOTE_COOKIE" VARCHAR2(32 BYTE) NOT NULL 
)
LOGGING
NOCOMPRESS
NOCACHE

;
COMMENT ON TABLE "JEECMS"."JC_VOTE_RECORD" IS 'CMS投票记录;';
COMMENT ON COLUMN "JEECMS"."JC_VOTE_RECORD"."VOTE_TIME" IS '投票时间';
COMMENT ON COLUMN "JEECMS"."JC_VOTE_RECORD"."VOTE_IP" IS '投票IP';
COMMENT ON COLUMN "JEECMS"."JC_VOTE_RECORD"."VOTE_COOKIE" IS '投票COOKIE';

-- ----------------------------
-- Records of JC_VOTE_RECORD
-- ----------------------------

-- ----------------------------
-- Table structure for JC_VOTE_REPLY
-- ----------------------------
DROP TABLE "JEECMS"."JC_VOTE_REPLY";
CREATE TABLE "JEECMS"."JC_VOTE_REPLY" (
"VOTEREPLY_ID" NUMBER(11) NOT NULL ,
"REPLY" CLOB NULL ,
"SUBTOPIC_ID" NUMBER(11) NULL 
)
LOGGING
NOCOMPRESS
NOCACHE

;
COMMENT ON TABLE "JEECMS"."JC_VOTE_REPLY" IS '投票文本题目回复表;';
COMMENT ON COLUMN "JEECMS"."JC_VOTE_REPLY"."REPLY" IS '回复内容';

-- ----------------------------
-- Records of JC_VOTE_REPLY
-- ----------------------------
INSERT INTO "JEECMS"."JC_VOTE_REPLY" VALUES ('1', '1', '5');

-- ----------------------------
-- Table structure for JC_VOTE_SUBTOPIC
-- ----------------------------
DROP TABLE "JEECMS"."JC_VOTE_SUBTOPIC";
CREATE TABLE "JEECMS"."JC_VOTE_SUBTOPIC" (
"SUBTOPIC_ID" NUMBER(11) NOT NULL ,
"TITLE" VARCHAR2(255 BYTE) NOT NULL ,
"VOTETOPIC_ID" NUMBER(11) DEFAULT 0  NOT NULL ,
"SUBTOPIC_TYPE" NUMBER(11) DEFAULT 1  NOT NULL ,
"PRIORITY" NUMBER(11) NULL 
)
LOGGING
NOCOMPRESS
NOCACHE

;
COMMENT ON TABLE "JEECMS"."JC_VOTE_SUBTOPIC" IS '投票子题目;';
COMMENT ON COLUMN "JEECMS"."JC_VOTE_SUBTOPIC"."TITLE" IS '标题';
COMMENT ON COLUMN "JEECMS"."JC_VOTE_SUBTOPIC"."VOTETOPIC_ID" IS '投票（调查）';
COMMENT ON COLUMN "JEECMS"."JC_VOTE_SUBTOPIC"."SUBTOPIC_TYPE" IS '类型（1单选，2多选，3文本）';

-- ----------------------------
-- Records of JC_VOTE_SUBTOPIC
-- ----------------------------
INSERT INTO "JEECMS"."JC_VOTE_SUBTOPIC" VALUES ('5', '我觉得这里完善一下：', '2', '3', '3');
INSERT INTO "JEECMS"."JC_VOTE_SUBTOPIC" VALUES ('6', '您觉得V5演示站哪些模块做的比较好', '2', '2', '4');
INSERT INTO "JEECMS"."JC_VOTE_SUBTOPIC" VALUES ('7', 'V5版本演示站网页的设计风格您喜欢吗？', '2', '1', '1');
INSERT INTO "JEECMS"."JC_VOTE_SUBTOPIC" VALUES ('8', 'V5版本比V2012sp1版的设计风格有改进吗？', '2', '1', '2');

-- ----------------------------
-- Table structure for JC_VOTE_TOPIC
-- ----------------------------
DROP TABLE "JEECMS"."JC_VOTE_TOPIC";
CREATE TABLE "JEECMS"."JC_VOTE_TOPIC" (
"VOTETOPIC_ID" NUMBER(11) NOT NULL ,
"SITE_ID" NUMBER(11) NOT NULL ,
"TITLE" VARCHAR2(255 BYTE) NOT NULL ,
"DESCRIPTION" VARCHAR2(255 BYTE) NULL ,
"START_TIME" DATE NULL ,
"END_TIME" DATE NULL ,
"REPEATE_HOUR" NUMBER(11) NULL ,
"TOTAL_COUNT" NUMBER(11) DEFAULT 0  NOT NULL ,
"MULTI_SELECT" NUMBER(11) DEFAULT 1  NOT NULL ,
"IS_RESTRICT_MEMBER" NUMBER(1) DEFAULT 0  NOT NULL ,
"IS_RESTRICT_IP" NUMBER(1) DEFAULT 0  NOT NULL ,
"IS_RESTRICT_COOKIE" NUMBER(1) DEFAULT 0  NOT NULL ,
"IS_DISABLED" NUMBER(1) DEFAULT 0  NOT NULL ,
"IS_DEF" NUMBER(1) DEFAULT 0  NOT NULL 
)
LOGGING
NOCOMPRESS
NOCACHE

;
COMMENT ON TABLE "JEECMS"."JC_VOTE_TOPIC" IS 'CMS投票主题;';
COMMENT ON COLUMN "JEECMS"."JC_VOTE_TOPIC"."TITLE" IS '标题';
COMMENT ON COLUMN "JEECMS"."JC_VOTE_TOPIC"."DESCRIPTION" IS '描述';
COMMENT ON COLUMN "JEECMS"."JC_VOTE_TOPIC"."START_TIME" IS '开始时间';
COMMENT ON COLUMN "JEECMS"."JC_VOTE_TOPIC"."END_TIME" IS '结束时间';
COMMENT ON COLUMN "JEECMS"."JC_VOTE_TOPIC"."REPEATE_HOUR" IS '重复投票限制时间，单位小时，为空不允许重复投票';
COMMENT ON COLUMN "JEECMS"."JC_VOTE_TOPIC"."TOTAL_COUNT" IS '总投票数';
COMMENT ON COLUMN "JEECMS"."JC_VOTE_TOPIC"."MULTI_SELECT" IS '最多可以选择几项';
COMMENT ON COLUMN "JEECMS"."JC_VOTE_TOPIC"."IS_RESTRICT_MEMBER" IS '是否限制会员';
COMMENT ON COLUMN "JEECMS"."JC_VOTE_TOPIC"."IS_RESTRICT_IP" IS '是否限制IP';
COMMENT ON COLUMN "JEECMS"."JC_VOTE_TOPIC"."IS_RESTRICT_COOKIE" IS '是否限制COOKIE';
COMMENT ON COLUMN "JEECMS"."JC_VOTE_TOPIC"."IS_DISABLED" IS '是否禁用';
COMMENT ON COLUMN "JEECMS"."JC_VOTE_TOPIC"."IS_DEF" IS '是否默认主题';

-- ----------------------------
-- Records of JC_VOTE_TOPIC
-- ----------------------------
INSERT INTO "JEECMS"."JC_VOTE_TOPIC" VALUES ('2', '1', 'JEECMS演示站改版用户问卷调查', 'JEECMSv5版正式发布了，伴随着系统的完善，jeecms演示站的模板也一直在不断的改版，针对此次改版，jeecms美工团队特邀您参与“JEECMS演示站改版用户问卷调查”，希望大家能提出宝贵的意见，我们一定认真改进，谢谢大家的支持！', null, null, null, '1', '1', '0', '0', '0', '0', '1');

-- ----------------------------
-- Table structure for JC_WEBSERVICE
-- ----------------------------
DROP TABLE "JEECMS"."JC_WEBSERVICE";
CREATE TABLE "JEECMS"."JC_WEBSERVICE" (
"SERVICE_ID" NUMBER(11) NOT NULL ,
"SERVICE_ADDRESS" NVARCHAR2(255) NOT NULL ,
"TARGET_NAMESPACE" NVARCHAR2(255) NULL ,
"SUCCESS_RESULT" NVARCHAR2(255) NULL ,
"SERVICE_TYPE" NVARCHAR2(50) NULL ,
"SERVICE_OPERATE" NVARCHAR2(50) NULL 
)
LOGGING
NOCOMPRESS
NOCACHE

;
COMMENT ON TABLE "JEECMS"."JC_WEBSERVICE" IS '接口表';
COMMENT ON COLUMN "JEECMS"."JC_WEBSERVICE"."SERVICE_ADDRESS" IS '接口地址';
COMMENT ON COLUMN "JEECMS"."JC_WEBSERVICE"."SUCCESS_RESULT" IS '正确返回值';
COMMENT ON COLUMN "JEECMS"."JC_WEBSERVICE"."SERVICE_TYPE" IS '接口类型';
COMMENT ON COLUMN "JEECMS"."JC_WEBSERVICE"."SERVICE_OPERATE" IS '接口操作';

-- ----------------------------
-- Records of JC_WEBSERVICE
-- ----------------------------
INSERT INTO "JEECMS"."JC_WEBSERVICE" VALUES ('1', 'http://bbs.cmscms.com/jeebbs4/services/User?wsdl', 'http://bbs.cmscms.com/jeebbs4/services/User', '100', 'addUser', 'addUser');
INSERT INTO "JEECMS"."JC_WEBSERVICE" VALUES ('2', 'http://bbs.cmscms.com/jeebbs4/services/User?wsdl', 'http://bbs.cmscms.com/jeebbs4/services/User', '100', 'updateUser', 'updateUser');
INSERT INTO "JEECMS"."JC_WEBSERVICE" VALUES ('3', 'http://bbs.cmscms.com/jeebbs4/services/User?wsdl', 'http://bbs.cmscms.com/jeebbs4/services/User', '100', 'deleteUser', 'delUser');

-- ----------------------------
-- Table structure for JC_WEBSERVICE_AUTH
-- ----------------------------
DROP TABLE "JEECMS"."JC_WEBSERVICE_AUTH";
CREATE TABLE "JEECMS"."JC_WEBSERVICE_AUTH" (
"AUTH_ID" NUMBER(11) NOT NULL ,
"USERNAME" NVARCHAR2(50) NOT NULL ,
"PASSWORD" NVARCHAR2(50) NOT NULL ,
"SYSTEM" NVARCHAR2(100) NOT NULL ,
"IS_ENABLE" NUMBER(4) NOT NULL 
)
LOGGING
NOCOMPRESS
NOCACHE

;
COMMENT ON TABLE "JEECMS"."JC_WEBSERVICE_AUTH" IS 'webservices认证表';
COMMENT ON COLUMN "JEECMS"."JC_WEBSERVICE_AUTH"."USERNAME" IS '用户名';
COMMENT ON COLUMN "JEECMS"."JC_WEBSERVICE_AUTH"."PASSWORD" IS '密码';
COMMENT ON COLUMN "JEECMS"."JC_WEBSERVICE_AUTH"."SYSTEM" IS '系统';
COMMENT ON COLUMN "JEECMS"."JC_WEBSERVICE_AUTH"."IS_ENABLE" IS '是否启用';

-- ----------------------------
-- Records of JC_WEBSERVICE_AUTH
-- ----------------------------
INSERT INTO "JEECMS"."JC_WEBSERVICE_AUTH" VALUES ('1', 'test', '098f6bcd4621d373cade4e832627b4f6', 'bbs', '1');

-- ----------------------------
-- Table structure for JC_WEBSERVICE_CALL_RECORD
-- ----------------------------
DROP TABLE "JEECMS"."JC_WEBSERVICE_CALL_RECORD";
CREATE TABLE "JEECMS"."JC_WEBSERVICE_CALL_RECORD" (
"RECORD_ID" NUMBER(11) NOT NULL ,
"SERVICE_CODE" NVARCHAR2(50) NOT NULL ,
"AUTH_ID" NUMBER(11) NOT NULL ,
"RECORD_TIME" DATE NOT NULL 
)
LOGGING
NOCOMPRESS
NOCACHE

;
COMMENT ON TABLE "JEECMS"."JC_WEBSERVICE_CALL_RECORD" IS '接口调用记录; InnoDB free: 14336 kB; (`auth_id`) REFER `jeecmsv7/jc_webservice_auth`(`';
COMMENT ON COLUMN "JEECMS"."JC_WEBSERVICE_CALL_RECORD"."SERVICE_CODE" IS '接口识别码';
COMMENT ON COLUMN "JEECMS"."JC_WEBSERVICE_CALL_RECORD"."AUTH_ID" IS '调用的认证';
COMMENT ON COLUMN "JEECMS"."JC_WEBSERVICE_CALL_RECORD"."RECORD_TIME" IS '调用时间';

-- ----------------------------
-- Records of JC_WEBSERVICE_CALL_RECORD
-- ----------------------------
INSERT INTO "JEECMS"."JC_WEBSERVICE_CALL_RECORD" VALUES ('16', 'user_add', '1', TO_DATE('2015-04-02 13:58:34', 'YYYY-MM-DD HH24:MI:SS'));

-- ----------------------------
-- Table structure for JC_WEBSERVICE_PARAM
-- ----------------------------
DROP TABLE "JEECMS"."JC_WEBSERVICE_PARAM";
CREATE TABLE "JEECMS"."JC_WEBSERVICE_PARAM" (
"SERVICE_ID" NUMBER(11) NOT NULL ,
"PRIORITY" NUMBER(11) NOT NULL ,
"PARAM_NAME" NVARCHAR2(100) NOT NULL ,
"DEFAULT_VALUE" NVARCHAR2(255) NULL 
)
LOGGING
NOCOMPRESS
NOCACHE

;
COMMENT ON TABLE "JEECMS"."JC_WEBSERVICE_PARAM" IS '接口参数表; InnoDB free: 14336 kB; (`service_id`) REFER `jeecmsv7/jc_webservice`(`ser';
COMMENT ON COLUMN "JEECMS"."JC_WEBSERVICE_PARAM"."PRIORITY" IS '排列顺序';
COMMENT ON COLUMN "JEECMS"."JC_WEBSERVICE_PARAM"."PARAM_NAME" IS '参数名';
COMMENT ON COLUMN "JEECMS"."JC_WEBSERVICE_PARAM"."DEFAULT_VALUE" IS '默认值';

-- ----------------------------
-- Records of JC_WEBSERVICE_PARAM
-- ----------------------------
INSERT INTO "JEECMS"."JC_WEBSERVICE_PARAM" VALUES ('1', '0', 'auth_username', 'test');
INSERT INTO "JEECMS"."JC_WEBSERVICE_PARAM" VALUES ('1', '1', 'auth_password', 'test');
INSERT INTO "JEECMS"."JC_WEBSERVICE_PARAM" VALUES ('1', '2', 'username', null);
INSERT INTO "JEECMS"."JC_WEBSERVICE_PARAM" VALUES ('1', '3', 'password', null);
INSERT INTO "JEECMS"."JC_WEBSERVICE_PARAM" VALUES ('1', '4', 'email', null);
INSERT INTO "JEECMS"."JC_WEBSERVICE_PARAM" VALUES ('1', '5', 'realname', null);
INSERT INTO "JEECMS"."JC_WEBSERVICE_PARAM" VALUES ('1', '6', 'sex', null);
INSERT INTO "JEECMS"."JC_WEBSERVICE_PARAM" VALUES ('1', '7', 'tel', null);
INSERT INTO "JEECMS"."JC_WEBSERVICE_PARAM" VALUES ('2', '0', 'auth_username', 'test');
INSERT INTO "JEECMS"."JC_WEBSERVICE_PARAM" VALUES ('2', '1', 'auth_password', 'test');
INSERT INTO "JEECMS"."JC_WEBSERVICE_PARAM" VALUES ('2', '2', 'username', null);
INSERT INTO "JEECMS"."JC_WEBSERVICE_PARAM" VALUES ('2', '3', 'password', null);
INSERT INTO "JEECMS"."JC_WEBSERVICE_PARAM" VALUES ('2', '4', 'email', null);
INSERT INTO "JEECMS"."JC_WEBSERVICE_PARAM" VALUES ('2', '5', 'sex', null);
INSERT INTO "JEECMS"."JC_WEBSERVICE_PARAM" VALUES ('2', '6', 'realname', null);
INSERT INTO "JEECMS"."JC_WEBSERVICE_PARAM" VALUES ('2', '7', 'tel', null);
INSERT INTO "JEECMS"."JC_WEBSERVICE_PARAM" VALUES ('3', '0', 'auth_username', 'test');
INSERT INTO "JEECMS"."JC_WEBSERVICE_PARAM" VALUES ('3', '1', 'auth_password', 'test');
INSERT INTO "JEECMS"."JC_WEBSERVICE_PARAM" VALUES ('3', '2', 'username', null);

-- ----------------------------
-- Table structure for JC_WORKFLOW
-- ----------------------------
DROP TABLE "JEECMS"."JC_WORKFLOW";
CREATE TABLE "JEECMS"."JC_WORKFLOW" (
"WORKFLOW_ID" NUMBER(11) NOT NULL ,
"SITE_ID" NUMBER(11) NOT NULL ,
"NAME" VARCHAR2(255 BYTE) NOT NULL ,
"DESCRIPTION" VARCHAR2(255 BYTE) NULL ,
"PRIORITY" NUMBER(11) DEFAULT 10  NOT NULL ,
"IS_DISABLED" NUMBER(1) DEFAULT 0  NOT NULL 
)
LOGGING
NOCOMPRESS
NOCACHE

;
COMMENT ON TABLE "JEECMS"."JC_WORKFLOW" IS '工作流;';
COMMENT ON COLUMN "JEECMS"."JC_WORKFLOW"."SITE_ID" IS '站点';
COMMENT ON COLUMN "JEECMS"."JC_WORKFLOW"."NAME" IS '名称';
COMMENT ON COLUMN "JEECMS"."JC_WORKFLOW"."DESCRIPTION" IS '描述';
COMMENT ON COLUMN "JEECMS"."JC_WORKFLOW"."PRIORITY" IS '排序';
COMMENT ON COLUMN "JEECMS"."JC_WORKFLOW"."IS_DISABLED" IS '是否禁用';

-- ----------------------------
-- Records of JC_WORKFLOW
-- ----------------------------
INSERT INTO "JEECMS"."JC_WORKFLOW" VALUES ('1', '1', '工作流', '工作流', '1', '0');

-- ----------------------------
-- Table structure for JC_WORKFLOW_EVENT
-- ----------------------------
DROP TABLE "JEECMS"."JC_WORKFLOW_EVENT";
CREATE TABLE "JEECMS"."JC_WORKFLOW_EVENT" (
"EVENT_ID" NUMBER(11) NOT NULL ,
"WORKFLOW_ID" NUMBER(11) NOT NULL ,
"DATE_ID" NUMBER(11) NOT NULL ,
"USER_ID" NUMBER(11) NOT NULL ,
"START_TIME" DATE NOT NULL ,
"END_TIME" DATE NULL ,
"NEXT_STEP" NUMBER(11) DEFAULT 0  NOT NULL ,
"DATE_TYPE" NUMBER(11) DEFAULT 0  NOT NULL ,
"IS_FINISH" NUMBER(1) DEFAULT 0  NOT NULL ,
"PASS_NUM" NUMBER(11) NULL 
)
LOGGING
NOCOMPRESS
NOCACHE

;
COMMENT ON TABLE "JEECMS"."JC_WORKFLOW_EVENT" IS '工作流轨迹;';
COMMENT ON COLUMN "JEECMS"."JC_WORKFLOW_EVENT"."WORKFLOW_ID" IS '工作流';
COMMENT ON COLUMN "JEECMS"."JC_WORKFLOW_EVENT"."DATE_ID" IS '数据标识';
COMMENT ON COLUMN "JEECMS"."JC_WORKFLOW_EVENT"."USER_ID" IS '发起人';
COMMENT ON COLUMN "JEECMS"."JC_WORKFLOW_EVENT"."START_TIME" IS '开始时间';
COMMENT ON COLUMN "JEECMS"."JC_WORKFLOW_EVENT"."END_TIME" IS '结束时间';
COMMENT ON COLUMN "JEECMS"."JC_WORKFLOW_EVENT"."NEXT_STEP" IS '下个步骤';
COMMENT ON COLUMN "JEECMS"."JC_WORKFLOW_EVENT"."DATE_TYPE" IS '数据类型(0默认内容)';
COMMENT ON COLUMN "JEECMS"."JC_WORKFLOW_EVENT"."IS_FINISH" IS '是否结束';
COMMENT ON COLUMN "JEECMS"."JC_WORKFLOW_EVENT"."PASS_NUM" IS '会签本节点通过人数';

-- ----------------------------
-- Records of JC_WORKFLOW_EVENT
-- ----------------------------

-- ----------------------------
-- Table structure for JC_WORKFLOW_EVENT_USER
-- ----------------------------
DROP TABLE "JEECMS"."JC_WORKFLOW_EVENT_USER";
CREATE TABLE "JEECMS"."JC_WORKFLOW_EVENT_USER" (
"EVENT_USER_ID" NUMBER(11) NOT NULL ,
"EVENT_ID" NUMBER(11) NOT NULL ,
"USER_ID" NUMBER(11) NOT NULL 
)
LOGGING
NOCOMPRESS
NOCACHE

;
COMMENT ON TABLE "JEECMS"."JC_WORKFLOW_EVENT_USER" IS '工作流轨迹用户表;';
COMMENT ON COLUMN "JEECMS"."JC_WORKFLOW_EVENT_USER"."EVENT_ID" IS '工作流转id';
COMMENT ON COLUMN "JEECMS"."JC_WORKFLOW_EVENT_USER"."USER_ID" IS '流转用户';

-- ----------------------------
-- Records of JC_WORKFLOW_EVENT_USER
-- ----------------------------

-- ----------------------------
-- Table structure for JC_WORKFLOW_NODE
-- ----------------------------
DROP TABLE "JEECMS"."JC_WORKFLOW_NODE";
CREATE TABLE "JEECMS"."JC_WORKFLOW_NODE" (
"WORKFLOW_ID" NUMBER(11) NOT NULL ,
"ROLE_ID" NUMBER(11) NOT NULL ,
"PRIORITY" NUMBER(11) DEFAULT 10  NOT NULL ,
"IS_COUNTERSIGN" NUMBER(1) DEFAULT 0  NOT NULL 
)
LOGGING
NOCOMPRESS
NOCACHE

;
COMMENT ON TABLE "JEECMS"."JC_WORKFLOW_NODE" IS '工作流节点;';
COMMENT ON COLUMN "JEECMS"."JC_WORKFLOW_NODE"."WORKFLOW_ID" IS '工作流';
COMMENT ON COLUMN "JEECMS"."JC_WORKFLOW_NODE"."ROLE_ID" IS '角色';
COMMENT ON COLUMN "JEECMS"."JC_WORKFLOW_NODE"."PRIORITY" IS '排序';
COMMENT ON COLUMN "JEECMS"."JC_WORKFLOW_NODE"."IS_COUNTERSIGN" IS '1 会签 0普通流转';

-- ----------------------------
-- Records of JC_WORKFLOW_NODE
-- ----------------------------
INSERT INTO "JEECMS"."JC_WORKFLOW_NODE" VALUES ('1', '2', '0', '0');
INSERT INTO "JEECMS"."JC_WORKFLOW_NODE" VALUES ('1', '3', '1', '0');
INSERT INTO "JEECMS"."JC_WORKFLOW_NODE" VALUES ('1', '1', '2', '0');

-- ----------------------------
-- Table structure for JC_WORKFLOW_RECORD
-- ----------------------------
DROP TABLE "JEECMS"."JC_WORKFLOW_RECORD";
CREATE TABLE "JEECMS"."JC_WORKFLOW_RECORD" (
"RECORD_ID" NUMBER(11) NOT NULL ,
"USER_ID" NUMBER(11) NOT NULL ,
"SITE_ID" NUMBER(11) NOT NULL ,
"EVENT_ID" NUMBER(11) DEFAULT 0  NOT NULL ,
"RECORD_TIME" DATE NOT NULL ,
"OPINION" VARCHAR2(255 BYTE) NULL ,
"TYPE" NUMBER(11) DEFAULT 0  NOT NULL 
)
LOGGING
NOCOMPRESS
NOCACHE

;
COMMENT ON TABLE "JEECMS"."JC_WORKFLOW_RECORD" IS '工作流日志记录;';
COMMENT ON COLUMN "JEECMS"."JC_WORKFLOW_RECORD"."USER_ID" IS '操作人';
COMMENT ON COLUMN "JEECMS"."JC_WORKFLOW_RECORD"."SITE_ID" IS '站点';
COMMENT ON COLUMN "JEECMS"."JC_WORKFLOW_RECORD"."EVENT_ID" IS '轨迹';
COMMENT ON COLUMN "JEECMS"."JC_WORKFLOW_RECORD"."RECORD_TIME" IS '创建时间';
COMMENT ON COLUMN "JEECMS"."JC_WORKFLOW_RECORD"."OPINION" IS '意见';
COMMENT ON COLUMN "JEECMS"."JC_WORKFLOW_RECORD"."TYPE" IS '类型(1:通过  2退回 3保持)';

-- ----------------------------
-- Records of JC_WORKFLOW_RECORD
-- ----------------------------

-- ----------------------------
-- Table structure for JG_WEIXIN
-- ----------------------------
DROP TABLE "JEECMS"."JG_WEIXIN";
CREATE TABLE "JEECMS"."JG_WEIXIN" (
"SITE_ID" NUMBER(11) DEFAULT 0  NOT NULL ,
"WX_PIC" VARCHAR2(255 BYTE) DEFAULT NULL  NULL ,
"WX_WELCOME" VARCHAR2(255 BYTE) DEFAULT ''  NOT NULL 
)
LOGGING
NOCOMPRESS
NOCACHE

;
COMMENT ON TABLE "JEECMS"."JG_WEIXIN" IS '微信配置表';
COMMENT ON COLUMN "JEECMS"."JG_WEIXIN"."WX_PIC" IS '微信二维码';
COMMENT ON COLUMN "JEECMS"."JG_WEIXIN"."WX_WELCOME" IS '关注欢迎语';

-- ----------------------------
-- Records of JG_WEIXIN
-- ----------------------------
INSERT INTO "JEECMS"."JG_WEIXIN" VALUES ('1', '/u/cms/www/201510/08105041f9xd.jpg', '江西金磊科技有限公司欢迎您!');

-- ----------------------------
-- Table structure for JG_WEIXINMENU
-- ----------------------------
DROP TABLE "JEECMS"."JG_WEIXINMENU";
CREATE TABLE "JEECMS"."JG_WEIXINMENU" (
"WM_ID" NUMBER(11) NOT NULL ,
"SITE_ID" NUMBER(11) DEFAULT 0  NOT NULL ,
"WM_NAME" VARCHAR2(255 BYTE) DEFAULT NULL  NULL ,
"WM_TYPE" VARCHAR2(255 BYTE) DEFAULT NULL  NULL ,
"WM_URL" VARCHAR2(255 BYTE) DEFAULT NULL  NULL ,
"WM_KEY" VARCHAR2(255 BYTE) DEFAULT NULL  NULL ,
"WM_PARENT_ID" NUMBER(11) DEFAULT NULL  NULL 
)
LOGGING
NOCOMPRESS
NOCACHE

;
COMMENT ON TABLE "JEECMS"."JG_WEIXINMENU" IS '微信配置表';
COMMENT ON COLUMN "JEECMS"."JG_WEIXINMENU"."SITE_ID" IS '站点ID';
COMMENT ON COLUMN "JEECMS"."JG_WEIXINMENU"."WM_NAME" IS '微信菜单名称';
COMMENT ON COLUMN "JEECMS"."JG_WEIXINMENU"."WM_TYPE" IS '微信菜单类别';
COMMENT ON COLUMN "JEECMS"."JG_WEIXINMENU"."WM_URL" IS '链接地址';
COMMENT ON COLUMN "JEECMS"."JG_WEIXINMENU"."WM_KEY" IS '点击key';
COMMENT ON COLUMN "JEECMS"."JG_WEIXINMENU"."WM_PARENT_ID" IS '父节点';

-- ----------------------------
-- Records of JG_WEIXINMENU
-- ----------------------------
INSERT INTO "JEECMS"."JG_WEIXINMENU" VALUES ('1', '1', '找官方', 'view', 'http://demo.jeecms.com/html/news/', '1', null);
INSERT INTO "JEECMS"."JG_WEIXINMENU" VALUES ('2', '1', '演示站', 'view', 'http://demo.jeecms.com/html/picture/', '2', null);
INSERT INTO "JEECMS"."JG_WEIXINMENU" VALUES ('3', '1', '新闻资讯', 'view', 'http://demo.jeecms.com/html/veido/', '3', null);
INSERT INTO "JEECMS"."JG_WEIXINMENU" VALUES ('4', '1', '论坛', 'view', 'http://bbs.jeecms.com', '4', '1');
INSERT INTO "JEECMS"."JG_WEIXINMENU" VALUES ('5', '1', '官网', 'view', 'http://www.jeecms.com/', '5', '1');
INSERT INTO "JEECMS"."JG_WEIXINMENU" VALUES ('6', '1', 'JSPGOU', 'view', 'http://demo3.jeecms.com', '6', '2');
INSERT INTO "JEECMS"."JG_WEIXINMENU" VALUES ('7', '1', 'JEEBBS', 'view', 'http://bbs.jeecms.com', '7', '2');
INSERT INTO "JEECMS"."JG_WEIXINMENU" VALUES ('8', '1', '图库', 'view', 'http://demo.jeecms.com/news/index.jhtml', '8', '3');
INSERT INTO "JEECMS"."JG_WEIXINMENU" VALUES ('9', '1', '新闻', 'click', null, 'news', '3');
INSERT INTO "JEECMS"."JG_WEIXINMENU" VALUES ('10', '1', 'JEECMS', 'view', 'http://demo.jeecms.com/', null, '2');
INSERT INTO "JEECMS"."JG_WEIXINMENU" VALUES ('11', '1', '视频', 'view', 'http://demo.jeecms.com/veido/index.jhtml', null, '3');
INSERT INTO "JEECMS"."JG_WEIXINMENU" VALUES ('12', '1', '下载', 'view', 'http://demo.jeecms.com/download/index.jhtml', 'http://demo.jeecms.com/download/index.jhtml', '3');
INSERT INTO "JEECMS"."JG_WEIXINMENU" VALUES ('13', '1', '调查', 'view', 'http://demo.jeecms.com/wldc/index.jhtml', 'http://demo.jeecms.com/wldc/index.jhtml', '3');
INSERT INTO "JEECMS"."JG_WEIXINMENU" VALUES ('14', '1', 'JSPGOU店中店', 'view', 'http://dzd.jeecms.com/', 'http://dzd.jeecms.com/', '2');

-- ----------------------------
-- Table structure for JG_WEIXINMESSAGE
-- ----------------------------
DROP TABLE "JEECMS"."JG_WEIXINMESSAGE";
CREATE TABLE "JEECMS"."JG_WEIXINMESSAGE" (
"WM_ID" NUMBER(11) NOT NULL ,
"SITE_ID" NUMBER(11) NOT NULL ,
"WM_NUMBER" VARCHAR2(255 BYTE) DEFAULT NULL  NULL ,
"WM_TITLE" VARCHAR2(255 BYTE) DEFAULT NULL  NULL ,
"WM_PATH" VARCHAR2(255 BYTE) DEFAULT NULL  NULL ,
"WM_URL" VARCHAR2(255 BYTE) DEFAULT NULL  NULL ,
"WM_CONTENT" VARCHAR2(255 BYTE) DEFAULT NULL  NULL ,
"IS_WELCOME" NUMBER(1) DEFAULT 0  NOT NULL ,
"WM_MSG_TYPE" NUMBER(1) DEFAULT 0  NOT NULL 
)
LOGGING
NOCOMPRESS
NOCACHE

;
COMMENT ON TABLE "JEECMS"."JG_WEIXINMESSAGE" IS '微信消息配置表';
COMMENT ON COLUMN "JEECMS"."JG_WEIXINMESSAGE"."SITE_ID" IS '站点ID';
COMMENT ON COLUMN "JEECMS"."JG_WEIXINMESSAGE"."WM_NUMBER" IS '序号';
COMMENT ON COLUMN "JEECMS"."JG_WEIXINMESSAGE"."WM_TITLE" IS '标题';
COMMENT ON COLUMN "JEECMS"."JG_WEIXINMESSAGE"."WM_PATH" IS '图片地址';
COMMENT ON COLUMN "JEECMS"."JG_WEIXINMESSAGE"."WM_URL" IS '链接地址';
COMMENT ON COLUMN "JEECMS"."JG_WEIXINMESSAGE"."WM_CONTENT" IS '内容';
COMMENT ON COLUMN "JEECMS"."JG_WEIXINMESSAGE"."IS_WELCOME" IS '是否关注消息';
COMMENT ON COLUMN "JEECMS"."JG_WEIXINMESSAGE"."WM_MSG_TYPE" IS '消息类型(0带图文链接 1内容加关键字提示 2仅有内容)';

-- ----------------------------
-- Records of JG_WEIXINMESSAGE
-- ----------------------------
INSERT INTO "JEECMS"."JG_WEIXINMESSAGE" VALUES ('1', '1', null, '留言', '/u/cms/www/201510/08172019lz4w.png', 'http://demo.jeecms.com/guestbook.jspx', '金磊科技欢迎您!', '1', '0');
INSERT INTO "JEECMS"."JG_WEIXINMESSAGE" VALUES ('2', '1', 'news', '新闻', '/u/cms/www/201510/27142936gt6k.jpg', 'http://demo.jeecms.com/news/index.jhtml', '新闻', '0', '0');

-- ----------------------------
-- Table structure for JO_AUTHENTICATION
-- ----------------------------
DROP TABLE "JEECMS"."JO_AUTHENTICATION";
CREATE TABLE "JEECMS"."JO_AUTHENTICATION" (
"AUTHENTICATION_ID" CHAR(32 BYTE) NOT NULL ,
"USERID" NUMBER(11) NOT NULL ,
"USERNAME" VARCHAR2(100 BYTE) NOT NULL ,
"EMAIL" VARCHAR2(100 BYTE) NULL ,
"LOGIN_TIME" DATE NOT NULL ,
"LOGIN_IP" VARCHAR2(50 BYTE) NOT NULL ,
"UPDATE_TIME" DATE NOT NULL 
)
LOGGING
NOCOMPRESS
NOCACHE

;
COMMENT ON TABLE "JEECMS"."JO_AUTHENTICATION" IS '认证信息表;';
COMMENT ON COLUMN "JEECMS"."JO_AUTHENTICATION"."AUTHENTICATION_ID" IS '认证ID';
COMMENT ON COLUMN "JEECMS"."JO_AUTHENTICATION"."USERID" IS '用户ID';
COMMENT ON COLUMN "JEECMS"."JO_AUTHENTICATION"."USERNAME" IS '用户名';
COMMENT ON COLUMN "JEECMS"."JO_AUTHENTICATION"."EMAIL" IS '邮箱';
COMMENT ON COLUMN "JEECMS"."JO_AUTHENTICATION"."LOGIN_TIME" IS '登录时间';
COMMENT ON COLUMN "JEECMS"."JO_AUTHENTICATION"."LOGIN_IP" IS '登录ip';
COMMENT ON COLUMN "JEECMS"."JO_AUTHENTICATION"."UPDATE_TIME" IS '更新时间';

-- ----------------------------
-- Records of JO_AUTHENTICATION
-- ----------------------------

-- ----------------------------
-- Table structure for JO_CONFIG
-- ----------------------------
DROP TABLE "JEECMS"."JO_CONFIG";
CREATE TABLE "JEECMS"."JO_CONFIG" (
"CFG_KEY" VARCHAR2(50 BYTE) NOT NULL ,
"CFG_VALUE" VARCHAR2(255 BYTE) NULL 
)
LOGGING
NOCOMPRESS
NOCACHE

;
COMMENT ON TABLE "JEECMS"."JO_CONFIG" IS '配置表;';
COMMENT ON COLUMN "JEECMS"."JO_CONFIG"."CFG_KEY" IS '配置KEY';
COMMENT ON COLUMN "JEECMS"."JO_CONFIG"."CFG_VALUE" IS '配置VALUE';

-- ----------------------------
-- Records of JO_CONFIG
-- ----------------------------
INSERT INTO "JEECMS"."JO_CONFIG" VALUES ('email_encoding', null);
INSERT INTO "JEECMS"."JO_CONFIG" VALUES ('email_host', 'smtp.163.com');
INSERT INTO "JEECMS"."JO_CONFIG" VALUES ('email_password', 'jeecms0802');
INSERT INTO "JEECMS"."JO_CONFIG" VALUES ('email_personal', null);
INSERT INTO "JEECMS"."JO_CONFIG" VALUES ('email_port', null);
INSERT INTO "JEECMS"."JO_CONFIG" VALUES ('email_username', 'jeecms2012@163.com');
INSERT INTO "JEECMS"."JO_CONFIG" VALUES ('login_error_interval', '30');
INSERT INTO "JEECMS"."JO_CONFIG" VALUES ('login_error_times', '3');
INSERT INTO "JEECMS"."JO_CONFIG" VALUES ('message_forgotpassword_subject', '找回JEECMS密码');
INSERT INTO "JEECMS"."JO_CONFIG" VALUES ('message_forgotpassword_text', '感谢您使用JEECMS系统会员密码找回功能，请记住以下找回信息：\r\n用户ID：${uid}\r\n用户名：${username}\r\n您的新密码为：${resetPwd}\r\n请访问如下链接新密码才能生效：\r\nhttp://demo.jeecms.com/member/password_reset.jspx?uid=${uid}=${resetKey}');
INSERT INTO "JEECMS"."JO_CONFIG" VALUES ('message_register_subject', '欢迎您注册JEECMS用户');
INSERT INTO "JEECMS"."JO_CONFIG" VALUES ('message_register_text', '${username}您好：\r\n欢迎您注册JEECMS系统会员\r\n请点击以下链接进行激活\r\nhttp://demo.jeecms.com/active.jspx?username=${username}=${activationCode}');
INSERT INTO "JEECMS"."JO_CONFIG" VALUES ('message_subject', 'JEECMS会员密码找回信息');
INSERT INTO "JEECMS"."JO_CONFIG" VALUES ('message_text', '感谢您使用JEECMS系统会员密码找回功能，请记住以下找回信息：\r\n用户ID：${uid}\r\n用户名：${username}\r\n您的新密码为：${resetPwd}\r\n请访问如下链接新密码才能生效：\r\nhttp://localhost/member/password_reset.jspx?uid=${uid}=${resetKey}\r\n');

-- ----------------------------
-- Table structure for JO_FTP
-- ----------------------------
DROP TABLE "JEECMS"."JO_FTP";
CREATE TABLE "JEECMS"."JO_FTP" (
"FTP_ID" NUMBER(11) NOT NULL ,
"FTP_NAME" VARCHAR2(100 BYTE) NOT NULL ,
"IP" VARCHAR2(50 BYTE) NOT NULL ,
"PORT" NUMBER(11) DEFAULT 21  NOT NULL ,
"USERNAME" VARCHAR2(100 BYTE) NULL ,
"PASSWORD" VARCHAR2(100 BYTE) NULL ,
"ENCODING" VARCHAR2(20 BYTE) DEFAULT 'UTF-8'  NOT NULL ,
"TIMEOUT" NUMBER(11) NULL ,
"FTP_PATH" VARCHAR2(255 BYTE) NULL ,
"URL" VARCHAR2(255 BYTE) NOT NULL 
)
LOGGING
NOCOMPRESS
NOCACHE

;
COMMENT ON TABLE "JEECMS"."JO_FTP" IS 'FTP表;';
COMMENT ON COLUMN "JEECMS"."JO_FTP"."FTP_NAME" IS '名称';
COMMENT ON COLUMN "JEECMS"."JO_FTP"."IP" IS 'IP';
COMMENT ON COLUMN "JEECMS"."JO_FTP"."PORT" IS '端口号';
COMMENT ON COLUMN "JEECMS"."JO_FTP"."USERNAME" IS '登录名';
COMMENT ON COLUMN "JEECMS"."JO_FTP"."PASSWORD" IS '登陆密码';
COMMENT ON COLUMN "JEECMS"."JO_FTP"."ENCODING" IS '编码';
COMMENT ON COLUMN "JEECMS"."JO_FTP"."TIMEOUT" IS '超时时间';
COMMENT ON COLUMN "JEECMS"."JO_FTP"."FTP_PATH" IS '路径';
COMMENT ON COLUMN "JEECMS"."JO_FTP"."URL" IS '访问URL';

-- ----------------------------
-- Records of JO_FTP
-- ----------------------------

-- ----------------------------
-- Table structure for JO_TEMPLATE
-- ----------------------------
DROP TABLE "JEECMS"."JO_TEMPLATE";
CREATE TABLE "JEECMS"."JO_TEMPLATE" (
"TPL_NAME" VARCHAR2(150 BYTE) NOT NULL ,
"TPL_SOURCE" CLOB NULL ,
"LAST_MODIFIED" NUMBER(11) NOT NULL ,
"IS_DIRECTORY" NUMBER(1) DEFAULT 0  NOT NULL 
)
LOGGING
NOCOMPRESS
NOCACHE

;
COMMENT ON TABLE "JEECMS"."JO_TEMPLATE" IS '模板表;';
COMMENT ON COLUMN "JEECMS"."JO_TEMPLATE"."TPL_NAME" IS '模板名称';
COMMENT ON COLUMN "JEECMS"."JO_TEMPLATE"."TPL_SOURCE" IS '模板内容';
COMMENT ON COLUMN "JEECMS"."JO_TEMPLATE"."LAST_MODIFIED" IS '最后修改时间';
COMMENT ON COLUMN "JEECMS"."JO_TEMPLATE"."IS_DIRECTORY" IS '是否目录';

-- ----------------------------
-- Records of JO_TEMPLATE
-- ----------------------------

-- ----------------------------
-- Table structure for JO_UPLOAD
-- ----------------------------
DROP TABLE "JEECMS"."JO_UPLOAD";
CREATE TABLE "JEECMS"."JO_UPLOAD" (
"FILENAME" VARCHAR2(150 BYTE) NOT NULL ,
"LENGTH" NUMBER(11) NOT NULL ,
"LAST_MODIFIED" NUMBER(11) NOT NULL ,
"CONTENT" BLOB NOT NULL 
)
LOGGING
NOCOMPRESS
NOCACHE

;
COMMENT ON TABLE "JEECMS"."JO_UPLOAD" IS '上传附件表;';
COMMENT ON COLUMN "JEECMS"."JO_UPLOAD"."FILENAME" IS '文件名';
COMMENT ON COLUMN "JEECMS"."JO_UPLOAD"."LENGTH" IS '文件大小(字节)';
COMMENT ON COLUMN "JEECMS"."JO_UPLOAD"."LAST_MODIFIED" IS '最后修改时间';
COMMENT ON COLUMN "JEECMS"."JO_UPLOAD"."CONTENT" IS '内容';

-- ----------------------------
-- Records of JO_UPLOAD
-- ----------------------------

-- ----------------------------
-- Table structure for JO_USER
-- ----------------------------
DROP TABLE "JEECMS"."JO_USER";
CREATE TABLE "JEECMS"."JO_USER" (
"USER_ID" NUMBER(11) NOT NULL ,
"USERNAME" VARCHAR2(100 BYTE) NOT NULL ,
"EMAIL" VARCHAR2(100 BYTE) NULL ,
"PASSWORD" CHAR(32 BYTE) NOT NULL ,
"REGISTER_TIME" DATE NOT NULL ,
"REGISTER_IP" VARCHAR2(50 BYTE) DEFAULT '127.0.0.1'  NOT NULL ,
"LAST_LOGIN_TIME" DATE NOT NULL ,
"LAST_LOGIN_IP" VARCHAR2(50 BYTE) DEFAULT '127.0.0.1'  NOT NULL ,
"LOGIN_COUNT" NUMBER(11) DEFAULT 0  NOT NULL ,
"RESET_KEY" CHAR(32 BYTE) NULL ,
"RESET_PWD" VARCHAR2(10 BYTE) NULL ,
"ERROR_TIME" DATE NULL ,
"ERROR_COUNT" NUMBER(11) DEFAULT 0  NOT NULL ,
"ERROR_IP" VARCHAR2(50 BYTE) NULL ,
"ACTIVATION" NUMBER(1) DEFAULT 1  NOT NULL ,
"ACTIVATION_CODE" CHAR(32 BYTE) NULL 
)
LOGGING
NOCOMPRESS
NOCACHE

;
COMMENT ON TABLE "JEECMS"."JO_USER" IS '用户表;';
COMMENT ON COLUMN "JEECMS"."JO_USER"."USER_ID" IS '用户ID';
COMMENT ON COLUMN "JEECMS"."JO_USER"."USERNAME" IS '用户名';
COMMENT ON COLUMN "JEECMS"."JO_USER"."EMAIL" IS '电子邮箱';
COMMENT ON COLUMN "JEECMS"."JO_USER"."PASSWORD" IS '密码';
COMMENT ON COLUMN "JEECMS"."JO_USER"."REGISTER_TIME" IS '注册时间';
COMMENT ON COLUMN "JEECMS"."JO_USER"."REGISTER_IP" IS '注册IP';
COMMENT ON COLUMN "JEECMS"."JO_USER"."LAST_LOGIN_TIME" IS '最后登录时间';
COMMENT ON COLUMN "JEECMS"."JO_USER"."LAST_LOGIN_IP" IS '最后登录IP';
COMMENT ON COLUMN "JEECMS"."JO_USER"."LOGIN_COUNT" IS '登录次数';
COMMENT ON COLUMN "JEECMS"."JO_USER"."RESET_KEY" IS '重置密码KEY';
COMMENT ON COLUMN "JEECMS"."JO_USER"."RESET_PWD" IS '重置密码VALUE';
COMMENT ON COLUMN "JEECMS"."JO_USER"."ERROR_TIME" IS '登录错误时间';
COMMENT ON COLUMN "JEECMS"."JO_USER"."ERROR_COUNT" IS '登录错误次数';
COMMENT ON COLUMN "JEECMS"."JO_USER"."ERROR_IP" IS '登录错误IP';
COMMENT ON COLUMN "JEECMS"."JO_USER"."ACTIVATION" IS '激活状态';
COMMENT ON COLUMN "JEECMS"."JO_USER"."ACTIVATION_CODE" IS '激活码';

-- ----------------------------
-- Records of JO_USER
-- ----------------------------
INSERT INTO "JEECMS"."JO_USER" VALUES ('1', 'admin', 'zsjvtm@tom.com', '11752afe8cb573457bc3878bf534675e', TO_DATE('2011-01-03 00:00:00', 'YYYY-MM-DD HH24:MI:SS'), '127.0.0.1', TO_DATE('2015-11-05 22:43:56', 'YYYY-MM-DD HH24:MI:SS'), '127.0.0.1', '138', null, null, null, '0', null, '1', null);
INSERT INTO "JEECMS"."JO_USER" VALUES ('2', 'ynccsoft', 'zsjvtm@tom.com', 'c7ff9dcd0bc10ce9736aaa4f01d4e30d', TO_DATE('2015-11-05 13:27:25', 'YYYY-MM-DD HH24:MI:SS'), '127.0.0.1', TO_DATE('2015-11-05 13:57:45', 'YYYY-MM-DD HH24:MI:SS'), '183.224.85.76', '5', null, null, null, '0', null, '1', null);
INSERT INTO "JEECMS"."JO_USER" VALUES ('5', 'ynzy', 'ynzy@vip.sina.com', 'e10adc3949ba59abbe56e057f20f883e', TO_DATE('2015-11-05 22:38:18', 'YYYY-MM-DD HH24:MI:SS'), '127.0.0.1', TO_DATE('2015-11-05 22:43:15', 'YYYY-MM-DD HH24:MI:SS'), '127.0.0.1', '2', null, null, null, '0', null, '1', null);

-- ----------------------------
-- Sequence structure for S_JC_ACQUISITION
-- ----------------------------
DROP SEQUENCE "JEECMS"."S_JC_ACQUISITION";
CREATE SEQUENCE "JEECMS"."S_JC_ACQUISITION"
 INCREMENT BY 1
 MINVALUE 1
 MAXVALUE 999999999999999999999999999
 START WITH 1
 CACHE 20;

-- ----------------------------
-- Sequence structure for S_JC_ACQUISITION_HISTORY
-- ----------------------------
DROP SEQUENCE "JEECMS"."S_JC_ACQUISITION_HISTORY";
CREATE SEQUENCE "JEECMS"."S_JC_ACQUISITION_HISTORY"
 INCREMENT BY 1
 MINVALUE 1
 MAXVALUE 999999999999999999999999999
 START WITH 1
 CACHE 20;

-- ----------------------------
-- Sequence structure for S_JC_ACQUISITION_TEMP
-- ----------------------------
DROP SEQUENCE "JEECMS"."S_JC_ACQUISITION_TEMP";
CREATE SEQUENCE "JEECMS"."S_JC_ACQUISITION_TEMP"
 INCREMENT BY 1
 MINVALUE 1
 MAXVALUE 999999999999999999999999999
 START WITH 1
 CACHE 20;

-- ----------------------------
-- Sequence structure for S_JC_ADVERTISING
-- ----------------------------
DROP SEQUENCE "JEECMS"."S_JC_ADVERTISING";
CREATE SEQUENCE "JEECMS"."S_JC_ADVERTISING"
 INCREMENT BY 1
 MINVALUE 1
 MAXVALUE 999999999999999999999999999
 START WITH 6
 CACHE 20;

-- ----------------------------
-- Sequence structure for S_JC_ADVERTISING_SPACE
-- ----------------------------
DROP SEQUENCE "JEECMS"."S_JC_ADVERTISING_SPACE";
CREATE SEQUENCE "JEECMS"."S_JC_ADVERTISING_SPACE"
 INCREMENT BY 1
 MINVALUE 1
 MAXVALUE 999999999999999999999999999
 START WITH 6
 CACHE 20;

-- ----------------------------
-- Sequence structure for S_JC_CHANNEL
-- ----------------------------
DROP SEQUENCE "JEECMS"."S_JC_CHANNEL";
CREATE SEQUENCE "JEECMS"."S_JC_CHANNEL"
 INCREMENT BY 1
 MINVALUE 1
 MAXVALUE 999999999999999999999999999
 START WITH 70
 CACHE 20;

-- ----------------------------
-- Sequence structure for S_JC_COMMENT
-- ----------------------------
DROP SEQUENCE "JEECMS"."S_JC_COMMENT";
CREATE SEQUENCE "JEECMS"."S_JC_COMMENT"
 INCREMENT BY 1
 MINVALUE 1
 MAXVALUE 999999999999999999999999999
 START WITH 1
 CACHE 20;

-- ----------------------------
-- Sequence structure for S_JC_CONFIG_ITEM
-- ----------------------------
DROP SEQUENCE "JEECMS"."S_JC_CONFIG_ITEM";
CREATE SEQUENCE "JEECMS"."S_JC_CONFIG_ITEM"
 INCREMENT BY 1
 MINVALUE 1
 MAXVALUE 999999999999999999999999999
 START WITH 1
 CACHE 20;

-- ----------------------------
-- Sequence structure for S_JC_CONTENT
-- ----------------------------
DROP SEQUENCE "JEECMS"."S_JC_CONTENT";
CREATE SEQUENCE "JEECMS"."S_JC_CONTENT"
 INCREMENT BY 1
 MINVALUE 1
 MAXVALUE 999999999999999999999999999
 START WITH 580
 CACHE 20;

-- ----------------------------
-- Sequence structure for S_JC_CONTENT_SHARE_CHECK
-- ----------------------------
DROP SEQUENCE "JEECMS"."S_JC_CONTENT_SHARE_CHECK";
CREATE SEQUENCE "JEECMS"."S_JC_CONTENT_SHARE_CHECK"
 INCREMENT BY 1
 MINVALUE 1
 MAXVALUE 999999999999999999999999999
 START WITH 1
 CACHE 20;

-- ----------------------------
-- Sequence structure for S_JC_CONTENT_TAG
-- ----------------------------
DROP SEQUENCE "JEECMS"."S_JC_CONTENT_TAG";
CREATE SEQUENCE "JEECMS"."S_JC_CONTENT_TAG"
 INCREMENT BY 1
 MINVALUE 1
 MAXVALUE 999999999999999999999999999
 START WITH 220
 CACHE 20;

-- ----------------------------
-- Sequence structure for S_JC_DEPARTMENT
-- ----------------------------
DROP SEQUENCE "JEECMS"."S_JC_DEPARTMENT";
CREATE SEQUENCE "JEECMS"."S_JC_DEPARTMENT"
 INCREMENT BY 1
 MINVALUE 1
 MAXVALUE 999999999999999999999999999
 START WITH 4
 CACHE 20;

-- ----------------------------
-- Sequence structure for S_JC_DICTIONARY
-- ----------------------------
DROP SEQUENCE "JEECMS"."S_JC_DICTIONARY";
CREATE SEQUENCE "JEECMS"."S_JC_DICTIONARY"
 INCREMENT BY 1
 MINVALUE 1
 MAXVALUE 999999999999999999999999999
 START WITH 15
 CACHE 20;

-- ----------------------------
-- Sequence structure for S_JC_DIRECTIVE_TPL
-- ----------------------------
DROP SEQUENCE "JEECMS"."S_JC_DIRECTIVE_TPL";
CREATE SEQUENCE "JEECMS"."S_JC_DIRECTIVE_TPL"
 INCREMENT BY 1
 MINVALUE 1
 MAXVALUE 999999999999999999999999999
 START WITH 1
 CACHE 20;

-- ----------------------------
-- Sequence structure for S_JC_FRIENDLINK
-- ----------------------------
DROP SEQUENCE "JEECMS"."S_JC_FRIENDLINK";
CREATE SEQUENCE "JEECMS"."S_JC_FRIENDLINK"
 INCREMENT BY 1
 MINVALUE 1
 MAXVALUE 999999999999999999999999999
 START WITH 10
 CACHE 20;

-- ----------------------------
-- Sequence structure for S_JC_FRIENDLINK_CTG
-- ----------------------------
DROP SEQUENCE "JEECMS"."S_JC_FRIENDLINK_CTG";
CREATE SEQUENCE "JEECMS"."S_JC_FRIENDLINK_CTG"
 INCREMENT BY 1
 MINVALUE 1
 MAXVALUE 999999999999999999999999999
 START WITH 3
 CACHE 20;

-- ----------------------------
-- Sequence structure for S_JC_GROUP
-- ----------------------------
DROP SEQUENCE "JEECMS"."S_JC_GROUP";
CREATE SEQUENCE "JEECMS"."S_JC_GROUP"
 INCREMENT BY 1
 MINVALUE 1
 MAXVALUE 999999999999999999999999999
 START WITH 4
 CACHE 20;

-- ----------------------------
-- Sequence structure for S_JC_GUESTBOOK
-- ----------------------------
DROP SEQUENCE "JEECMS"."S_JC_GUESTBOOK";
CREATE SEQUENCE "JEECMS"."S_JC_GUESTBOOK"
 INCREMENT BY 1
 MINVALUE 1
 MAXVALUE 999999999999999999999999999
 START WITH 1
 CACHE 20;

-- ----------------------------
-- Sequence structure for S_JC_GUESTBOOK_CTG
-- ----------------------------
DROP SEQUENCE "JEECMS"."S_JC_GUESTBOOK_CTG";
CREATE SEQUENCE "JEECMS"."S_JC_GUESTBOOK_CTG"
 INCREMENT BY 1
 MINVALUE 1
 MAXVALUE 999999999999999999999999999
 START WITH 3
 CACHE 20;

-- ----------------------------
-- Sequence structure for S_JC_JOB_APPLY
-- ----------------------------
DROP SEQUENCE "JEECMS"."S_JC_JOB_APPLY";
CREATE SEQUENCE "JEECMS"."S_JC_JOB_APPLY"
 INCREMENT BY 1
 MINVALUE 1
 MAXVALUE 999999999999999999999999999
 START WITH 1
 CACHE 20;

-- ----------------------------
-- Sequence structure for S_JC_KEYWORD
-- ----------------------------
DROP SEQUENCE "JEECMS"."S_JC_KEYWORD";
CREATE SEQUENCE "JEECMS"."S_JC_KEYWORD"
 INCREMENT BY 1
 MINVALUE 1
 MAXVALUE 999999999999999999999999999
 START WITH 2
 CACHE 20;

-- ----------------------------
-- Sequence structure for S_JC_LOG
-- ----------------------------
DROP SEQUENCE "JEECMS"."S_JC_LOG";
CREATE SEQUENCE "JEECMS"."S_JC_LOG"
 INCREMENT BY 1
 MINVALUE 1
 MAXVALUE 999999999999999999999999999
 START WITH 101
 CACHE 20;

-- ----------------------------
-- Sequence structure for S_JC_MESSAGE
-- ----------------------------
DROP SEQUENCE "JEECMS"."S_JC_MESSAGE";
CREATE SEQUENCE "JEECMS"."S_JC_MESSAGE"
 INCREMENT BY 1
 MINVALUE 1
 MAXVALUE 999999999999999999999999999
 START WITH 1
 CACHE 20;

-- ----------------------------
-- Sequence structure for S_JC_MODEL_ITEM
-- ----------------------------
DROP SEQUENCE "JEECMS"."S_JC_MODEL_ITEM";
CREATE SEQUENCE "JEECMS"."S_JC_MODEL_ITEM"
 INCREMENT BY 1
 MINVALUE 1
 MAXVALUE 999999999999999999999999999
 START WITH 409
 CACHE 20;

-- ----------------------------
-- Sequence structure for S_JC_ORIGIN
-- ----------------------------
DROP SEQUENCE "JEECMS"."S_JC_ORIGIN";
CREATE SEQUENCE "JEECMS"."S_JC_ORIGIN"
 INCREMENT BY 1
 MINVALUE 1
 MAXVALUE 999999999999999999999999999
 START WITH 1
 CACHE 20;

-- ----------------------------
-- Sequence structure for S_JC_PLUG
-- ----------------------------
DROP SEQUENCE "JEECMS"."S_JC_PLUG";
CREATE SEQUENCE "JEECMS"."S_JC_PLUG"
 INCREMENT BY 1
 MINVALUE 1
 MAXVALUE 999999999999999999999999999
 START WITH 1
 CACHE 20;

-- ----------------------------
-- Sequence structure for S_JC_RECEIVER_MESSAGE
-- ----------------------------
DROP SEQUENCE "JEECMS"."S_JC_RECEIVER_MESSAGE";
CREATE SEQUENCE "JEECMS"."S_JC_RECEIVER_MESSAGE"
 INCREMENT BY 1
 MINVALUE 1
 MAXVALUE 999999999999999999999999999
 START WITH 1
 CACHE 20;

-- ----------------------------
-- Sequence structure for S_JC_ROLE
-- ----------------------------
DROP SEQUENCE "JEECMS"."S_JC_ROLE";
CREATE SEQUENCE "JEECMS"."S_JC_ROLE"
 INCREMENT BY 1
 MINVALUE 1
 MAXVALUE 999999999999999999999999999
 START WITH 4
 CACHE 20;

-- ----------------------------
-- Sequence structure for S_JC_SCORE_GROUP
-- ----------------------------
DROP SEQUENCE "JEECMS"."S_JC_SCORE_GROUP";
CREATE SEQUENCE "JEECMS"."S_JC_SCORE_GROUP"
 INCREMENT BY 1
 MINVALUE 1
 MAXVALUE 999999999999999999999999999
 START WITH 3
 CACHE 20;

-- ----------------------------
-- Sequence structure for S_JC_SCORE_ITEM
-- ----------------------------
DROP SEQUENCE "JEECMS"."S_JC_SCORE_ITEM";
CREATE SEQUENCE "JEECMS"."S_JC_SCORE_ITEM"
 INCREMENT BY 1
 MINVALUE 1
 MAXVALUE 999999999999999999999999999
 START WITH 14
 CACHE 20;

-- ----------------------------
-- Sequence structure for S_JC_SCORE_RECORD
-- ----------------------------
DROP SEQUENCE "JEECMS"."S_JC_SCORE_RECORD";
CREATE SEQUENCE "JEECMS"."S_JC_SCORE_RECORD"
 INCREMENT BY 1
 MINVALUE 1
 MAXVALUE 999999999999999999999999999
 START WITH 1
 CACHE 20;

-- ----------------------------
-- Sequence structure for S_JC_SEARCH_WORDS
-- ----------------------------
DROP SEQUENCE "JEECMS"."S_JC_SEARCH_WORDS";
CREATE SEQUENCE "JEECMS"."S_JC_SEARCH_WORDS"
 INCREMENT BY 1
 MINVALUE 1
 MAXVALUE 999999999999999999999999999
 START WITH 1
 CACHE 20;

-- ----------------------------
-- Sequence structure for S_JC_SENSITIVITY
-- ----------------------------
DROP SEQUENCE "JEECMS"."S_JC_SENSITIVITY";
CREATE SEQUENCE "JEECMS"."S_JC_SENSITIVITY"
 INCREMENT BY 1
 MINVALUE 1
 MAXVALUE 999999999999999999999999999
 START WITH 2
 CACHE 20;

-- ----------------------------
-- Sequence structure for S_JC_SITE
-- ----------------------------
DROP SEQUENCE "JEECMS"."S_JC_SITE";
CREATE SEQUENCE "JEECMS"."S_JC_SITE"
 INCREMENT BY 1
 MINVALUE 1
 MAXVALUE 999999999999999999999999999
 START WITH 22
 CACHE 20;

-- ----------------------------
-- Sequence structure for S_JC_SITE_ACCESS
-- ----------------------------
DROP SEQUENCE "JEECMS"."S_JC_SITE_ACCESS";
CREATE SEQUENCE "JEECMS"."S_JC_SITE_ACCESS"
 INCREMENT BY 1
 MINVALUE 1
 MAXVALUE 999999999999999999999999999
 START WITH 21
 CACHE 20;

-- ----------------------------
-- Sequence structure for S_JC_SITE_ACCESS_COUNT
-- ----------------------------
DROP SEQUENCE "JEECMS"."S_JC_SITE_ACCESS_COUNT";
CREATE SEQUENCE "JEECMS"."S_JC_SITE_ACCESS_COUNT"
 INCREMENT BY 1
 MINVALUE 1
 MAXVALUE 999999999999999999999999999
 START WITH 1
 CACHE 20;

-- ----------------------------
-- Sequence structure for S_JC_SITE_ACCESS_PAGES
-- ----------------------------
DROP SEQUENCE "JEECMS"."S_JC_SITE_ACCESS_PAGES";
CREATE SEQUENCE "JEECMS"."S_JC_SITE_ACCESS_PAGES"
 INCREMENT BY 1
 MINVALUE 1
 MAXVALUE 999999999999999999999999999
 START WITH 21
 CACHE 20;

-- ----------------------------
-- Sequence structure for S_JC_SITE_ACCESS_STATISTIC
-- ----------------------------
DROP SEQUENCE "JEECMS"."S_JC_SITE_ACCESS_STATISTIC";
CREATE SEQUENCE "JEECMS"."S_JC_SITE_ACCESS_STATISTIC"
 INCREMENT BY 1
 MINVALUE 1
 MAXVALUE 999999999999999999999999999
 START WITH 1
 CACHE 20;

-- ----------------------------
-- Sequence structure for S_JC_SITE_FLOW
-- ----------------------------
DROP SEQUENCE "JEECMS"."S_JC_SITE_FLOW";
CREATE SEQUENCE "JEECMS"."S_JC_SITE_FLOW"
 INCREMENT BY 1
 MINVALUE 1
 MAXVALUE 999999999999999999999999999
 START WITH 1
 CACHE 20;

-- ----------------------------
-- Sequence structure for S_JC_SITE_MODEL
-- ----------------------------
DROP SEQUENCE "JEECMS"."S_JC_SITE_MODEL";
CREATE SEQUENCE "JEECMS"."S_JC_SITE_MODEL"
 INCREMENT BY 1
 MINVALUE 1
 MAXVALUE 999999999999999999999999999
 START WITH 1
 CACHE 20;

-- ----------------------------
-- Sequence structure for S_JC_TASK
-- ----------------------------
DROP SEQUENCE "JEECMS"."S_JC_TASK";
CREATE SEQUENCE "JEECMS"."S_JC_TASK"
 INCREMENT BY 1
 MINVALUE 1
 MAXVALUE 999999999999999999999999999
 START WITH 1
 CACHE 20;

-- ----------------------------
-- Sequence structure for S_JC_THIRD_ACCOUNT
-- ----------------------------
DROP SEQUENCE "JEECMS"."S_JC_THIRD_ACCOUNT";
CREATE SEQUENCE "JEECMS"."S_JC_THIRD_ACCOUNT"
 INCREMENT BY 1
 MINVALUE 1
 MAXVALUE 999999999999999999999999999
 START WITH 1
 CACHE 20;

-- ----------------------------
-- Sequence structure for S_JC_TOPIC
-- ----------------------------
DROP SEQUENCE "JEECMS"."S_JC_TOPIC";
CREATE SEQUENCE "JEECMS"."S_JC_TOPIC"
 INCREMENT BY 1
 MINVALUE 1
 MAXVALUE 999999999999999999999999999
 START WITH 8
 CACHE 20;

-- ----------------------------
-- Sequence structure for S_JC_USER_MENU
-- ----------------------------
DROP SEQUENCE "JEECMS"."S_JC_USER_MENU";
CREATE SEQUENCE "JEECMS"."S_JC_USER_MENU"
 INCREMENT BY 1
 MINVALUE 1
 MAXVALUE 999999999999999999999999999
 START WITH 1
 CACHE 20;

-- ----------------------------
-- Sequence structure for S_JC_USER_SITE
-- ----------------------------
DROP SEQUENCE "JEECMS"."S_JC_USER_SITE";
CREATE SEQUENCE "JEECMS"."S_JC_USER_SITE"
 INCREMENT BY 1
 MINVALUE 1
 MAXVALUE 999999999999999999999999999
 START WITH 22
 CACHE 20;

-- ----------------------------
-- Sequence structure for S_JC_VOTE_ITEM
-- ----------------------------
DROP SEQUENCE "JEECMS"."S_JC_VOTE_ITEM";
CREATE SEQUENCE "JEECMS"."S_JC_VOTE_ITEM"
 INCREMENT BY 1
 MINVALUE 1
 MAXVALUE 999999999999999999999999999
 START WITH 12
 CACHE 20;

-- ----------------------------
-- Sequence structure for S_JC_VOTE_RECORD
-- ----------------------------
DROP SEQUENCE "JEECMS"."S_JC_VOTE_RECORD";
CREATE SEQUENCE "JEECMS"."S_JC_VOTE_RECORD"
 INCREMENT BY 1
 MINVALUE 1
 MAXVALUE 999999999999999999999999999
 START WITH 1
 CACHE 20;

-- ----------------------------
-- Sequence structure for S_JC_VOTE_REPLY
-- ----------------------------
DROP SEQUENCE "JEECMS"."S_JC_VOTE_REPLY";
CREATE SEQUENCE "JEECMS"."S_JC_VOTE_REPLY"
 INCREMENT BY 1
 MINVALUE 1
 MAXVALUE 999999999999999999999999999
 START WITH 1
 CACHE 20;

-- ----------------------------
-- Sequence structure for S_JC_VOTE_SUBTOPIC
-- ----------------------------
DROP SEQUENCE "JEECMS"."S_JC_VOTE_SUBTOPIC";
CREATE SEQUENCE "JEECMS"."S_JC_VOTE_SUBTOPIC"
 INCREMENT BY 1
 MINVALUE 1
 MAXVALUE 999999999999999999999999999
 START WITH 10
 CACHE 20;

-- ----------------------------
-- Sequence structure for S_JC_VOTE_TOPIC
-- ----------------------------
DROP SEQUENCE "JEECMS"."S_JC_VOTE_TOPIC";
CREATE SEQUENCE "JEECMS"."S_JC_VOTE_TOPIC"
 INCREMENT BY 1
 MINVALUE 1
 MAXVALUE 999999999999999999999999999
 START WITH 3
 CACHE 20;

-- ----------------------------
-- Sequence structure for S_JC_WEBSERVICE
-- ----------------------------
DROP SEQUENCE "JEECMS"."S_JC_WEBSERVICE";
CREATE SEQUENCE "JEECMS"."S_JC_WEBSERVICE"
 INCREMENT BY 1
 MINVALUE 1
 MAXVALUE 999999999999999999999999999
 START WITH 4
 CACHE 20;

-- ----------------------------
-- Sequence structure for S_JC_WEBSERVICE_AUTH
-- ----------------------------
DROP SEQUENCE "JEECMS"."S_JC_WEBSERVICE_AUTH";
CREATE SEQUENCE "JEECMS"."S_JC_WEBSERVICE_AUTH"
 INCREMENT BY 1
 MINVALUE 1
 MAXVALUE 999999999999999999999999999
 START WITH 2
 CACHE 20;

-- ----------------------------
-- Sequence structure for S_JC_WEBSERVICE_CALL_RECORD
-- ----------------------------
DROP SEQUENCE "JEECMS"."S_JC_WEBSERVICE_CALL_RECORD";
CREATE SEQUENCE "JEECMS"."S_JC_WEBSERVICE_CALL_RECORD"
 INCREMENT BY 1
 MINVALUE 1
 MAXVALUE 999999999999999999999999999
 START WITH 1
 CACHE 20;

-- ----------------------------
-- Sequence structure for S_JC_WORKFLOW
-- ----------------------------
DROP SEQUENCE "JEECMS"."S_JC_WORKFLOW";
CREATE SEQUENCE "JEECMS"."S_JC_WORKFLOW"
 INCREMENT BY 1
 MINVALUE 1
 MAXVALUE 999999999999999999999999999
 START WITH 2
 CACHE 20;

-- ----------------------------
-- Sequence structure for S_JC_WORKFLOW_EVENT
-- ----------------------------
DROP SEQUENCE "JEECMS"."S_JC_WORKFLOW_EVENT";
CREATE SEQUENCE "JEECMS"."S_JC_WORKFLOW_EVENT"
 INCREMENT BY 1
 MINVALUE 1
 MAXVALUE 999999999999999999999999999
 START WITH 1
 CACHE 20;

-- ----------------------------
-- Sequence structure for S_JC_WORKFLOW_EVENT_USER
-- ----------------------------
DROP SEQUENCE "JEECMS"."S_JC_WORKFLOW_EVENT_USER";
CREATE SEQUENCE "JEECMS"."S_JC_WORKFLOW_EVENT_USER"
 INCREMENT BY 1
 MINVALUE 1
 MAXVALUE 999999999999999999999999999
 START WITH 1
 CACHE 20;

-- ----------------------------
-- Sequence structure for S_JC_WORKFLOW_RECORD
-- ----------------------------
DROP SEQUENCE "JEECMS"."S_JC_WORKFLOW_RECORD";
CREATE SEQUENCE "JEECMS"."S_JC_WORKFLOW_RECORD"
 INCREMENT BY 1
 MINVALUE 1
 MAXVALUE 999999999999999999999999999
 START WITH 1
 CACHE 20;

-- ----------------------------
-- Sequence structure for S_JG_WEIXINMENU
-- ----------------------------
DROP SEQUENCE "JEECMS"."S_JG_WEIXINMENU";
CREATE SEQUENCE "JEECMS"."S_JG_WEIXINMENU"
 INCREMENT BY 1
 MINVALUE 1
 MAXVALUE 999999999999999999999999999
 START WITH 15
 CACHE 20;

-- ----------------------------
-- Sequence structure for S_JG_WEIXINMESSAGE
-- ----------------------------
DROP SEQUENCE "JEECMS"."S_JG_WEIXINMESSAGE";
CREATE SEQUENCE "JEECMS"."S_JG_WEIXINMESSAGE"
 INCREMENT BY 1
 MINVALUE 1
 MAXVALUE 999999999999999999999999999
 START WITH 3
 CACHE 20;

-- ----------------------------
-- Sequence structure for S_JO_FTP
-- ----------------------------
DROP SEQUENCE "JEECMS"."S_JO_FTP";
CREATE SEQUENCE "JEECMS"."S_JO_FTP"
 INCREMENT BY 1
 MINVALUE 1
 MAXVALUE 999999999999999999999999999
 START WITH 1
 CACHE 20;

-- ----------------------------
-- Sequence structure for S_JO_USER
-- ----------------------------
DROP SEQUENCE "JEECMS"."S_JO_USER";
CREATE SEQUENCE "JEECMS"."S_JO_USER"
 INCREMENT BY 1
 MINVALUE 1
 MAXVALUE 999999999999999999999999999
 START WITH 22
 CACHE 20;

-- ----------------------------
-- Indexes structure for table JC_ACQUISITION
-- ----------------------------
CREATE INDEX "JEECMS"."JC_ACQUISITION_CHANNEL_FK"
ON "JEECMS"."JC_ACQUISITION" ("CHANNEL_ID" ASC)
LOGGING;
CREATE INDEX "JEECMS"."JC_ACQUISITION_SITE_FK"
ON "JEECMS"."JC_ACQUISITION" ("SITE_ID" ASC)
LOGGING;
CREATE INDEX "JEECMS"."JC_ACQUISITION_TYPE_FK"
ON "JEECMS"."JC_ACQUISITION" ("TYPE_ID" ASC)
LOGGING;
CREATE INDEX "JEECMS"."JC_ACQUISITION_USER_FK"
ON "JEECMS"."JC_ACQUISITION" ("USER_ID" ASC)
LOGGING;

-- ----------------------------
-- Checks structure for table JC_ACQUISITION
-- ----------------------------
ALTER TABLE "JEECMS"."JC_ACQUISITION" ADD CHECK ("ACQUISITION_ID" IS NOT NULL);
ALTER TABLE "JEECMS"."JC_ACQUISITION" ADD CHECK ("SITE_ID" IS NOT NULL);
ALTER TABLE "JEECMS"."JC_ACQUISITION" ADD CHECK ("CHANNEL_ID" IS NOT NULL);
ALTER TABLE "JEECMS"."JC_ACQUISITION" ADD CHECK ("TYPE_ID" IS NOT NULL);
ALTER TABLE "JEECMS"."JC_ACQUISITION" ADD CHECK ("USER_ID" IS NOT NULL);
ALTER TABLE "JEECMS"."JC_ACQUISITION" ADD CHECK ("ACQ_NAME" IS NOT NULL);
ALTER TABLE "JEECMS"."JC_ACQUISITION" ADD CHECK ("STATUS" IS NOT NULL);
ALTER TABLE "JEECMS"."JC_ACQUISITION" ADD CHECK ("CURR_NUM" IS NOT NULL);
ALTER TABLE "JEECMS"."JC_ACQUISITION" ADD CHECK ("CURR_ITEM" IS NOT NULL);
ALTER TABLE "JEECMS"."JC_ACQUISITION" ADD CHECK ("TOTAL_ITEM" IS NOT NULL);
ALTER TABLE "JEECMS"."JC_ACQUISITION" ADD CHECK ("PAUSE_TIME" IS NOT NULL);
ALTER TABLE "JEECMS"."JC_ACQUISITION" ADD CHECK ("PAGE_ENCODING" IS NOT NULL);
ALTER TABLE "JEECMS"."JC_ACQUISITION" ADD CHECK ("QUEUE" IS NOT NULL);
ALTER TABLE "JEECMS"."JC_ACQUISITION" ADD CHECK ("IMG_ACQU" IS NOT NULL);

-- ----------------------------
-- Primary Key structure for table JC_ACQUISITION
-- ----------------------------
ALTER TABLE "JEECMS"."JC_ACQUISITION" ADD PRIMARY KEY ("ACQUISITION_ID");

-- ----------------------------
-- Indexes structure for table JC_ACQUISITION_HISTORY
-- ----------------------------

-- ----------------------------
-- Checks structure for table JC_ACQUISITION_HISTORY
-- ----------------------------
ALTER TABLE "JEECMS"."JC_ACQUISITION_HISTORY" ADD CHECK ("HISTORY_ID" IS NOT NULL);
ALTER TABLE "JEECMS"."JC_ACQUISITION_HISTORY" ADD CHECK ("CHANNEL_URL" IS NOT NULL);
ALTER TABLE "JEECMS"."JC_ACQUISITION_HISTORY" ADD CHECK ("CONTENT_URL" IS NOT NULL);
ALTER TABLE "JEECMS"."JC_ACQUISITION_HISTORY" ADD CHECK ("DESCRIPTION" IS NOT NULL);

-- ----------------------------
-- Primary Key structure for table JC_ACQUISITION_HISTORY
-- ----------------------------
ALTER TABLE "JEECMS"."JC_ACQUISITION_HISTORY" ADD PRIMARY KEY ("HISTORY_ID");

-- ----------------------------
-- Indexes structure for table JC_ACQUISITION_TEMP
-- ----------------------------

-- ----------------------------
-- Checks structure for table JC_ACQUISITION_TEMP
-- ----------------------------
ALTER TABLE "JEECMS"."JC_ACQUISITION_TEMP" ADD CHECK ("TEMP_ID" IS NOT NULL);
ALTER TABLE "JEECMS"."JC_ACQUISITION_TEMP" ADD CHECK ("CHANNEL_URL" IS NOT NULL);
ALTER TABLE "JEECMS"."JC_ACQUISITION_TEMP" ADD CHECK ("CONTENT_URL" IS NOT NULL);
ALTER TABLE "JEECMS"."JC_ACQUISITION_TEMP" ADD CHECK ("FINISH_PERCENT" IS NOT NULL);
ALTER TABLE "JEECMS"."JC_ACQUISITION_TEMP" ADD CHECK ("DESCRIPTION" IS NOT NULL);
ALTER TABLE "JEECMS"."JC_ACQUISITION_TEMP" ADD CHECK ("SEQ" IS NOT NULL);

-- ----------------------------
-- Primary Key structure for table JC_ACQUISITION_TEMP
-- ----------------------------
ALTER TABLE "JEECMS"."JC_ACQUISITION_TEMP" ADD PRIMARY KEY ("TEMP_ID");

-- ----------------------------
-- Indexes structure for table JC_ADVERTISING
-- ----------------------------

-- ----------------------------
-- Checks structure for table JC_ADVERTISING
-- ----------------------------
ALTER TABLE "JEECMS"."JC_ADVERTISING" ADD CHECK ("ADVERTISING_ID" IS NOT NULL);
ALTER TABLE "JEECMS"."JC_ADVERTISING" ADD CHECK ("ADSPACE_ID" IS NOT NULL);
ALTER TABLE "JEECMS"."JC_ADVERTISING" ADD CHECK ("SITE_ID" IS NOT NULL);
ALTER TABLE "JEECMS"."JC_ADVERTISING" ADD CHECK ("AD_NAME" IS NOT NULL);
ALTER TABLE "JEECMS"."JC_ADVERTISING" ADD CHECK ("CATEGORY" IS NOT NULL);
ALTER TABLE "JEECMS"."JC_ADVERTISING" ADD CHECK ("AD_WEIGHT" IS NOT NULL);
ALTER TABLE "JEECMS"."JC_ADVERTISING" ADD CHECK ("DISPLAY_COUNT" IS NOT NULL);
ALTER TABLE "JEECMS"."JC_ADVERTISING" ADD CHECK ("CLICK_COUNT" IS NOT NULL);
ALTER TABLE "JEECMS"."JC_ADVERTISING" ADD CHECK ("IS_ENABLED" IS NOT NULL);

-- ----------------------------
-- Primary Key structure for table JC_ADVERTISING
-- ----------------------------
ALTER TABLE "JEECMS"."JC_ADVERTISING" ADD PRIMARY KEY ("ADVERTISING_ID");

-- ----------------------------
-- Checks structure for table JC_ADVERTISING_ATTR
-- ----------------------------
ALTER TABLE "JEECMS"."JC_ADVERTISING_ATTR" ADD CHECK ("ADVERTISING_ID" IS NOT NULL);
ALTER TABLE "JEECMS"."JC_ADVERTISING_ATTR" ADD CHECK ("ATTR_NAME" IS NOT NULL);

-- ----------------------------
-- Indexes structure for table JC_ADVERTISING_SPACE
-- ----------------------------

-- ----------------------------
-- Checks structure for table JC_ADVERTISING_SPACE
-- ----------------------------
ALTER TABLE "JEECMS"."JC_ADVERTISING_SPACE" ADD CHECK ("ADSPACE_ID" IS NOT NULL);
ALTER TABLE "JEECMS"."JC_ADVERTISING_SPACE" ADD CHECK ("SITE_ID" IS NOT NULL);
ALTER TABLE "JEECMS"."JC_ADVERTISING_SPACE" ADD CHECK ("AD_NAME" IS NOT NULL);
ALTER TABLE "JEECMS"."JC_ADVERTISING_SPACE" ADD CHECK ("IS_ENABLED" IS NOT NULL);

-- ----------------------------
-- Primary Key structure for table JC_ADVERTISING_SPACE
-- ----------------------------
ALTER TABLE "JEECMS"."JC_ADVERTISING_SPACE" ADD PRIMARY KEY ("ADSPACE_ID");

-- ----------------------------
-- Indexes structure for table JC_CHANNEL
-- ----------------------------
CREATE INDEX "JEECMS"."JC_CHANNEL_MODEL_FK"
ON "JEECMS"."JC_CHANNEL" ("MODEL_ID" ASC)
LOGGING;
CREATE INDEX "JEECMS"."JC_CHANNEL_PARENT_FK"
ON "JEECMS"."JC_CHANNEL" ("PARENT_ID" ASC)
LOGGING;
CREATE INDEX "JEECMS"."JC_CHANNEL_SITE_FK"
ON "JEECMS"."JC_CHANNEL" ("SITE_ID" ASC)
LOGGING;
CREATE INDEX "JEECMS"."JC_CHANNEL_WORKFLOW_FK"
ON "JEECMS"."JC_CHANNEL" ("WORKFLOW_ID" ASC)
LOGGING;

-- ----------------------------
-- Checks structure for table JC_CHANNEL
-- ----------------------------
ALTER TABLE "JEECMS"."JC_CHANNEL" ADD CHECK ("CHANNEL_ID" IS NOT NULL);
ALTER TABLE "JEECMS"."JC_CHANNEL" ADD CHECK ("MODEL_ID" IS NOT NULL);
ALTER TABLE "JEECMS"."JC_CHANNEL" ADD CHECK ("SITE_ID" IS NOT NULL);
ALTER TABLE "JEECMS"."JC_CHANNEL" ADD CHECK ("LFT" IS NOT NULL);
ALTER TABLE "JEECMS"."JC_CHANNEL" ADD CHECK ("RGT" IS NOT NULL);
ALTER TABLE "JEECMS"."JC_CHANNEL" ADD CHECK ("PRIORITY" IS NOT NULL);
ALTER TABLE "JEECMS"."JC_CHANNEL" ADD CHECK ("HAS_CONTENT" IS NOT NULL);
ALTER TABLE "JEECMS"."JC_CHANNEL" ADD CHECK ("IS_DISPLAY" IS NOT NULL);

-- ----------------------------
-- Primary Key structure for table JC_CHANNEL
-- ----------------------------
ALTER TABLE "JEECMS"."JC_CHANNEL" ADD PRIMARY KEY ("CHANNEL_ID");

-- ----------------------------
-- Indexes structure for table JC_CHANNEL_ATTR
-- ----------------------------
CREATE INDEX "JEECMS"."JC_ATTR_CHANNEL_FK"
ON "JEECMS"."JC_CHANNEL_ATTR" ("CHANNEL_ID" ASC)
LOGGING;

-- ----------------------------
-- Checks structure for table JC_CHANNEL_ATTR
-- ----------------------------
ALTER TABLE "JEECMS"."JC_CHANNEL_ATTR" ADD CHECK ("CHANNEL_ID" IS NOT NULL);
ALTER TABLE "JEECMS"."JC_CHANNEL_ATTR" ADD CHECK ("ATTR_NAME" IS NOT NULL);

-- ----------------------------
-- Indexes structure for table JC_CHANNEL_COUNT
-- ----------------------------

-- ----------------------------
-- Checks structure for table JC_CHANNEL_COUNT
-- ----------------------------
ALTER TABLE "JEECMS"."JC_CHANNEL_COUNT" ADD CHECK ("CHANNEL_ID" IS NOT NULL);
ALTER TABLE "JEECMS"."JC_CHANNEL_COUNT" ADD CHECK ("VIEWS" IS NOT NULL);
ALTER TABLE "JEECMS"."JC_CHANNEL_COUNT" ADD CHECK ("VIEWS_MONTH" IS NOT NULL);
ALTER TABLE "JEECMS"."JC_CHANNEL_COUNT" ADD CHECK ("VIEWS_WEEK" IS NOT NULL);
ALTER TABLE "JEECMS"."JC_CHANNEL_COUNT" ADD CHECK ("VIEWS_DAY" IS NOT NULL);

-- ----------------------------
-- Primary Key structure for table JC_CHANNEL_COUNT
-- ----------------------------
ALTER TABLE "JEECMS"."JC_CHANNEL_COUNT" ADD PRIMARY KEY ("CHANNEL_ID");

-- ----------------------------
-- Indexes structure for table JC_CHANNEL_DEPART_CONTROL
-- ----------------------------

-- ----------------------------
-- Checks structure for table JC_CHANNEL_DEPART_CONTROL
-- ----------------------------
ALTER TABLE "JEECMS"."JC_CHANNEL_DEPART_CONTROL" ADD CHECK ("CHANNEL_ID" IS NOT NULL);
ALTER TABLE "JEECMS"."JC_CHANNEL_DEPART_CONTROL" ADD CHECK ("DEPARTMENT_ID" IS NOT NULL);

-- ----------------------------
-- Primary Key structure for table JC_CHANNEL_DEPART_CONTROL
-- ----------------------------
ALTER TABLE "JEECMS"."JC_CHANNEL_DEPART_CONTROL" ADD PRIMARY KEY ("CHANNEL_ID", "DEPARTMENT_ID");

-- ----------------------------
-- Indexes structure for table JC_CHANNEL_DEPARTMENT
-- ----------------------------

-- ----------------------------
-- Checks structure for table JC_CHANNEL_DEPARTMENT
-- ----------------------------
ALTER TABLE "JEECMS"."JC_CHANNEL_DEPARTMENT" ADD CHECK ("CHANNEL_ID" IS NOT NULL);
ALTER TABLE "JEECMS"."JC_CHANNEL_DEPARTMENT" ADD CHECK ("DEPARTMENT_ID" IS NOT NULL);

-- ----------------------------
-- Primary Key structure for table JC_CHANNEL_DEPARTMENT
-- ----------------------------
ALTER TABLE "JEECMS"."JC_CHANNEL_DEPARTMENT" ADD PRIMARY KEY ("CHANNEL_ID", "DEPARTMENT_ID");

-- ----------------------------
-- Indexes structure for table JC_CHANNEL_EXT
-- ----------------------------

-- ----------------------------
-- Checks structure for table JC_CHANNEL_EXT
-- ----------------------------
ALTER TABLE "JEECMS"."JC_CHANNEL_EXT" ADD CHECK ("CHANNEL_ID" IS NOT NULL);
ALTER TABLE "JEECMS"."JC_CHANNEL_EXT" ADD CHECK ("CHANNEL_NAME" IS NOT NULL);
ALTER TABLE "JEECMS"."JC_CHANNEL_EXT" ADD CHECK ("IS_STATIC_CHANNEL" IS NOT NULL);
ALTER TABLE "JEECMS"."JC_CHANNEL_EXT" ADD CHECK ("IS_STATIC_CONTENT" IS NOT NULL);
ALTER TABLE "JEECMS"."JC_CHANNEL_EXT" ADD CHECK ("IS_ACCESS_BY_DIR" IS NOT NULL);
ALTER TABLE "JEECMS"."JC_CHANNEL_EXT" ADD CHECK ("IS_LIST_CHILD" IS NOT NULL);
ALTER TABLE "JEECMS"."JC_CHANNEL_EXT" ADD CHECK ("PAGE_SIZE" IS NOT NULL);
ALTER TABLE "JEECMS"."JC_CHANNEL_EXT" ADD CHECK ("HAS_TITLE_IMG" IS NOT NULL);
ALTER TABLE "JEECMS"."JC_CHANNEL_EXT" ADD CHECK ("HAS_CONTENT_IMG" IS NOT NULL);
ALTER TABLE "JEECMS"."JC_CHANNEL_EXT" ADD CHECK ("TITLE_IMG_WIDTH" IS NOT NULL);
ALTER TABLE "JEECMS"."JC_CHANNEL_EXT" ADD CHECK ("TITLE_IMG_HEIGHT" IS NOT NULL);
ALTER TABLE "JEECMS"."JC_CHANNEL_EXT" ADD CHECK ("CONTENT_IMG_WIDTH" IS NOT NULL);
ALTER TABLE "JEECMS"."JC_CHANNEL_EXT" ADD CHECK ("CONTENT_IMG_HEIGHT" IS NOT NULL);
ALTER TABLE "JEECMS"."JC_CHANNEL_EXT" ADD CHECK ("COMMENT_CONTROL" IS NOT NULL);
ALTER TABLE "JEECMS"."JC_CHANNEL_EXT" ADD CHECK ("ALLOW_UPDOWN" IS NOT NULL);
ALTER TABLE "JEECMS"."JC_CHANNEL_EXT" ADD CHECK ("IS_BLANK" IS NOT NULL);
ALTER TABLE "JEECMS"."JC_CHANNEL_EXT" ADD CHECK ("ALLOW_SHARE" IS NOT NULL);
ALTER TABLE "JEECMS"."JC_CHANNEL_EXT" ADD CHECK ("ALLOW_SCORE" IS NOT NULL);

-- ----------------------------
-- Primary Key structure for table JC_CHANNEL_EXT
-- ----------------------------
ALTER TABLE "JEECMS"."JC_CHANNEL_EXT" ADD PRIMARY KEY ("CHANNEL_ID");

-- ----------------------------
-- Indexes structure for table JC_CHANNEL_MODEL
-- ----------------------------
CREATE INDEX "JEECMS"."JC_MODEL_CHANNEL_FK"
ON "JEECMS"."JC_CHANNEL_MODEL" ("MODEL_ID" ASC)
LOGGING;

-- ----------------------------
-- Checks structure for table JC_CHANNEL_MODEL
-- ----------------------------
ALTER TABLE "JEECMS"."JC_CHANNEL_MODEL" ADD CHECK ("CHANNEL_ID" IS NOT NULL);
ALTER TABLE "JEECMS"."JC_CHANNEL_MODEL" ADD CHECK ("MODEL_ID" IS NOT NULL);
ALTER TABLE "JEECMS"."JC_CHANNEL_MODEL" ADD CHECK ("PRIORITY" IS NOT NULL);

-- ----------------------------
-- Primary Key structure for table JC_CHANNEL_MODEL
-- ----------------------------
ALTER TABLE "JEECMS"."JC_CHANNEL_MODEL" ADD PRIMARY KEY ("CHANNEL_ID", "PRIORITY");

-- ----------------------------
-- Indexes structure for table JC_CHANNEL_TXT
-- ----------------------------

-- ----------------------------
-- Checks structure for table JC_CHANNEL_TXT
-- ----------------------------
ALTER TABLE "JEECMS"."JC_CHANNEL_TXT" ADD CHECK ("CHANNEL_ID" IS NOT NULL);

-- ----------------------------
-- Primary Key structure for table JC_CHANNEL_TXT
-- ----------------------------
ALTER TABLE "JEECMS"."JC_CHANNEL_TXT" ADD PRIMARY KEY ("CHANNEL_ID");

-- ----------------------------
-- Indexes structure for table JC_CHANNEL_USER
-- ----------------------------
CREATE INDEX "JEECMS"."JC_CHANNEL_USER_FK"
ON "JEECMS"."JC_CHANNEL_USER" ("CHANNEL_ID" ASC)
LOGGING;
CREATE INDEX "JEECMS"."JC_USER_CHANNEL_FK"
ON "JEECMS"."JC_CHANNEL_USER" ("USER_ID" ASC)
LOGGING;

-- ----------------------------
-- Checks structure for table JC_CHANNEL_USER
-- ----------------------------
ALTER TABLE "JEECMS"."JC_CHANNEL_USER" ADD CHECK ("CHANNEL_ID" IS NOT NULL);
ALTER TABLE "JEECMS"."JC_CHANNEL_USER" ADD CHECK ("USER_ID" IS NOT NULL);

-- ----------------------------
-- Primary Key structure for table JC_CHANNEL_USER
-- ----------------------------
ALTER TABLE "JEECMS"."JC_CHANNEL_USER" ADD PRIMARY KEY ("CHANNEL_ID", "USER_ID");

-- ----------------------------
-- Indexes structure for table JC_CHNL_GROUP_CONTRI
-- ----------------------------
CREATE INDEX "JEECMS"."JC_CHNL_GROUP_CONTRI_FK"
ON "JEECMS"."JC_CHNL_GROUP_CONTRI" ("CHANNEL_ID" ASC)
LOGGING;
CREATE INDEX "JEECMS"."JC_GROUP_CHNL_CONTRI_FK"
ON "JEECMS"."JC_CHNL_GROUP_CONTRI" ("GROUP_ID" ASC)
LOGGING;

-- ----------------------------
-- Checks structure for table JC_CHNL_GROUP_CONTRI
-- ----------------------------
ALTER TABLE "JEECMS"."JC_CHNL_GROUP_CONTRI" ADD CHECK ("CHANNEL_ID" IS NOT NULL);
ALTER TABLE "JEECMS"."JC_CHNL_GROUP_CONTRI" ADD CHECK ("GROUP_ID" IS NOT NULL);

-- ----------------------------
-- Primary Key structure for table JC_CHNL_GROUP_CONTRI
-- ----------------------------
ALTER TABLE "JEECMS"."JC_CHNL_GROUP_CONTRI" ADD PRIMARY KEY ("CHANNEL_ID", "GROUP_ID");

-- ----------------------------
-- Indexes structure for table JC_CHNL_GROUP_VIEW
-- ----------------------------
CREATE INDEX "JEECMS"."JC_CHNL_GROUP_VIEW_FK"
ON "JEECMS"."JC_CHNL_GROUP_VIEW" ("CHANNEL_ID" ASC)
LOGGING;
CREATE INDEX "JEECMS"."JC_GROUP_CHNL_VIEW_FK"
ON "JEECMS"."JC_CHNL_GROUP_VIEW" ("GROUP_ID" ASC)
LOGGING;

-- ----------------------------
-- Checks structure for table JC_CHNL_GROUP_VIEW
-- ----------------------------
ALTER TABLE "JEECMS"."JC_CHNL_GROUP_VIEW" ADD CHECK ("CHANNEL_ID" IS NOT NULL);
ALTER TABLE "JEECMS"."JC_CHNL_GROUP_VIEW" ADD CHECK ("GROUP_ID" IS NOT NULL);

-- ----------------------------
-- Primary Key structure for table JC_CHNL_GROUP_VIEW
-- ----------------------------
ALTER TABLE "JEECMS"."JC_CHNL_GROUP_VIEW" ADD PRIMARY KEY ("CHANNEL_ID", "GROUP_ID");

-- ----------------------------
-- Indexes structure for table JC_COMMENT
-- ----------------------------
CREATE INDEX "JEECMS"."JC_COMMENT_CONTENT_FK"
ON "JEECMS"."JC_COMMENT" ("CONTENT_ID" ASC)
LOGGING;
CREATE INDEX "JEECMS"."JC_COMMENT_REPLAY_FK"
ON "JEECMS"."JC_COMMENT" ("REPLY_USER_ID" ASC)
LOGGING;
CREATE INDEX "JEECMS"."JC_COMMENT_SITE_FK"
ON "JEECMS"."JC_COMMENT" ("SITE_ID" ASC)
LOGGING;
CREATE INDEX "JEECMS"."JC_COMMENT_USER_FK"
ON "JEECMS"."JC_COMMENT" ("COMMENT_USER_ID" ASC)
LOGGING;

-- ----------------------------
-- Checks structure for table JC_COMMENT
-- ----------------------------
ALTER TABLE "JEECMS"."JC_COMMENT" ADD CHECK ("COMMENT_ID" IS NOT NULL);
ALTER TABLE "JEECMS"."JC_COMMENT" ADD CHECK ("CONTENT_ID" IS NOT NULL);
ALTER TABLE "JEECMS"."JC_COMMENT" ADD CHECK ("SITE_ID" IS NOT NULL);
ALTER TABLE "JEECMS"."JC_COMMENT" ADD CHECK ("CREATE_TIME" IS NOT NULL);
ALTER TABLE "JEECMS"."JC_COMMENT" ADD CHECK ("UPS" IS NOT NULL);
ALTER TABLE "JEECMS"."JC_COMMENT" ADD CHECK ("DOWNS" IS NOT NULL);
ALTER TABLE "JEECMS"."JC_COMMENT" ADD CHECK ("IS_RECOMMEND" IS NOT NULL);
ALTER TABLE "JEECMS"."JC_COMMENT" ADD CHECK ("IS_CHECKED" IS NOT NULL);

-- ----------------------------
-- Primary Key structure for table JC_COMMENT
-- ----------------------------
ALTER TABLE "JEECMS"."JC_COMMENT" ADD PRIMARY KEY ("COMMENT_ID");

-- ----------------------------
-- Checks structure for table JC_COMMENT_EXT
-- ----------------------------
ALTER TABLE "JEECMS"."JC_COMMENT_EXT" ADD CHECK ("COMMENT_ID" IS NOT NULL);

-- ----------------------------
-- Indexes structure for table JC_CONFIG
-- ----------------------------

-- ----------------------------
-- Checks structure for table JC_CONFIG
-- ----------------------------
ALTER TABLE "JEECMS"."JC_CONFIG" ADD CHECK ("CONFIG_ID" IS NOT NULL);
ALTER TABLE "JEECMS"."JC_CONFIG" ADD CHECK ("DB_FILE_URI" IS NOT NULL);
ALTER TABLE "JEECMS"."JC_CONFIG" ADD CHECK ("IS_UPLOAD_TO_DB" IS NOT NULL);
ALTER TABLE "JEECMS"."JC_CONFIG" ADD CHECK ("DEF_IMG" IS NOT NULL);
ALTER TABLE "JEECMS"."JC_CONFIG" ADD CHECK ("LOGIN_URL" IS NOT NULL);
ALTER TABLE "JEECMS"."JC_CONFIG" ADD CHECK ("MARK_ON" IS NOT NULL);
ALTER TABLE "JEECMS"."JC_CONFIG" ADD CHECK ("MARK_WIDTH" IS NOT NULL);
ALTER TABLE "JEECMS"."JC_CONFIG" ADD CHECK ("MARK_HEIGHT" IS NOT NULL);
ALTER TABLE "JEECMS"."JC_CONFIG" ADD CHECK ("MARK_CONTENT" IS NOT NULL);
ALTER TABLE "JEECMS"."JC_CONFIG" ADD CHECK ("MARK_SIZE" IS NOT NULL);
ALTER TABLE "JEECMS"."JC_CONFIG" ADD CHECK ("MARK_COLOR" IS NOT NULL);
ALTER TABLE "JEECMS"."JC_CONFIG" ADD CHECK ("MARK_ALPHA" IS NOT NULL);
ALTER TABLE "JEECMS"."JC_CONFIG" ADD CHECK ("MARK_POSITION" IS NOT NULL);
ALTER TABLE "JEECMS"."JC_CONFIG" ADD CHECK ("MARK_OFFSET_X" IS NOT NULL);
ALTER TABLE "JEECMS"."JC_CONFIG" ADD CHECK ("MARK_OFFSET_Y" IS NOT NULL);
ALTER TABLE "JEECMS"."JC_CONFIG" ADD CHECK ("COUNT_CLEAR_TIME" IS NOT NULL);
ALTER TABLE "JEECMS"."JC_CONFIG" ADD CHECK ("COUNT_COPY_TIME" IS NOT NULL);
ALTER TABLE "JEECMS"."JC_CONFIG" ADD CHECK ("DOWNLOAD_CODE" IS NOT NULL);
ALTER TABLE "JEECMS"."JC_CONFIG" ADD CHECK ("DOWNLOAD_TIME" IS NOT NULL);
ALTER TABLE "JEECMS"."JC_CONFIG" ADD CHECK ("OFFICE_HOME" IS NOT NULL);
ALTER TABLE "JEECMS"."JC_CONFIG" ADD CHECK ("OFFICE_PORT" IS NOT NULL);
ALTER TABLE "JEECMS"."JC_CONFIG" ADD CHECK ("SWFTOOLS_HOME" IS NOT NULL);
ALTER TABLE "JEECMS"."JC_CONFIG" ADD CHECK ("VIEW_ONLY_CHECKED" IS NOT NULL);
ALTER TABLE "JEECMS"."JC_CONFIG" ADD CHECK ("INSIDE_SITE" IS NOT NULL);

-- ----------------------------
-- Primary Key structure for table JC_CONFIG
-- ----------------------------
ALTER TABLE "JEECMS"."JC_CONFIG" ADD PRIMARY KEY ("CONFIG_ID");

-- ----------------------------
-- Indexes structure for table JC_CONFIG_ATTR
-- ----------------------------
CREATE INDEX "JEECMS"."JC_ATTR_CONFIG_FK"
ON "JEECMS"."JC_CONFIG_ATTR" ("CONFIG_ID" ASC)
LOGGING;

-- ----------------------------
-- Checks structure for table JC_CONFIG_ATTR
-- ----------------------------
ALTER TABLE "JEECMS"."JC_CONFIG_ATTR" ADD CHECK ("CONFIG_ID" IS NOT NULL);
ALTER TABLE "JEECMS"."JC_CONFIG_ATTR" ADD CHECK ("ATTR_NAME" IS NOT NULL);

-- ----------------------------
-- Indexes structure for table JC_CONFIG_ITEM
-- ----------------------------

-- ----------------------------
-- Checks structure for table JC_CONFIG_ITEM
-- ----------------------------
ALTER TABLE "JEECMS"."JC_CONFIG_ITEM" ADD CHECK ("MODELITEM_ID" IS NOT NULL);
ALTER TABLE "JEECMS"."JC_CONFIG_ITEM" ADD CHECK ("CONFIG_ID" IS NOT NULL);
ALTER TABLE "JEECMS"."JC_CONFIG_ITEM" ADD CHECK ("FIELD" IS NOT NULL);
ALTER TABLE "JEECMS"."JC_CONFIG_ITEM" ADD CHECK ("ITEM_LABEL" IS NOT NULL);
ALTER TABLE "JEECMS"."JC_CONFIG_ITEM" ADD CHECK ("PRIORITY" IS NOT NULL);
ALTER TABLE "JEECMS"."JC_CONFIG_ITEM" ADD CHECK ("DATA_TYPE" IS NOT NULL);
ALTER TABLE "JEECMS"."JC_CONFIG_ITEM" ADD CHECK ("IS_REQUIRED" IS NOT NULL);
ALTER TABLE "JEECMS"."JC_CONFIG_ITEM" ADD CHECK ("CATEGORY" IS NOT NULL);

-- ----------------------------
-- Primary Key structure for table JC_CONFIG_ITEM
-- ----------------------------
ALTER TABLE "JEECMS"."JC_CONFIG_ITEM" ADD PRIMARY KEY ("MODELITEM_ID");

-- ----------------------------
-- Indexes structure for table JC_CONTENT
-- ----------------------------
CREATE INDEX "JEECMS"."JC_CONTENTCHANNEL_FK"
ON "JEECMS"."JC_CONTENT" ("CHANNEL_ID" ASC)
LOGGING;
CREATE INDEX "JEECMS"."JC_CONTENT_SITE_FK"
ON "JEECMS"."JC_CONTENT" ("SITE_ID" ASC)
LOGGING;
CREATE INDEX "JEECMS"."JC_CONTENT_TYPE_FK"
ON "JEECMS"."JC_CONTENT" ("TYPE_ID" ASC)
LOGGING;
CREATE INDEX "JEECMS"."JC_CONTENT_USER_FK"
ON "JEECMS"."JC_CONTENT" ("USER_ID" ASC)
LOGGING;
CREATE INDEX "JEECMS"."JC_MODEL_CONTENT_FK"
ON "JEECMS"."JC_CONTENT" ("MODEL_ID" ASC)
LOGGING;

-- ----------------------------
-- Checks structure for table JC_CONTENT
-- ----------------------------
ALTER TABLE "JEECMS"."JC_CONTENT" ADD CHECK ("CONTENT_ID" IS NOT NULL);
ALTER TABLE "JEECMS"."JC_CONTENT" ADD CHECK ("CHANNEL_ID" IS NOT NULL);
ALTER TABLE "JEECMS"."JC_CONTENT" ADD CHECK ("USER_ID" IS NOT NULL);
ALTER TABLE "JEECMS"."JC_CONTENT" ADD CHECK ("TYPE_ID" IS NOT NULL);
ALTER TABLE "JEECMS"."JC_CONTENT" ADD CHECK ("MODEL_ID" IS NOT NULL);
ALTER TABLE "JEECMS"."JC_CONTENT" ADD CHECK ("SITE_ID" IS NOT NULL);
ALTER TABLE "JEECMS"."JC_CONTENT" ADD CHECK ("SORT_DATE" IS NOT NULL);
ALTER TABLE "JEECMS"."JC_CONTENT" ADD CHECK ("TOP_LEVEL" IS NOT NULL);
ALTER TABLE "JEECMS"."JC_CONTENT" ADD CHECK ("HAS_TITLE_IMG" IS NOT NULL);
ALTER TABLE "JEECMS"."JC_CONTENT" ADD CHECK ("IS_RECOMMEND" IS NOT NULL);
ALTER TABLE "JEECMS"."JC_CONTENT" ADD CHECK ("STATUS" IS NOT NULL);
ALTER TABLE "JEECMS"."JC_CONTENT" ADD CHECK ("VIEWS_DAY" IS NOT NULL);
ALTER TABLE "JEECMS"."JC_CONTENT" ADD CHECK ("COMMENTS_DAY" IS NOT NULL);
ALTER TABLE "JEECMS"."JC_CONTENT" ADD CHECK ("DOWNLOADS_DAY" IS NOT NULL);
ALTER TABLE "JEECMS"."JC_CONTENT" ADD CHECK ("UPS_DAY" IS NOT NULL);
ALTER TABLE "JEECMS"."JC_CONTENT" ADD CHECK ("SCORE" IS NOT NULL);

-- ----------------------------
-- Primary Key structure for table JC_CONTENT
-- ----------------------------
ALTER TABLE "JEECMS"."JC_CONTENT" ADD PRIMARY KEY ("CONTENT_ID");

-- ----------------------------
-- Indexes structure for table JC_CONTENT_ATTACHMENT
-- ----------------------------
CREATE INDEX "JEECMS"."JC_ATTACHMENT_CONTENT_FK"
ON "JEECMS"."JC_CONTENT_ATTACHMENT" ("CONTENT_ID" ASC)
LOGGING;

-- ----------------------------
-- Checks structure for table JC_CONTENT_ATTACHMENT
-- ----------------------------
ALTER TABLE "JEECMS"."JC_CONTENT_ATTACHMENT" ADD CHECK ("CONTENT_ID" IS NOT NULL);
ALTER TABLE "JEECMS"."JC_CONTENT_ATTACHMENT" ADD CHECK ("PRIORITY" IS NOT NULL);
ALTER TABLE "JEECMS"."JC_CONTENT_ATTACHMENT" ADD CHECK ("ATTACHMENT_PATH" IS NOT NULL);
ALTER TABLE "JEECMS"."JC_CONTENT_ATTACHMENT" ADD CHECK ("ATTACHMENT_NAME" IS NOT NULL);
ALTER TABLE "JEECMS"."JC_CONTENT_ATTACHMENT" ADD CHECK ("DOWNLOAD_COUNT" IS NOT NULL);

-- ----------------------------
-- Indexes structure for table JC_CONTENT_ATTR
-- ----------------------------
CREATE INDEX "JEECMS"."JC_ATTR_CONTENT_FK"
ON "JEECMS"."JC_CONTENT_ATTR" ("CONTENT_ID" ASC)
LOGGING;

-- ----------------------------
-- Checks structure for table JC_CONTENT_ATTR
-- ----------------------------
ALTER TABLE "JEECMS"."JC_CONTENT_ATTR" ADD CHECK ("CONTENT_ID" IS NOT NULL);
ALTER TABLE "JEECMS"."JC_CONTENT_ATTR" ADD CHECK ("ATTR_NAME" IS NOT NULL);

-- ----------------------------
-- Indexes structure for table JC_CONTENT_CHANNEL
-- ----------------------------
CREATE INDEX "JEECMS"."JC_CHANNEL_CONTENT_FK"
ON "JEECMS"."JC_CONTENT_CHANNEL" ("CHANNEL_ID" ASC)
LOGGING;
CREATE INDEX "JEECMS"."JC_CONTENT_CHANNEL_FK"
ON "JEECMS"."JC_CONTENT_CHANNEL" ("CONTENT_ID" ASC)
LOGGING;

-- ----------------------------
-- Checks structure for table JC_CONTENT_CHANNEL
-- ----------------------------
ALTER TABLE "JEECMS"."JC_CONTENT_CHANNEL" ADD CHECK ("CHANNEL_ID" IS NOT NULL);
ALTER TABLE "JEECMS"."JC_CONTENT_CHANNEL" ADD CHECK ("CONTENT_ID" IS NOT NULL);

-- ----------------------------
-- Primary Key structure for table JC_CONTENT_CHANNEL
-- ----------------------------
ALTER TABLE "JEECMS"."JC_CONTENT_CHANNEL" ADD PRIMARY KEY ("CHANNEL_ID", "CONTENT_ID");

-- ----------------------------
-- Indexes structure for table JC_CONTENT_CHECK
-- ----------------------------

-- ----------------------------
-- Checks structure for table JC_CONTENT_CHECK
-- ----------------------------
ALTER TABLE "JEECMS"."JC_CONTENT_CHECK" ADD CHECK ("CONTENT_ID" IS NOT NULL);
ALTER TABLE "JEECMS"."JC_CONTENT_CHECK" ADD CHECK ("CHECK_STEP" IS NOT NULL);
ALTER TABLE "JEECMS"."JC_CONTENT_CHECK" ADD CHECK ("IS_REJECTED" IS NOT NULL);

-- ----------------------------
-- Primary Key structure for table JC_CONTENT_CHECK
-- ----------------------------
ALTER TABLE "JEECMS"."JC_CONTENT_CHECK" ADD PRIMARY KEY ("CONTENT_ID");

-- ----------------------------
-- Indexes structure for table JC_CONTENT_COUNT
-- ----------------------------

-- ----------------------------
-- Checks structure for table JC_CONTENT_COUNT
-- ----------------------------
ALTER TABLE "JEECMS"."JC_CONTENT_COUNT" ADD CHECK ("CONTENT_ID" IS NOT NULL);
ALTER TABLE "JEECMS"."JC_CONTENT_COUNT" ADD CHECK ("VIEWS" IS NOT NULL);
ALTER TABLE "JEECMS"."JC_CONTENT_COUNT" ADD CHECK ("VIEWS_MONTH" IS NOT NULL);
ALTER TABLE "JEECMS"."JC_CONTENT_COUNT" ADD CHECK ("VIEWS_WEEK" IS NOT NULL);
ALTER TABLE "JEECMS"."JC_CONTENT_COUNT" ADD CHECK ("VIEWS_DAY" IS NOT NULL);
ALTER TABLE "JEECMS"."JC_CONTENT_COUNT" ADD CHECK ("COMMENTS" IS NOT NULL);
ALTER TABLE "JEECMS"."JC_CONTENT_COUNT" ADD CHECK ("COMMENTS_MONTH" IS NOT NULL);
ALTER TABLE "JEECMS"."JC_CONTENT_COUNT" ADD CHECK ("COMMENTS_WEEK" IS NOT NULL);
ALTER TABLE "JEECMS"."JC_CONTENT_COUNT" ADD CHECK ("COMMENTS_DAY" IS NOT NULL);
ALTER TABLE "JEECMS"."JC_CONTENT_COUNT" ADD CHECK ("DOWNLOADS" IS NOT NULL);
ALTER TABLE "JEECMS"."JC_CONTENT_COUNT" ADD CHECK ("DOWNLOADS_MONTH" IS NOT NULL);
ALTER TABLE "JEECMS"."JC_CONTENT_COUNT" ADD CHECK ("DOWNLOADS_WEEK" IS NOT NULL);
ALTER TABLE "JEECMS"."JC_CONTENT_COUNT" ADD CHECK ("DOWNLOADS_DAY" IS NOT NULL);
ALTER TABLE "JEECMS"."JC_CONTENT_COUNT" ADD CHECK ("UPS" IS NOT NULL);
ALTER TABLE "JEECMS"."JC_CONTENT_COUNT" ADD CHECK ("UPS_MONTH" IS NOT NULL);
ALTER TABLE "JEECMS"."JC_CONTENT_COUNT" ADD CHECK ("UPS_WEEK" IS NOT NULL);
ALTER TABLE "JEECMS"."JC_CONTENT_COUNT" ADD CHECK ("UPS_DAY" IS NOT NULL);
ALTER TABLE "JEECMS"."JC_CONTENT_COUNT" ADD CHECK ("DOWNS" IS NOT NULL);

-- ----------------------------
-- Primary Key structure for table JC_CONTENT_COUNT
-- ----------------------------
ALTER TABLE "JEECMS"."JC_CONTENT_COUNT" ADD PRIMARY KEY ("CONTENT_ID");

-- ----------------------------
-- Indexes structure for table JC_CONTENT_DOC
-- ----------------------------

-- ----------------------------
-- Checks structure for table JC_CONTENT_DOC
-- ----------------------------
ALTER TABLE "JEECMS"."JC_CONTENT_DOC" ADD CHECK ("CONTENT_ID" IS NOT NULL);
ALTER TABLE "JEECMS"."JC_CONTENT_DOC" ADD CHECK ("DOC_PATH" IS NOT NULL);
ALTER TABLE "JEECMS"."JC_CONTENT_DOC" ADD CHECK ("GRAIN" IS NOT NULL);
ALTER TABLE "JEECMS"."JC_CONTENT_DOC" ADD CHECK ("DOWN_NEED" IS NOT NULL);
ALTER TABLE "JEECMS"."JC_CONTENT_DOC" ADD CHECK ("IS_OPEN" IS NOT NULL);
ALTER TABLE "JEECMS"."JC_CONTENT_DOC" ADD CHECK ("FILE_SUFFIX" IS NOT NULL);
ALTER TABLE "JEECMS"."JC_CONTENT_DOC" ADD CHECK ("AVG_SCORE" IS NOT NULL);
ALTER TABLE "JEECMS"."JC_CONTENT_DOC" ADD CHECK ("SWF_NUM" IS NOT NULL);

-- ----------------------------
-- Primary Key structure for table JC_CONTENT_DOC
-- ----------------------------
ALTER TABLE "JEECMS"."JC_CONTENT_DOC" ADD PRIMARY KEY ("CONTENT_ID");

-- ----------------------------
-- Indexes structure for table JC_CONTENT_EXT
-- ----------------------------

-- ----------------------------
-- Checks structure for table JC_CONTENT_EXT
-- ----------------------------
ALTER TABLE "JEECMS"."JC_CONTENT_EXT" ADD CHECK ("CONTENT_ID" IS NOT NULL);
ALTER TABLE "JEECMS"."JC_CONTENT_EXT" ADD CHECK ("TITLE" IS NOT NULL);
ALTER TABLE "JEECMS"."JC_CONTENT_EXT" ADD CHECK ("RELEASE_DATE" IS NOT NULL);
ALTER TABLE "JEECMS"."JC_CONTENT_EXT" ADD CHECK ("IS_BOLD" IS NOT NULL);
ALTER TABLE "JEECMS"."JC_CONTENT_EXT" ADD CHECK ("NEED_REGENERATE" IS NOT NULL);

-- ----------------------------
-- Primary Key structure for table JC_CONTENT_EXT
-- ----------------------------
ALTER TABLE "JEECMS"."JC_CONTENT_EXT" ADD PRIMARY KEY ("CONTENT_ID");

-- ----------------------------
-- Indexes structure for table JC_CONTENT_GROUP_VIEW
-- ----------------------------
CREATE INDEX "JEECMS"."JC_CONTENT_GROUP_VIEW_FK"
ON "JEECMS"."JC_CONTENT_GROUP_VIEW" ("CONTENT_ID" ASC)
LOGGING;
CREATE INDEX "JEECMS"."JC_GROUP_CONTENT_VIEW_FK"
ON "JEECMS"."JC_CONTENT_GROUP_VIEW" ("GROUP_ID" ASC)
LOGGING;

-- ----------------------------
-- Checks structure for table JC_CONTENT_GROUP_VIEW
-- ----------------------------
ALTER TABLE "JEECMS"."JC_CONTENT_GROUP_VIEW" ADD CHECK ("CONTENT_ID" IS NOT NULL);
ALTER TABLE "JEECMS"."JC_CONTENT_GROUP_VIEW" ADD CHECK ("GROUP_ID" IS NOT NULL);

-- ----------------------------
-- Primary Key structure for table JC_CONTENT_GROUP_VIEW
-- ----------------------------
ALTER TABLE "JEECMS"."JC_CONTENT_GROUP_VIEW" ADD PRIMARY KEY ("CONTENT_ID", "GROUP_ID");

-- ----------------------------
-- Indexes structure for table JC_CONTENT_PICTURE
-- ----------------------------
CREATE INDEX "JEECMS"."JC_PICTURE_CONTENT_FK"
ON "JEECMS"."JC_CONTENT_PICTURE" ("CONTENT_ID" ASC)
LOGGING;

-- ----------------------------
-- Checks structure for table JC_CONTENT_PICTURE
-- ----------------------------
ALTER TABLE "JEECMS"."JC_CONTENT_PICTURE" ADD CHECK ("CONTENT_ID" IS NOT NULL);
ALTER TABLE "JEECMS"."JC_CONTENT_PICTURE" ADD CHECK ("PRIORITY" IS NOT NULL);
ALTER TABLE "JEECMS"."JC_CONTENT_PICTURE" ADD CHECK ("IMG_PATH" IS NOT NULL);

-- ----------------------------
-- Primary Key structure for table JC_CONTENT_PICTURE
-- ----------------------------
ALTER TABLE "JEECMS"."JC_CONTENT_PICTURE" ADD PRIMARY KEY ("CONTENT_ID", "PRIORITY");

-- ----------------------------
-- Indexes structure for table JC_CONTENT_SHARE_CHECK
-- ----------------------------

-- ----------------------------
-- Checks structure for table JC_CONTENT_SHARE_CHECK
-- ----------------------------
ALTER TABLE "JEECMS"."JC_CONTENT_SHARE_CHECK" ADD CHECK ("SHARE_CHECK_ID" IS NOT NULL);
ALTER TABLE "JEECMS"."JC_CONTENT_SHARE_CHECK" ADD CHECK ("CONTENT_ID" IS NOT NULL);
ALTER TABLE "JEECMS"."JC_CONTENT_SHARE_CHECK" ADD CHECK ("CHANNEL_ID" IS NOT NULL);
ALTER TABLE "JEECMS"."JC_CONTENT_SHARE_CHECK" ADD CHECK ("CHECK_STATUS" IS NOT NULL);
ALTER TABLE "JEECMS"."JC_CONTENT_SHARE_CHECK" ADD CHECK ("SHARE_VALID" IS NOT NULL);

-- ----------------------------
-- Primary Key structure for table JC_CONTENT_SHARE_CHECK
-- ----------------------------
ALTER TABLE "JEECMS"."JC_CONTENT_SHARE_CHECK" ADD PRIMARY KEY ("SHARE_CHECK_ID");

-- ----------------------------
-- Indexes structure for table JC_CONTENT_TAG
-- ----------------------------

-- ----------------------------
-- Checks structure for table JC_CONTENT_TAG
-- ----------------------------
ALTER TABLE "JEECMS"."JC_CONTENT_TAG" ADD CHECK ("TAG_ID" IS NOT NULL);
ALTER TABLE "JEECMS"."JC_CONTENT_TAG" ADD CHECK ("TAG_NAME" IS NOT NULL);
ALTER TABLE "JEECMS"."JC_CONTENT_TAG" ADD CHECK ("REF_COUNTER" IS NOT NULL);

-- ----------------------------
-- Primary Key structure for table JC_CONTENT_TAG
-- ----------------------------
ALTER TABLE "JEECMS"."JC_CONTENT_TAG" ADD PRIMARY KEY ("TAG_ID");

-- ----------------------------
-- Indexes structure for table JC_CONTENT_TOPIC
-- ----------------------------
CREATE INDEX "JEECMS"."JC_CONTENT_TOPIC_FK"
ON "JEECMS"."JC_CONTENT_TOPIC" ("CONTENT_ID" ASC)
LOGGING;
CREATE INDEX "JEECMS"."JC_TOPIC_CONTENT_FK"
ON "JEECMS"."JC_CONTENT_TOPIC" ("TOPIC_ID" ASC)
LOGGING;

-- ----------------------------
-- Checks structure for table JC_CONTENT_TOPIC
-- ----------------------------
ALTER TABLE "JEECMS"."JC_CONTENT_TOPIC" ADD CHECK ("CONTENT_ID" IS NOT NULL);
ALTER TABLE "JEECMS"."JC_CONTENT_TOPIC" ADD CHECK ("TOPIC_ID" IS NOT NULL);

-- ----------------------------
-- Primary Key structure for table JC_CONTENT_TOPIC
-- ----------------------------
ALTER TABLE "JEECMS"."JC_CONTENT_TOPIC" ADD PRIMARY KEY ("CONTENT_ID", "TOPIC_ID");

-- ----------------------------
-- Indexes structure for table JC_CONTENT_TXT
-- ----------------------------

-- ----------------------------
-- Checks structure for table JC_CONTENT_TXT
-- ----------------------------
ALTER TABLE "JEECMS"."JC_CONTENT_TXT" ADD CHECK ("CONTENT_ID" IS NOT NULL);

-- ----------------------------
-- Primary Key structure for table JC_CONTENT_TXT
-- ----------------------------
ALTER TABLE "JEECMS"."JC_CONTENT_TXT" ADD PRIMARY KEY ("CONTENT_ID");

-- ----------------------------
-- Indexes structure for table JC_CONTENT_TYPE
-- ----------------------------

-- ----------------------------
-- Checks structure for table JC_CONTENT_TYPE
-- ----------------------------
ALTER TABLE "JEECMS"."JC_CONTENT_TYPE" ADD CHECK ("TYPE_ID" IS NOT NULL);
ALTER TABLE "JEECMS"."JC_CONTENT_TYPE" ADD CHECK ("TYPE_NAME" IS NOT NULL);
ALTER TABLE "JEECMS"."JC_CONTENT_TYPE" ADD CHECK ("HAS_IMAGE" IS NOT NULL);
ALTER TABLE "JEECMS"."JC_CONTENT_TYPE" ADD CHECK ("IS_DISABLED" IS NOT NULL);

-- ----------------------------
-- Primary Key structure for table JC_CONTENT_TYPE
-- ----------------------------
ALTER TABLE "JEECMS"."JC_CONTENT_TYPE" ADD PRIMARY KEY ("TYPE_ID");

-- ----------------------------
-- Indexes structure for table JC_CONTENTTAG
-- ----------------------------
CREATE INDEX "JEECMS"."JC_CONTENT_TAG_FK"
ON "JEECMS"."JC_CONTENTTAG" ("TAG_ID" ASC)
LOGGING;
CREATE INDEX "JEECMS"."JC_TAG_CONTENT_FK"
ON "JEECMS"."JC_CONTENTTAG" ("CONTENT_ID" ASC)
LOGGING;

-- ----------------------------
-- Checks structure for table JC_CONTENTTAG
-- ----------------------------
ALTER TABLE "JEECMS"."JC_CONTENTTAG" ADD CHECK ("CONTENT_ID" IS NOT NULL);
ALTER TABLE "JEECMS"."JC_CONTENTTAG" ADD CHECK ("TAG_ID" IS NOT NULL);
ALTER TABLE "JEECMS"."JC_CONTENTTAG" ADD CHECK ("PRIORITY" IS NOT NULL);

-- ----------------------------
-- Indexes structure for table JC_DEPARTMENT
-- ----------------------------
CREATE INDEX "JEECMS"."FK_JC_DEPARTMENT_SITE"
ON "JEECMS"."JC_DEPARTMENT" ("SITE_ID" ASC)
LOGGING;
CREATE INDEX "JEECMS"."JC_DEPARTMENT_PARENT_FK"
ON "JEECMS"."JC_DEPARTMENT" ("PARENT_ID" ASC)
LOGGING;

-- ----------------------------
-- Checks structure for table JC_DEPARTMENT
-- ----------------------------
ALTER TABLE "JEECMS"."JC_DEPARTMENT" ADD CHECK ("DEPART_ID" IS NOT NULL);
ALTER TABLE "JEECMS"."JC_DEPARTMENT" ADD CHECK ("DEPART_NAME" IS NOT NULL);
ALTER TABLE "JEECMS"."JC_DEPARTMENT" ADD CHECK ("PRIORITY" IS NOT NULL);
ALTER TABLE "JEECMS"."JC_DEPARTMENT" ADD CHECK ("WEIGHTS" IS NOT NULL);

-- ----------------------------
-- Primary Key structure for table JC_DEPARTMENT
-- ----------------------------
ALTER TABLE "JEECMS"."JC_DEPARTMENT" ADD PRIMARY KEY ("DEPART_ID");

-- ----------------------------
-- Indexes structure for table JC_DICTIONARY
-- ----------------------------

-- ----------------------------
-- Checks structure for table JC_DICTIONARY
-- ----------------------------
ALTER TABLE "JEECMS"."JC_DICTIONARY" ADD CHECK ("ID" IS NOT NULL);
ALTER TABLE "JEECMS"."JC_DICTIONARY" ADD CHECK ("NAME" IS NOT NULL);
ALTER TABLE "JEECMS"."JC_DICTIONARY" ADD CHECK ("VALUE" IS NOT NULL);
ALTER TABLE "JEECMS"."JC_DICTIONARY" ADD CHECK ("TYPE" IS NOT NULL);

-- ----------------------------
-- Primary Key structure for table JC_DICTIONARY
-- ----------------------------
ALTER TABLE "JEECMS"."JC_DICTIONARY" ADD PRIMARY KEY ("ID");

-- ----------------------------
-- Indexes structure for table JC_DIRECTIVE_TPL
-- ----------------------------

-- ----------------------------
-- Checks structure for table JC_DIRECTIVE_TPL
-- ----------------------------
ALTER TABLE "JEECMS"."JC_DIRECTIVE_TPL" ADD CHECK ("TPL_ID" IS NOT NULL);
ALTER TABLE "JEECMS"."JC_DIRECTIVE_TPL" ADD CHECK ("NAME" IS NOT NULL);
ALTER TABLE "JEECMS"."JC_DIRECTIVE_TPL" ADD CHECK ("USER_ID" IS NOT NULL);

-- ----------------------------
-- Primary Key structure for table JC_DIRECTIVE_TPL
-- ----------------------------
ALTER TABLE "JEECMS"."JC_DIRECTIVE_TPL" ADD PRIMARY KEY ("TPL_ID");

-- ----------------------------
-- Indexes structure for table JC_FILE
-- ----------------------------
CREATE INDEX "JEECMS"."FK_JC_FILE_CONTENT"
ON "JEECMS"."JC_FILE" ("CONTENT_ID" ASC)
LOGGING;

-- ----------------------------
-- Checks structure for table JC_FILE
-- ----------------------------
ALTER TABLE "JEECMS"."JC_FILE" ADD CHECK ("FILE_PATH" IS NOT NULL);
ALTER TABLE "JEECMS"."JC_FILE" ADD CHECK ("FILE_ISVALID" IS NOT NULL);

-- ----------------------------
-- Primary Key structure for table JC_FILE
-- ----------------------------
ALTER TABLE "JEECMS"."JC_FILE" ADD PRIMARY KEY ("FILE_PATH");

-- ----------------------------
-- Indexes structure for table JC_FRIENDLINK
-- ----------------------------

-- ----------------------------
-- Checks structure for table JC_FRIENDLINK
-- ----------------------------
ALTER TABLE "JEECMS"."JC_FRIENDLINK" ADD CHECK ("FRIENDLINK_ID" IS NOT NULL);
ALTER TABLE "JEECMS"."JC_FRIENDLINK" ADD CHECK ("SITE_ID" IS NOT NULL);
ALTER TABLE "JEECMS"."JC_FRIENDLINK" ADD CHECK ("FRIENDLINKCTG_ID" IS NOT NULL);
ALTER TABLE "JEECMS"."JC_FRIENDLINK" ADD CHECK ("SITE_NAME" IS NOT NULL);
ALTER TABLE "JEECMS"."JC_FRIENDLINK" ADD CHECK ("DOMAIN" IS NOT NULL);
ALTER TABLE "JEECMS"."JC_FRIENDLINK" ADD CHECK ("VIEWS" IS NOT NULL);
ALTER TABLE "JEECMS"."JC_FRIENDLINK" ADD CHECK ("IS_ENABLED" IS NOT NULL);
ALTER TABLE "JEECMS"."JC_FRIENDLINK" ADD CHECK ("PRIORITY" IS NOT NULL);

-- ----------------------------
-- Primary Key structure for table JC_FRIENDLINK
-- ----------------------------
ALTER TABLE "JEECMS"."JC_FRIENDLINK" ADD PRIMARY KEY ("FRIENDLINK_ID");

-- ----------------------------
-- Indexes structure for table JC_FRIENDLINK_CTG
-- ----------------------------

-- ----------------------------
-- Checks structure for table JC_FRIENDLINK_CTG
-- ----------------------------
ALTER TABLE "JEECMS"."JC_FRIENDLINK_CTG" ADD CHECK ("FRIENDLINKCTG_ID" IS NOT NULL);
ALTER TABLE "JEECMS"."JC_FRIENDLINK_CTG" ADD CHECK ("SITE_ID" IS NOT NULL);
ALTER TABLE "JEECMS"."JC_FRIENDLINK_CTG" ADD CHECK ("FRIENDLINKCTG_NAME" IS NOT NULL);
ALTER TABLE "JEECMS"."JC_FRIENDLINK_CTG" ADD CHECK ("PRIORITY" IS NOT NULL);

-- ----------------------------
-- Primary Key structure for table JC_FRIENDLINK_CTG
-- ----------------------------
ALTER TABLE "JEECMS"."JC_FRIENDLINK_CTG" ADD PRIMARY KEY ("FRIENDLINKCTG_ID");

-- ----------------------------
-- Indexes structure for table JC_GROUP
-- ----------------------------

-- ----------------------------
-- Checks structure for table JC_GROUP
-- ----------------------------
ALTER TABLE "JEECMS"."JC_GROUP" ADD CHECK ("GROUP_ID" IS NOT NULL);
ALTER TABLE "JEECMS"."JC_GROUP" ADD CHECK ("GROUP_NAME" IS NOT NULL);
ALTER TABLE "JEECMS"."JC_GROUP" ADD CHECK ("PRIORITY" IS NOT NULL);
ALTER TABLE "JEECMS"."JC_GROUP" ADD CHECK ("NEED_CAPTCHA" IS NOT NULL);
ALTER TABLE "JEECMS"."JC_GROUP" ADD CHECK ("NEED_CHECK" IS NOT NULL);
ALTER TABLE "JEECMS"."JC_GROUP" ADD CHECK ("ALLOW_PER_DAY" IS NOT NULL);
ALTER TABLE "JEECMS"."JC_GROUP" ADD CHECK ("ALLOW_MAX_FILE" IS NOT NULL);
ALTER TABLE "JEECMS"."JC_GROUP" ADD CHECK ("IS_REG_DEF" IS NOT NULL);
ALTER TABLE "JEECMS"."JC_GROUP" ADD CHECK ("ALLOW_FILE_SIZE" IS NOT NULL);
ALTER TABLE "JEECMS"."JC_GROUP" ADD CHECK ("ALLOW_FILE_TOTAL" IS NOT NULL);

-- ----------------------------
-- Primary Key structure for table JC_GROUP
-- ----------------------------
ALTER TABLE "JEECMS"."JC_GROUP" ADD PRIMARY KEY ("GROUP_ID");

-- ----------------------------
-- Indexes structure for table JC_GUESTBOOK
-- ----------------------------
CREATE INDEX "JEECMS"."JC_CTG_GUESTBOOK_FK"
ON "JEECMS"."JC_GUESTBOOK" ("GUESTBOOKCTG_ID" ASC)
LOGGING;
CREATE INDEX "JEECMS"."JC_GUESTBOOK_ADMIN_FK"
ON "JEECMS"."JC_GUESTBOOK" ("ADMIN_ID" ASC)
LOGGING;
CREATE INDEX "JEECMS"."JC_GUESTBOOK_MEMBER_FK"
ON "JEECMS"."JC_GUESTBOOK" ("MEMBER_ID" ASC)
LOGGING;
CREATE INDEX "JEECMS"."JC_GUESTBOOK_SITE_FK"
ON "JEECMS"."JC_GUESTBOOK" ("SITE_ID" ASC)
LOGGING;

-- ----------------------------
-- Checks structure for table JC_GUESTBOOK
-- ----------------------------
ALTER TABLE "JEECMS"."JC_GUESTBOOK" ADD CHECK ("GUESTBOOK_ID" IS NOT NULL);
ALTER TABLE "JEECMS"."JC_GUESTBOOK" ADD CHECK ("SITE_ID" IS NOT NULL);
ALTER TABLE "JEECMS"."JC_GUESTBOOK" ADD CHECK ("GUESTBOOKCTG_ID" IS NOT NULL);
ALTER TABLE "JEECMS"."JC_GUESTBOOK" ADD CHECK ("IP" IS NOT NULL);
ALTER TABLE "JEECMS"."JC_GUESTBOOK" ADD CHECK ("CREATE_TIME" IS NOT NULL);
ALTER TABLE "JEECMS"."JC_GUESTBOOK" ADD CHECK ("IS_CHECKED" IS NOT NULL);
ALTER TABLE "JEECMS"."JC_GUESTBOOK" ADD CHECK ("IS_RECOMMEND" IS NOT NULL);

-- ----------------------------
-- Primary Key structure for table JC_GUESTBOOK
-- ----------------------------
ALTER TABLE "JEECMS"."JC_GUESTBOOK" ADD PRIMARY KEY ("GUESTBOOK_ID");

-- ----------------------------
-- Indexes structure for table JC_GUESTBOOK_CTG
-- ----------------------------
CREATE INDEX "JEECMS"."JC_GUESTBOOKCTG_SITE_FK"
ON "JEECMS"."JC_GUESTBOOK_CTG" ("SITE_ID" ASC)
LOGGING;

-- ----------------------------
-- Checks structure for table JC_GUESTBOOK_CTG
-- ----------------------------
ALTER TABLE "JEECMS"."JC_GUESTBOOK_CTG" ADD CHECK ("GUESTBOOKCTG_ID" IS NOT NULL);
ALTER TABLE "JEECMS"."JC_GUESTBOOK_CTG" ADD CHECK ("SITE_ID" IS NOT NULL);
ALTER TABLE "JEECMS"."JC_GUESTBOOK_CTG" ADD CHECK ("CTG_NAME" IS NOT NULL);
ALTER TABLE "JEECMS"."JC_GUESTBOOK_CTG" ADD CHECK ("PRIORITY" IS NOT NULL);

-- ----------------------------
-- Primary Key structure for table JC_GUESTBOOK_CTG
-- ----------------------------
ALTER TABLE "JEECMS"."JC_GUESTBOOK_CTG" ADD PRIMARY KEY ("GUESTBOOKCTG_ID");

-- ----------------------------
-- Indexes structure for table JC_GUESTBOOK_CTG_DEPARTMENT
-- ----------------------------
CREATE INDEX "JEECMS"."FK_JC_CHANNEL_DEPARTMENT"
ON "JEECMS"."JC_GUESTBOOK_CTG_DEPARTMENT" ("DEPART_ID" ASC)
LOGGING;

-- ----------------------------
-- Checks structure for table JC_GUESTBOOK_CTG_DEPARTMENT
-- ----------------------------
ALTER TABLE "JEECMS"."JC_GUESTBOOK_CTG_DEPARTMENT" ADD CHECK ("GUESTBOOKCTG_ID" IS NOT NULL);
ALTER TABLE "JEECMS"."JC_GUESTBOOK_CTG_DEPARTMENT" ADD CHECK ("DEPART_ID" IS NOT NULL);

-- ----------------------------
-- Primary Key structure for table JC_GUESTBOOK_CTG_DEPARTMENT
-- ----------------------------
ALTER TABLE "JEECMS"."JC_GUESTBOOK_CTG_DEPARTMENT" ADD PRIMARY KEY ("GUESTBOOKCTG_ID", "DEPART_ID");

-- ----------------------------
-- Checks structure for table JC_GUESTBOOK_EXT
-- ----------------------------
ALTER TABLE "JEECMS"."JC_GUESTBOOK_EXT" ADD CHECK ("GUESTBOOK_ID" IS NOT NULL);

-- ----------------------------
-- Indexes structure for table JC_JOB_APPLY
-- ----------------------------
CREATE INDEX "JEECMS"."JC_CONTENT_JOB_APPLY_FK"
ON "JEECMS"."JC_JOB_APPLY" ("CONTENT_ID" ASC)
LOGGING;
CREATE INDEX "JEECMS"."JC_USER_JOB_APPLY_FK"
ON "JEECMS"."JC_JOB_APPLY" ("USER_ID" ASC)
LOGGING;

-- ----------------------------
-- Checks structure for table JC_JOB_APPLY
-- ----------------------------
ALTER TABLE "JEECMS"."JC_JOB_APPLY" ADD CHECK ("JOB_APPLY_ID" IS NOT NULL);
ALTER TABLE "JEECMS"."JC_JOB_APPLY" ADD CHECK ("USER_ID" IS NOT NULL);
ALTER TABLE "JEECMS"."JC_JOB_APPLY" ADD CHECK ("CONTENT_ID" IS NOT NULL);
ALTER TABLE "JEECMS"."JC_JOB_APPLY" ADD CHECK ("APPLY_TIME" IS NOT NULL);

-- ----------------------------
-- Primary Key structure for table JC_JOB_APPLY
-- ----------------------------
ALTER TABLE "JEECMS"."JC_JOB_APPLY" ADD PRIMARY KEY ("JOB_APPLY_ID");

-- ----------------------------
-- Indexes structure for table JC_KEYWORD
-- ----------------------------
CREATE INDEX "JEECMS"."JC_KEYWORD_SITE_FK"
ON "JEECMS"."JC_KEYWORD" ("SITE_ID" ASC)
LOGGING;

-- ----------------------------
-- Checks structure for table JC_KEYWORD
-- ----------------------------
ALTER TABLE "JEECMS"."JC_KEYWORD" ADD CHECK ("KEYWORD_ID" IS NOT NULL);
ALTER TABLE "JEECMS"."JC_KEYWORD" ADD CHECK ("KEYWORD_NAME" IS NOT NULL);
ALTER TABLE "JEECMS"."JC_KEYWORD" ADD CHECK ("URL" IS NOT NULL);
ALTER TABLE "JEECMS"."JC_KEYWORD" ADD CHECK ("IS_DISABLED" IS NOT NULL);

-- ----------------------------
-- Primary Key structure for table JC_KEYWORD
-- ----------------------------
ALTER TABLE "JEECMS"."JC_KEYWORD" ADD PRIMARY KEY ("KEYWORD_ID");

-- ----------------------------
-- Indexes structure for table JC_LOG
-- ----------------------------

-- ----------------------------
-- Checks structure for table JC_LOG
-- ----------------------------
ALTER TABLE "JEECMS"."JC_LOG" ADD CHECK ("LOG_ID" IS NOT NULL);
ALTER TABLE "JEECMS"."JC_LOG" ADD CHECK ("CATEGORY" IS NOT NULL);
ALTER TABLE "JEECMS"."JC_LOG" ADD CHECK ("LOG_TIME" IS NOT NULL);

-- ----------------------------
-- Primary Key structure for table JC_LOG
-- ----------------------------
ALTER TABLE "JEECMS"."JC_LOG" ADD PRIMARY KEY ("LOG_ID");

-- ----------------------------
-- Indexes structure for table JC_MESSAGE
-- ----------------------------

-- ----------------------------
-- Checks structure for table JC_MESSAGE
-- ----------------------------
ALTER TABLE "JEECMS"."JC_MESSAGE" ADD CHECK ("MSG_ID" IS NOT NULL);
ALTER TABLE "JEECMS"."JC_MESSAGE" ADD CHECK ("MSG_TITLE" IS NOT NULL);
ALTER TABLE "JEECMS"."JC_MESSAGE" ADD CHECK ("MSG_SEND_USER" IS NOT NULL);
ALTER TABLE "JEECMS"."JC_MESSAGE" ADD CHECK ("MSG_RECEIVER_USER" IS NOT NULL);
ALTER TABLE "JEECMS"."JC_MESSAGE" ADD CHECK ("SITE_ID" IS NOT NULL);
ALTER TABLE "JEECMS"."JC_MESSAGE" ADD CHECK ("MSG_STATUS" IS NOT NULL);
ALTER TABLE "JEECMS"."JC_MESSAGE" ADD CHECK ("MSG_BOX" IS NOT NULL);

-- ----------------------------
-- Primary Key structure for table JC_MESSAGE
-- ----------------------------
ALTER TABLE "JEECMS"."JC_MESSAGE" ADD PRIMARY KEY ("MSG_ID");

-- ----------------------------
-- Indexes structure for table JC_MODEL
-- ----------------------------

-- ----------------------------
-- Checks structure for table JC_MODEL
-- ----------------------------
ALTER TABLE "JEECMS"."JC_MODEL" ADD CHECK ("MODEL_ID" IS NOT NULL);
ALTER TABLE "JEECMS"."JC_MODEL" ADD CHECK ("MODEL_NAME" IS NOT NULL);
ALTER TABLE "JEECMS"."JC_MODEL" ADD CHECK ("MODEL_PATH" IS NOT NULL);
ALTER TABLE "JEECMS"."JC_MODEL" ADD CHECK ("TITLE_IMG_WIDTH" IS NOT NULL);
ALTER TABLE "JEECMS"."JC_MODEL" ADD CHECK ("TITLE_IMG_HEIGHT" IS NOT NULL);
ALTER TABLE "JEECMS"."JC_MODEL" ADD CHECK ("CONTENT_IMG_WIDTH" IS NOT NULL);
ALTER TABLE "JEECMS"."JC_MODEL" ADD CHECK ("CONTENT_IMG_HEIGHT" IS NOT NULL);
ALTER TABLE "JEECMS"."JC_MODEL" ADD CHECK ("PRIORITY" IS NOT NULL);
ALTER TABLE "JEECMS"."JC_MODEL" ADD CHECK ("HAS_CONTENT" IS NOT NULL);
ALTER TABLE "JEECMS"."JC_MODEL" ADD CHECK ("IS_DISABLED" IS NOT NULL);
ALTER TABLE "JEECMS"."JC_MODEL" ADD CHECK ("IS_DEF" IS NOT NULL);

-- ----------------------------
-- Primary Key structure for table JC_MODEL
-- ----------------------------
ALTER TABLE "JEECMS"."JC_MODEL" ADD PRIMARY KEY ("MODEL_ID");

-- ----------------------------
-- Indexes structure for table JC_MODEL_ITEM
-- ----------------------------
CREATE INDEX "JEECMS"."JC_ITEM_MODEL_FK"
ON "JEECMS"."JC_MODEL_ITEM" ("MODEL_ID" ASC)
LOGGING;

-- ----------------------------
-- Checks structure for table JC_MODEL_ITEM
-- ----------------------------
ALTER TABLE "JEECMS"."JC_MODEL_ITEM" ADD CHECK ("MODELITEM_ID" IS NOT NULL);
ALTER TABLE "JEECMS"."JC_MODEL_ITEM" ADD CHECK ("MODEL_ID" IS NOT NULL);
ALTER TABLE "JEECMS"."JC_MODEL_ITEM" ADD CHECK ("FIELD" IS NOT NULL);
ALTER TABLE "JEECMS"."JC_MODEL_ITEM" ADD CHECK ("ITEM_LABEL" IS NOT NULL);
ALTER TABLE "JEECMS"."JC_MODEL_ITEM" ADD CHECK ("PRIORITY" IS NOT NULL);
ALTER TABLE "JEECMS"."JC_MODEL_ITEM" ADD CHECK ("DATA_TYPE" IS NOT NULL);
ALTER TABLE "JEECMS"."JC_MODEL_ITEM" ADD CHECK ("IS_SINGLE" IS NOT NULL);
ALTER TABLE "JEECMS"."JC_MODEL_ITEM" ADD CHECK ("IS_CHANNEL" IS NOT NULL);
ALTER TABLE "JEECMS"."JC_MODEL_ITEM" ADD CHECK ("IS_CUSTOM" IS NOT NULL);
ALTER TABLE "JEECMS"."JC_MODEL_ITEM" ADD CHECK ("IS_DISPLAY" IS NOT NULL);

-- ----------------------------
-- Primary Key structure for table JC_MODEL_ITEM
-- ----------------------------
ALTER TABLE "JEECMS"."JC_MODEL_ITEM" ADD PRIMARY KEY ("MODELITEM_ID");

-- ----------------------------
-- Checks structure for table JC_ORIGIN
-- ----------------------------
ALTER TABLE "JEECMS"."JC_ORIGIN" ADD CHECK ("ORIGIN_ID" IS NOT NULL);
ALTER TABLE "JEECMS"."JC_ORIGIN" ADD CHECK ("ORIGIN_NAME" IS NOT NULL);
ALTER TABLE "JEECMS"."JC_ORIGIN" ADD CHECK ("REF_COUNT" IS NOT NULL);

-- ----------------------------
-- Indexes structure for table JC_PLUG
-- ----------------------------

-- ----------------------------
-- Checks structure for table JC_PLUG
-- ----------------------------
ALTER TABLE "JEECMS"."JC_PLUG" ADD CHECK ("PLUG_ID" IS NOT NULL);
ALTER TABLE "JEECMS"."JC_PLUG" ADD CHECK ("NAME" IS NOT NULL);
ALTER TABLE "JEECMS"."JC_PLUG" ADD CHECK ("PATH" IS NOT NULL);
ALTER TABLE "JEECMS"."JC_PLUG" ADD CHECK ("UPLOAD_TIME" IS NOT NULL);
ALTER TABLE "JEECMS"."JC_PLUG" ADD CHECK ("FILE_CONFLICT" IS NOT NULL);
ALTER TABLE "JEECMS"."JC_PLUG" ADD CHECK ("IS_USED" IS NOT NULL);

-- ----------------------------
-- Primary Key structure for table JC_PLUG
-- ----------------------------
ALTER TABLE "JEECMS"."JC_PLUG" ADD PRIMARY KEY ("PLUG_ID");

-- ----------------------------
-- Indexes structure for table JC_RECEIVER_MESSAGE
-- ----------------------------
CREATE INDEX "JEECMS"."JC_MSG_USER_RECEIVER"
ON "JEECMS"."JC_RECEIVER_MESSAGE" ("MSG_RECEIVER_USER" ASC)
LOGGING;
CREATE INDEX "JEECMS"."JC_RECEIVER_MESSAGE_SITE"
ON "JEECMS"."JC_RECEIVER_MESSAGE" ("SITE_ID" ASC)
LOGGING;
CREATE INDEX "JEECMS"."JC_RECEIVER_MESSAGE_USER_SEND"
ON "JEECMS"."JC_RECEIVER_MESSAGE" ("MSG_SEND_USER" ASC)
LOGGING;

-- ----------------------------
-- Checks structure for table JC_RECEIVER_MESSAGE
-- ----------------------------
ALTER TABLE "JEECMS"."JC_RECEIVER_MESSAGE" ADD CHECK ("MSG_RE_ID" IS NOT NULL);
ALTER TABLE "JEECMS"."JC_RECEIVER_MESSAGE" ADD CHECK ("MSG_TITLE" IS NOT NULL);
ALTER TABLE "JEECMS"."JC_RECEIVER_MESSAGE" ADD CHECK ("MSG_SEND_USER" IS NOT NULL);
ALTER TABLE "JEECMS"."JC_RECEIVER_MESSAGE" ADD CHECK ("MSG_RECEIVER_USER" IS NOT NULL);
ALTER TABLE "JEECMS"."JC_RECEIVER_MESSAGE" ADD CHECK ("SITE_ID" IS NOT NULL);
ALTER TABLE "JEECMS"."JC_RECEIVER_MESSAGE" ADD CHECK ("MSG_STATUS" IS NOT NULL);
ALTER TABLE "JEECMS"."JC_RECEIVER_MESSAGE" ADD CHECK ("MSG_BOX" IS NOT NULL);

-- ----------------------------
-- Primary Key structure for table JC_RECEIVER_MESSAGE
-- ----------------------------
ALTER TABLE "JEECMS"."JC_RECEIVER_MESSAGE" ADD PRIMARY KEY ("MSG_RE_ID");

-- ----------------------------
-- Indexes structure for table JC_ROLE
-- ----------------------------
CREATE INDEX "JEECMS"."JC_ROLE_SITE_FK"
ON "JEECMS"."JC_ROLE" ("SITE_ID" ASC)
LOGGING;

-- ----------------------------
-- Checks structure for table JC_ROLE
-- ----------------------------
ALTER TABLE "JEECMS"."JC_ROLE" ADD CHECK ("ROLE_ID" IS NOT NULL);
ALTER TABLE "JEECMS"."JC_ROLE" ADD CHECK ("ROLE_NAME" IS NOT NULL);
ALTER TABLE "JEECMS"."JC_ROLE" ADD CHECK ("PRIORITY" IS NOT NULL);
ALTER TABLE "JEECMS"."JC_ROLE" ADD CHECK ("IS_SUPER" IS NOT NULL);

-- ----------------------------
-- Primary Key structure for table JC_ROLE
-- ----------------------------
ALTER TABLE "JEECMS"."JC_ROLE" ADD PRIMARY KEY ("ROLE_ID");

-- ----------------------------
-- Indexes structure for table JC_ROLE_PERMISSION
-- ----------------------------
CREATE INDEX "JEECMS"."JC_PERMISSION_ROLE_FK"
ON "JEECMS"."JC_ROLE_PERMISSION" ("ROLE_ID" ASC)
LOGGING;

-- ----------------------------
-- Checks structure for table JC_ROLE_PERMISSION
-- ----------------------------
ALTER TABLE "JEECMS"."JC_ROLE_PERMISSION" ADD CHECK ("ROLE_ID" IS NOT NULL);
ALTER TABLE "JEECMS"."JC_ROLE_PERMISSION" ADD CHECK ("URI" IS NOT NULL);

-- ----------------------------
-- Indexes structure for table JC_SCORE_GROUP
-- ----------------------------

-- ----------------------------
-- Checks structure for table JC_SCORE_GROUP
-- ----------------------------
ALTER TABLE "JEECMS"."JC_SCORE_GROUP" ADD CHECK ("SCORE_GROUP_ID" IS NOT NULL);
ALTER TABLE "JEECMS"."JC_SCORE_GROUP" ADD CHECK ("NAME" IS NOT NULL);
ALTER TABLE "JEECMS"."JC_SCORE_GROUP" ADD CHECK ("ENABLE" IS NOT NULL);
ALTER TABLE "JEECMS"."JC_SCORE_GROUP" ADD CHECK ("DEF" IS NOT NULL);
ALTER TABLE "JEECMS"."JC_SCORE_GROUP" ADD CHECK ("SITE_ID" IS NOT NULL);

-- ----------------------------
-- Primary Key structure for table JC_SCORE_GROUP
-- ----------------------------
ALTER TABLE "JEECMS"."JC_SCORE_GROUP" ADD PRIMARY KEY ("SCORE_GROUP_ID");

-- ----------------------------
-- Indexes structure for table JC_SCORE_ITEM
-- ----------------------------

-- ----------------------------
-- Checks structure for table JC_SCORE_ITEM
-- ----------------------------
ALTER TABLE "JEECMS"."JC_SCORE_ITEM" ADD CHECK ("SCORE_ITEM_ID" IS NOT NULL);
ALTER TABLE "JEECMS"."JC_SCORE_ITEM" ADD CHECK ("SCORE_GROUP_ID" IS NOT NULL);
ALTER TABLE "JEECMS"."JC_SCORE_ITEM" ADD CHECK ("NAME" IS NOT NULL);
ALTER TABLE "JEECMS"."JC_SCORE_ITEM" ADD CHECK ("SCORE" IS NOT NULL);
ALTER TABLE "JEECMS"."JC_SCORE_ITEM" ADD CHECK ("PRIORITY" IS NOT NULL);

-- ----------------------------
-- Primary Key structure for table JC_SCORE_ITEM
-- ----------------------------
ALTER TABLE "JEECMS"."JC_SCORE_ITEM" ADD PRIMARY KEY ("SCORE_ITEM_ID");

-- ----------------------------
-- Indexes structure for table JC_SCORE_RECORD
-- ----------------------------

-- ----------------------------
-- Checks structure for table JC_SCORE_RECORD
-- ----------------------------
ALTER TABLE "JEECMS"."JC_SCORE_RECORD" ADD CHECK ("SCORE_RECORD_ID" IS NOT NULL);
ALTER TABLE "JEECMS"."JC_SCORE_RECORD" ADD CHECK ("SCORE_ITEM_ID" IS NOT NULL);
ALTER TABLE "JEECMS"."JC_SCORE_RECORD" ADD CHECK ("CONTENT_ID" IS NOT NULL);
ALTER TABLE "JEECMS"."JC_SCORE_RECORD" ADD CHECK ("SCORE_COUNT" IS NOT NULL);

-- ----------------------------
-- Primary Key structure for table JC_SCORE_RECORD
-- ----------------------------
ALTER TABLE "JEECMS"."JC_SCORE_RECORD" ADD PRIMARY KEY ("SCORE_RECORD_ID");

-- ----------------------------
-- Checks structure for table JC_SEARCH_WORDS
-- ----------------------------
ALTER TABLE "JEECMS"."JC_SEARCH_WORDS" ADD CHECK ("WORD_ID" IS NOT NULL);
ALTER TABLE "JEECMS"."JC_SEARCH_WORDS" ADD CHECK ("NAME" IS NOT NULL);
ALTER TABLE "JEECMS"."JC_SEARCH_WORDS" ADD CHECK ("HIT_COUNT" IS NOT NULL);
ALTER TABLE "JEECMS"."JC_SEARCH_WORDS" ADD CHECK ("PRIORITY" IS NOT NULL);
ALTER TABLE "JEECMS"."JC_SEARCH_WORDS" ADD CHECK ("NAME_INITIAL" IS NOT NULL);

-- ----------------------------
-- Indexes structure for table JC_SENSITIVITY
-- ----------------------------

-- ----------------------------
-- Checks structure for table JC_SENSITIVITY
-- ----------------------------
ALTER TABLE "JEECMS"."JC_SENSITIVITY" ADD CHECK ("SENSITIVITY_ID" IS NOT NULL);
ALTER TABLE "JEECMS"."JC_SENSITIVITY" ADD CHECK ("SEARCH" IS NOT NULL);
ALTER TABLE "JEECMS"."JC_SENSITIVITY" ADD CHECK ("REPLACEMENT" IS NOT NULL);

-- ----------------------------
-- Primary Key structure for table JC_SENSITIVITY
-- ----------------------------
ALTER TABLE "JEECMS"."JC_SENSITIVITY" ADD PRIMARY KEY ("SENSITIVITY_ID");

-- ----------------------------
-- Indexes structure for table JC_SITE
-- ----------------------------
CREATE INDEX "JEECMS"."JC_SITE_CONFIG_FK"
ON "JEECMS"."JC_SITE" ("CONFIG_ID" ASC)
LOGGING;
CREATE INDEX "JEECMS"."JC_SITE_UPLOAD_FTP_FK"
ON "JEECMS"."JC_SITE" ("FTP_UPLOAD_ID" ASC)
LOGGING;

-- ----------------------------
-- Checks structure for table JC_SITE
-- ----------------------------
ALTER TABLE "JEECMS"."JC_SITE" ADD CHECK ("SITE_ID" IS NOT NULL);
ALTER TABLE "JEECMS"."JC_SITE" ADD CHECK ("CONFIG_ID" IS NOT NULL);
ALTER TABLE "JEECMS"."JC_SITE" ADD CHECK ("DOMAIN" IS NOT NULL);
ALTER TABLE "JEECMS"."JC_SITE" ADD CHECK ("SITE_PATH" IS NOT NULL);
ALTER TABLE "JEECMS"."JC_SITE" ADD CHECK ("SITE_NAME" IS NOT NULL);
ALTER TABLE "JEECMS"."JC_SITE" ADD CHECK ("SHORT_NAME" IS NOT NULL);
ALTER TABLE "JEECMS"."JC_SITE" ADD CHECK ("PROTOCOL" IS NOT NULL);
ALTER TABLE "JEECMS"."JC_SITE" ADD CHECK ("DYNAMIC_SUFFIX" IS NOT NULL);
ALTER TABLE "JEECMS"."JC_SITE" ADD CHECK ("STATIC_SUFFIX" IS NOT NULL);
ALTER TABLE "JEECMS"."JC_SITE" ADD CHECK ("IS_INDEX_TO_ROOT" IS NOT NULL);
ALTER TABLE "JEECMS"."JC_SITE" ADD CHECK ("IS_STATIC_INDEX" IS NOT NULL);
ALTER TABLE "JEECMS"."JC_SITE" ADD CHECK ("LOCALE_ADMIN" IS NOT NULL);
ALTER TABLE "JEECMS"."JC_SITE" ADD CHECK ("LOCALE_FRONT" IS NOT NULL);
ALTER TABLE "JEECMS"."JC_SITE" ADD CHECK ("TPL_SOLUTION" IS NOT NULL);
ALTER TABLE "JEECMS"."JC_SITE" ADD CHECK ("FINAL_STEP" IS NOT NULL);
ALTER TABLE "JEECMS"."JC_SITE" ADD CHECK ("AFTER_CHECK" IS NOT NULL);
ALTER TABLE "JEECMS"."JC_SITE" ADD CHECK ("IS_RELATIVE_PATH" IS NOT NULL);
ALTER TABLE "JEECMS"."JC_SITE" ADD CHECK ("IS_RECYCLE_ON" IS NOT NULL);
ALTER TABLE "JEECMS"."JC_SITE" ADD CHECK ("TPL_MOBILE_SOLUTION" IS NOT NULL);
ALTER TABLE "JEECMS"."JC_SITE" ADD CHECK ("MOBILE_STATIC_DIR" IS NOT NULL);
ALTER TABLE "JEECMS"."JC_SITE" ADD CHECK ("MOBILE_STATIC_SYNC" IS NOT NULL);
ALTER TABLE "JEECMS"."JC_SITE" ADD CHECK ("PAGE_IS_SYNC_FTP" IS NOT NULL);
ALTER TABLE "JEECMS"."JC_SITE" ADD CHECK ("RESOUCE_IS_SYNC_FTP" IS NOT NULL);

-- ----------------------------
-- Primary Key structure for table JC_SITE
-- ----------------------------
ALTER TABLE "JEECMS"."JC_SITE" ADD PRIMARY KEY ("SITE_ID");

-- ----------------------------
-- Indexes structure for table JC_SITE_ACCESS
-- ----------------------------

-- ----------------------------
-- Checks structure for table JC_SITE_ACCESS
-- ----------------------------
ALTER TABLE "JEECMS"."JC_SITE_ACCESS" ADD CHECK ("ACCESS_ID" IS NOT NULL);
ALTER TABLE "JEECMS"."JC_SITE_ACCESS" ADD CHECK ("SESSION_ID" IS NOT NULL);
ALTER TABLE "JEECMS"."JC_SITE_ACCESS" ADD CHECK ("SITE_ID" IS NOT NULL);
ALTER TABLE "JEECMS"."JC_SITE_ACCESS" ADD CHECK ("ACCESS_TIME" IS NOT NULL);
ALTER TABLE "JEECMS"."JC_SITE_ACCESS" ADD CHECK ("ACCESS_DATE" IS NOT NULL);
ALTER TABLE "JEECMS"."JC_SITE_ACCESS" ADD CHECK ("IP" IS NOT NULL);

-- ----------------------------
-- Primary Key structure for table JC_SITE_ACCESS
-- ----------------------------
ALTER TABLE "JEECMS"."JC_SITE_ACCESS" ADD PRIMARY KEY ("ACCESS_ID");

-- ----------------------------
-- Indexes structure for table JC_SITE_ACCESS_COUNT
-- ----------------------------

-- ----------------------------
-- Checks structure for table JC_SITE_ACCESS_COUNT
-- ----------------------------
ALTER TABLE "JEECMS"."JC_SITE_ACCESS_COUNT" ADD CHECK ("ACCESS_COUNT" IS NOT NULL);
ALTER TABLE "JEECMS"."JC_SITE_ACCESS_COUNT" ADD CHECK ("PAGE_COUNT" IS NOT NULL);
ALTER TABLE "JEECMS"."JC_SITE_ACCESS_COUNT" ADD CHECK ("VISITORS" IS NOT NULL);
ALTER TABLE "JEECMS"."JC_SITE_ACCESS_COUNT" ADD CHECK ("STATISTIC_DATE" IS NOT NULL);
ALTER TABLE "JEECMS"."JC_SITE_ACCESS_COUNT" ADD CHECK ("SITE_ID" IS NOT NULL);

-- ----------------------------
-- Primary Key structure for table JC_SITE_ACCESS_COUNT
-- ----------------------------
ALTER TABLE "JEECMS"."JC_SITE_ACCESS_COUNT" ADD PRIMARY KEY ("ACCESS_COUNT");

-- ----------------------------
-- Indexes structure for table JC_SITE_ACCESS_PAGES
-- ----------------------------

-- ----------------------------
-- Checks structure for table JC_SITE_ACCESS_PAGES
-- ----------------------------
ALTER TABLE "JEECMS"."JC_SITE_ACCESS_PAGES" ADD CHECK ("ACCESS_PAGES_ID" IS NOT NULL);
ALTER TABLE "JEECMS"."JC_SITE_ACCESS_PAGES" ADD CHECK ("ACCESS_PAGE" IS NOT NULL);
ALTER TABLE "JEECMS"."JC_SITE_ACCESS_PAGES" ADD CHECK ("SESSION_ID" IS NOT NULL);
ALTER TABLE "JEECMS"."JC_SITE_ACCESS_PAGES" ADD CHECK ("ACCESS_TIME" IS NOT NULL);
ALTER TABLE "JEECMS"."JC_SITE_ACCESS_PAGES" ADD CHECK ("ACCESS_DATE" IS NOT NULL);
ALTER TABLE "JEECMS"."JC_SITE_ACCESS_PAGES" ADD CHECK ("VISIT_SECOND" IS NOT NULL);
ALTER TABLE "JEECMS"."JC_SITE_ACCESS_PAGES" ADD CHECK ("PAGE_INDEX" IS NOT NULL);
ALTER TABLE "JEECMS"."JC_SITE_ACCESS_PAGES" ADD CHECK ("SITE_ID" IS NOT NULL);

-- ----------------------------
-- Primary Key structure for table JC_SITE_ACCESS_PAGES
-- ----------------------------
ALTER TABLE "JEECMS"."JC_SITE_ACCESS_PAGES" ADD PRIMARY KEY ("ACCESS_PAGES_ID");

-- ----------------------------
-- Indexes structure for table JC_SITE_ACCESS_STATISTIC
-- ----------------------------

-- ----------------------------
-- Checks structure for table JC_SITE_ACCESS_STATISTIC
-- ----------------------------
ALTER TABLE "JEECMS"."JC_SITE_ACCESS_STATISTIC" ADD CHECK ("ACCESS_STATISTIC_ID" IS NOT NULL);
ALTER TABLE "JEECMS"."JC_SITE_ACCESS_STATISTIC" ADD CHECK ("STATISTIC_DATE" IS NOT NULL);
ALTER TABLE "JEECMS"."JC_SITE_ACCESS_STATISTIC" ADD CHECK ("PV" IS NOT NULL);
ALTER TABLE "JEECMS"."JC_SITE_ACCESS_STATISTIC" ADD CHECK ("IP" IS NOT NULL);
ALTER TABLE "JEECMS"."JC_SITE_ACCESS_STATISTIC" ADD CHECK ("VISITORS" IS NOT NULL);
ALTER TABLE "JEECMS"."JC_SITE_ACCESS_STATISTIC" ADD CHECK ("PAGES_AVER" IS NOT NULL);
ALTER TABLE "JEECMS"."JC_SITE_ACCESS_STATISTIC" ADD CHECK ("VISIT_SECOND_AVER" IS NOT NULL);
ALTER TABLE "JEECMS"."JC_SITE_ACCESS_STATISTIC" ADD CHECK ("SITE_ID" IS NOT NULL);
ALTER TABLE "JEECMS"."JC_SITE_ACCESS_STATISTIC" ADD CHECK ("STATISITC_TYPE" IS NOT NULL);

-- ----------------------------
-- Primary Key structure for table JC_SITE_ACCESS_STATISTIC
-- ----------------------------
ALTER TABLE "JEECMS"."JC_SITE_ACCESS_STATISTIC" ADD PRIMARY KEY ("ACCESS_STATISTIC_ID");

-- ----------------------------
-- Indexes structure for table JC_SITE_ATTR
-- ----------------------------
CREATE INDEX "JEECMS"."JC_ATTR_SITE_FK"
ON "JEECMS"."JC_SITE_ATTR" ("SITE_ID" ASC)
LOGGING;

-- ----------------------------
-- Checks structure for table JC_SITE_ATTR
-- ----------------------------
ALTER TABLE "JEECMS"."JC_SITE_ATTR" ADD CHECK ("SITE_ID" IS NOT NULL);
ALTER TABLE "JEECMS"."JC_SITE_ATTR" ADD CHECK ("ATTR_NAME" IS NOT NULL);

-- ----------------------------
-- Indexes structure for table JC_SITE_CFG
-- ----------------------------
CREATE INDEX "JEECMS"."JC_CFG_SITE_FK"
ON "JEECMS"."JC_SITE_CFG" ("SITE_ID" ASC)
LOGGING;

-- ----------------------------
-- Checks structure for table JC_SITE_CFG
-- ----------------------------
ALTER TABLE "JEECMS"."JC_SITE_CFG" ADD CHECK ("SITE_ID" IS NOT NULL);
ALTER TABLE "JEECMS"."JC_SITE_CFG" ADD CHECK ("CFG_NAME" IS NOT NULL);

-- ----------------------------
-- Indexes structure for table JC_SITE_COMPANY
-- ----------------------------

-- ----------------------------
-- Checks structure for table JC_SITE_COMPANY
-- ----------------------------
ALTER TABLE "JEECMS"."JC_SITE_COMPANY" ADD CHECK ("SITE_ID" IS NOT NULL);
ALTER TABLE "JEECMS"."JC_SITE_COMPANY" ADD CHECK ("NAME" IS NOT NULL);

-- ----------------------------
-- Primary Key structure for table JC_SITE_COMPANY
-- ----------------------------
ALTER TABLE "JEECMS"."JC_SITE_COMPANY" ADD PRIMARY KEY ("SITE_ID");

-- ----------------------------
-- Indexes structure for table JC_SITE_FLOW
-- ----------------------------

-- ----------------------------
-- Checks structure for table JC_SITE_FLOW
-- ----------------------------
ALTER TABLE "JEECMS"."JC_SITE_FLOW" ADD CHECK ("FLOW_ID" IS NOT NULL);
ALTER TABLE "JEECMS"."JC_SITE_FLOW" ADD CHECK ("ACCESS_IP" IS NOT NULL);
ALTER TABLE "JEECMS"."JC_SITE_FLOW" ADD CHECK ("ACCESS_PAGE" IS NOT NULL);
ALTER TABLE "JEECMS"."JC_SITE_FLOW" ADD CHECK ("SESSION_ID" IS NOT NULL);

-- ----------------------------
-- Primary Key structure for table JC_SITE_FLOW
-- ----------------------------
ALTER TABLE "JEECMS"."JC_SITE_FLOW" ADD PRIMARY KEY ("FLOW_ID");

-- ----------------------------
-- Indexes structure for table JC_SITE_MODEL
-- ----------------------------

-- ----------------------------
-- Checks structure for table JC_SITE_MODEL
-- ----------------------------
ALTER TABLE "JEECMS"."JC_SITE_MODEL" ADD CHECK ("MODEL_ID" IS NOT NULL);
ALTER TABLE "JEECMS"."JC_SITE_MODEL" ADD CHECK ("FIELD" IS NOT NULL);
ALTER TABLE "JEECMS"."JC_SITE_MODEL" ADD CHECK ("MODEL_LABEL" IS NOT NULL);
ALTER TABLE "JEECMS"."JC_SITE_MODEL" ADD CHECK ("PRIORITY" IS NOT NULL);

-- ----------------------------
-- Primary Key structure for table JC_SITE_MODEL
-- ----------------------------
ALTER TABLE "JEECMS"."JC_SITE_MODEL" ADD PRIMARY KEY ("MODEL_ID");

-- ----------------------------
-- Indexes structure for table JC_SITE_REFER
-- ----------------------------

-- ----------------------------
-- Checks structure for table JC_SITE_REFER
-- ----------------------------
ALTER TABLE "JEECMS"."JC_SITE_REFER" ADD CHECK ("SITE_ID" IS NOT NULL);
ALTER TABLE "JEECMS"."JC_SITE_REFER" ADD CHECK ("FROM_SITE_ID" IS NOT NULL);

-- ----------------------------
-- Primary Key structure for table JC_SITE_REFER
-- ----------------------------
ALTER TABLE "JEECMS"."JC_SITE_REFER" ADD PRIMARY KEY ("SITE_ID", "FROM_SITE_ID");

-- ----------------------------
-- Checks structure for table JC_SITE_TXT
-- ----------------------------
ALTER TABLE "JEECMS"."JC_SITE_TXT" ADD CHECK ("SITE_ID" IS NOT NULL);
ALTER TABLE "JEECMS"."JC_SITE_TXT" ADD CHECK ("TXT_NAME" IS NOT NULL);

-- ----------------------------
-- Indexes structure for table JC_TASK
-- ----------------------------

-- ----------------------------
-- Checks structure for table JC_TASK
-- ----------------------------
ALTER TABLE "JEECMS"."JC_TASK" ADD CHECK ("TASK_ID" IS NOT NULL);
ALTER TABLE "JEECMS"."JC_TASK" ADD CHECK ("TASK_TYPE" IS NOT NULL);
ALTER TABLE "JEECMS"."JC_TASK" ADD CHECK ("TASK_NAME" IS NOT NULL);
ALTER TABLE "JEECMS"."JC_TASK" ADD CHECK ("JOB_CLASS" IS NOT NULL);
ALTER TABLE "JEECMS"."JC_TASK" ADD CHECK ("EXECYCLE" IS NOT NULL);
ALTER TABLE "JEECMS"."JC_TASK" ADD CHECK ("IS_ENABLE" IS NOT NULL);
ALTER TABLE "JEECMS"."JC_TASK" ADD CHECK ("SITE_ID" IS NOT NULL);
ALTER TABLE "JEECMS"."JC_TASK" ADD CHECK ("USER_ID" IS NOT NULL);
ALTER TABLE "JEECMS"."JC_TASK" ADD CHECK ("CREATE_TIME" IS NOT NULL);

-- ----------------------------
-- Primary Key structure for table JC_TASK
-- ----------------------------
ALTER TABLE "JEECMS"."JC_TASK" ADD PRIMARY KEY ("TASK_ID");

-- ----------------------------
-- Checks structure for table JC_TASK_ATTR
-- ----------------------------
ALTER TABLE "JEECMS"."JC_TASK_ATTR" ADD CHECK ("TASK_ID" IS NOT NULL);
ALTER TABLE "JEECMS"."JC_TASK_ATTR" ADD CHECK ("PARAM_NAME" IS NOT NULL);

-- ----------------------------
-- Indexes structure for table JC_THIRD_ACCOUNT
-- ----------------------------

-- ----------------------------
-- Checks structure for table JC_THIRD_ACCOUNT
-- ----------------------------
ALTER TABLE "JEECMS"."JC_THIRD_ACCOUNT" ADD CHECK ("ACCOUNT_ID" IS NOT NULL);
ALTER TABLE "JEECMS"."JC_THIRD_ACCOUNT" ADD CHECK ("ACCOUNT_KEY" IS NOT NULL);
ALTER TABLE "JEECMS"."JC_THIRD_ACCOUNT" ADD CHECK ("USERNAME" IS NOT NULL);
ALTER TABLE "JEECMS"."JC_THIRD_ACCOUNT" ADD CHECK ("SOURCE" IS NOT NULL);

-- ----------------------------
-- Primary Key structure for table JC_THIRD_ACCOUNT
-- ----------------------------
ALTER TABLE "JEECMS"."JC_THIRD_ACCOUNT" ADD PRIMARY KEY ("ACCOUNT_ID");

-- ----------------------------
-- Indexes structure for table JC_TOPIC
-- ----------------------------
CREATE INDEX "JEECMS"."JC_TOPIC_CHANNEL_FK"
ON "JEECMS"."JC_TOPIC" ("CHANNEL_ID" ASC)
LOGGING;

-- ----------------------------
-- Checks structure for table JC_TOPIC
-- ----------------------------
ALTER TABLE "JEECMS"."JC_TOPIC" ADD CHECK ("TOPIC_ID" IS NOT NULL);
ALTER TABLE "JEECMS"."JC_TOPIC" ADD CHECK ("TOPIC_NAME" IS NOT NULL);
ALTER TABLE "JEECMS"."JC_TOPIC" ADD CHECK ("PRIORITY" IS NOT NULL);
ALTER TABLE "JEECMS"."JC_TOPIC" ADD CHECK ("IS_RECOMMEND" IS NOT NULL);

-- ----------------------------
-- Primary Key structure for table JC_TOPIC
-- ----------------------------
ALTER TABLE "JEECMS"."JC_TOPIC" ADD PRIMARY KEY ("TOPIC_ID");

-- ----------------------------
-- Indexes structure for table JC_USER
-- ----------------------------
CREATE INDEX "JEECMS"."JC_USER_DEPARTMENT_FK"
ON "JEECMS"."JC_USER" ("DEPART_ID" ASC)
LOGGING;
CREATE INDEX "JEECMS"."JC_USER_GROUP_FK"
ON "JEECMS"."JC_USER" ("GROUP_ID" ASC)
LOGGING;

-- ----------------------------
-- Checks structure for table JC_USER
-- ----------------------------
ALTER TABLE "JEECMS"."JC_USER" ADD CHECK ("USER_ID" IS NOT NULL);
ALTER TABLE "JEECMS"."JC_USER" ADD CHECK ("GROUP_ID" IS NOT NULL);
ALTER TABLE "JEECMS"."JC_USER" ADD CHECK ("USERNAME" IS NOT NULL);
ALTER TABLE "JEECMS"."JC_USER" ADD CHECK ("REGISTER_TIME" IS NOT NULL);
ALTER TABLE "JEECMS"."JC_USER" ADD CHECK ("REGISTER_IP" IS NOT NULL);
ALTER TABLE "JEECMS"."JC_USER" ADD CHECK ("LAST_LOGIN_TIME" IS NOT NULL);
ALTER TABLE "JEECMS"."JC_USER" ADD CHECK ("LAST_LOGIN_IP" IS NOT NULL);
ALTER TABLE "JEECMS"."JC_USER" ADD CHECK ("LOGIN_COUNT" IS NOT NULL);
ALTER TABLE "JEECMS"."JC_USER" ADD CHECK ("RANK" IS NOT NULL);
ALTER TABLE "JEECMS"."JC_USER" ADD CHECK ("UPLOAD_TOTAL" IS NOT NULL);
ALTER TABLE "JEECMS"."JC_USER" ADD CHECK ("UPLOAD_SIZE" IS NOT NULL);
ALTER TABLE "JEECMS"."JC_USER" ADD CHECK ("IS_ADMIN" IS NOT NULL);
ALTER TABLE "JEECMS"."JC_USER" ADD CHECK ("IS_VIEWONLY_ADMIN" IS NOT NULL);
ALTER TABLE "JEECMS"."JC_USER" ADD CHECK ("IS_SELF_ADMIN" IS NOT NULL);
ALTER TABLE "JEECMS"."JC_USER" ADD CHECK ("IS_DISABLED" IS NOT NULL);
ALTER TABLE "JEECMS"."JC_USER" ADD CHECK ("FILE_TOTAL" IS NOT NULL);
ALTER TABLE "JEECMS"."JC_USER" ADD CHECK ("GRAIN" IS NOT NULL);

-- ----------------------------
-- Primary Key structure for table JC_USER
-- ----------------------------
ALTER TABLE "JEECMS"."JC_USER" ADD PRIMARY KEY ("USER_ID");

-- ----------------------------
-- Indexes structure for table JC_USER_ATTR
-- ----------------------------

-- ----------------------------
-- Checks structure for table JC_USER_ATTR
-- ----------------------------
ALTER TABLE "JEECMS"."JC_USER_ATTR" ADD CHECK ("USER_ID" IS NOT NULL);
ALTER TABLE "JEECMS"."JC_USER_ATTR" ADD CHECK ("ATTR_NAME" IS NOT NULL);

-- ----------------------------
-- Primary Key structure for table JC_USER_ATTR
-- ----------------------------
ALTER TABLE "JEECMS"."JC_USER_ATTR" ADD PRIMARY KEY ("USER_ID");

-- ----------------------------
-- Indexes structure for table JC_USER_COLLECTION
-- ----------------------------

-- ----------------------------
-- Checks structure for table JC_USER_COLLECTION
-- ----------------------------
ALTER TABLE "JEECMS"."JC_USER_COLLECTION" ADD CHECK ("USER_ID" IS NOT NULL);
ALTER TABLE "JEECMS"."JC_USER_COLLECTION" ADD CHECK ("CONTENT_ID" IS NOT NULL);

-- ----------------------------
-- Primary Key structure for table JC_USER_COLLECTION
-- ----------------------------
ALTER TABLE "JEECMS"."JC_USER_COLLECTION" ADD PRIMARY KEY ("USER_ID", "CONTENT_ID");

-- ----------------------------
-- Indexes structure for table JC_USER_EXT
-- ----------------------------

-- ----------------------------
-- Checks structure for table JC_USER_EXT
-- ----------------------------
ALTER TABLE "JEECMS"."JC_USER_EXT" ADD CHECK ("USER_ID" IS NOT NULL);

-- ----------------------------
-- Primary Key structure for table JC_USER_EXT
-- ----------------------------
ALTER TABLE "JEECMS"."JC_USER_EXT" ADD PRIMARY KEY ("USER_ID");

-- ----------------------------
-- Indexes structure for table JC_USER_MENU
-- ----------------------------

-- ----------------------------
-- Checks structure for table JC_USER_MENU
-- ----------------------------
ALTER TABLE "JEECMS"."JC_USER_MENU" ADD CHECK ("MENU_ID" IS NOT NULL);
ALTER TABLE "JEECMS"."JC_USER_MENU" ADD CHECK ("MENU_NAME" IS NOT NULL);
ALTER TABLE "JEECMS"."JC_USER_MENU" ADD CHECK ("MENU_URL" IS NOT NULL);
ALTER TABLE "JEECMS"."JC_USER_MENU" ADD CHECK ("PRIORITY" IS NOT NULL);
ALTER TABLE "JEECMS"."JC_USER_MENU" ADD CHECK ("USER_ID" IS NOT NULL);

-- ----------------------------
-- Primary Key structure for table JC_USER_MENU
-- ----------------------------
ALTER TABLE "JEECMS"."JC_USER_MENU" ADD PRIMARY KEY ("MENU_ID");

-- ----------------------------
-- Indexes structure for table JC_USER_RESUME
-- ----------------------------

-- ----------------------------
-- Checks structure for table JC_USER_RESUME
-- ----------------------------
ALTER TABLE "JEECMS"."JC_USER_RESUME" ADD CHECK ("USER_ID" IS NOT NULL);
ALTER TABLE "JEECMS"."JC_USER_RESUME" ADD CHECK ("RESUME_NAME" IS NOT NULL);

-- ----------------------------
-- Primary Key structure for table JC_USER_RESUME
-- ----------------------------
ALTER TABLE "JEECMS"."JC_USER_RESUME" ADD PRIMARY KEY ("USER_ID");

-- ----------------------------
-- Indexes structure for table JC_USER_ROLE
-- ----------------------------
CREATE INDEX "JEECMS"."JC_ROLE_USER_FK"
ON "JEECMS"."JC_USER_ROLE" ("ROLE_ID" ASC)
LOGGING;
CREATE INDEX "JEECMS"."JC_USER_ROLE_FK"
ON "JEECMS"."JC_USER_ROLE" ("USER_ID" ASC)
LOGGING;

-- ----------------------------
-- Checks structure for table JC_USER_ROLE
-- ----------------------------
ALTER TABLE "JEECMS"."JC_USER_ROLE" ADD CHECK ("ROLE_ID" IS NOT NULL);
ALTER TABLE "JEECMS"."JC_USER_ROLE" ADD CHECK ("USER_ID" IS NOT NULL);

-- ----------------------------
-- Primary Key structure for table JC_USER_ROLE
-- ----------------------------
ALTER TABLE "JEECMS"."JC_USER_ROLE" ADD PRIMARY KEY ("ROLE_ID", "USER_ID");

-- ----------------------------
-- Indexes structure for table JC_USER_SITE
-- ----------------------------
CREATE INDEX "JEECMS"."JC_SITE_USER_FK"
ON "JEECMS"."JC_USER_SITE" ("USER_ID" ASC)
LOGGING;
CREATE INDEX "JEECMS"."JC_USER_SITE_FK"
ON "JEECMS"."JC_USER_SITE" ("SITE_ID" ASC)
LOGGING;

-- ----------------------------
-- Checks structure for table JC_USER_SITE
-- ----------------------------
ALTER TABLE "JEECMS"."JC_USER_SITE" ADD CHECK ("USERSITE_ID" IS NOT NULL);
ALTER TABLE "JEECMS"."JC_USER_SITE" ADD CHECK ("USER_ID" IS NOT NULL);
ALTER TABLE "JEECMS"."JC_USER_SITE" ADD CHECK ("SITE_ID" IS NOT NULL);
ALTER TABLE "JEECMS"."JC_USER_SITE" ADD CHECK ("CHECK_STEP" IS NOT NULL);
ALTER TABLE "JEECMS"."JC_USER_SITE" ADD CHECK ("IS_ALL_CHANNEL" IS NOT NULL);
ALTER TABLE "JEECMS"."JC_USER_SITE" ADD CHECK ("IS_ALL_CHANNEL_CONTROL" IS NOT NULL);

-- ----------------------------
-- Primary Key structure for table JC_USER_SITE
-- ----------------------------
ALTER TABLE "JEECMS"."JC_USER_SITE" ADD PRIMARY KEY ("USERSITE_ID");

-- ----------------------------
-- Indexes structure for table JC_VOTE_ITEM
-- ----------------------------
CREATE INDEX "JEECMS"."JC_VOTE_ITEM_TOPIC_FK"
ON "JEECMS"."JC_VOTE_ITEM" ("VOTETOPIC_ID" ASC)
LOGGING;

-- ----------------------------
-- Checks structure for table JC_VOTE_ITEM
-- ----------------------------
ALTER TABLE "JEECMS"."JC_VOTE_ITEM" ADD CHECK ("VOTEITEM_ID" IS NOT NULL);
ALTER TABLE "JEECMS"."JC_VOTE_ITEM" ADD CHECK ("VOTETOPIC_ID" IS NOT NULL);
ALTER TABLE "JEECMS"."JC_VOTE_ITEM" ADD CHECK ("TITLE" IS NOT NULL);
ALTER TABLE "JEECMS"."JC_VOTE_ITEM" ADD CHECK ("VOTE_COUNT" IS NOT NULL);
ALTER TABLE "JEECMS"."JC_VOTE_ITEM" ADD CHECK ("PRIORITY" IS NOT NULL);

-- ----------------------------
-- Primary Key structure for table JC_VOTE_ITEM
-- ----------------------------
ALTER TABLE "JEECMS"."JC_VOTE_ITEM" ADD PRIMARY KEY ("VOTEITEM_ID");

-- ----------------------------
-- Indexes structure for table JC_VOTE_RECORD
-- ----------------------------
CREATE INDEX "JEECMS"."JC_VOTERECORD_USER_FK"
ON "JEECMS"."JC_VOTE_RECORD" ("USER_ID" ASC)
LOGGING;
CREATE INDEX "JEECMS"."JC_VOTE_RECORD_TOPIC_FK"
ON "JEECMS"."JC_VOTE_RECORD" ("VOTETOPIC_ID" ASC)
LOGGING;

-- ----------------------------
-- Checks structure for table JC_VOTE_RECORD
-- ----------------------------
ALTER TABLE "JEECMS"."JC_VOTE_RECORD" ADD CHECK ("VOTERECORED_ID" IS NOT NULL);
ALTER TABLE "JEECMS"."JC_VOTE_RECORD" ADD CHECK ("VOTETOPIC_ID" IS NOT NULL);
ALTER TABLE "JEECMS"."JC_VOTE_RECORD" ADD CHECK ("VOTE_TIME" IS NOT NULL);
ALTER TABLE "JEECMS"."JC_VOTE_RECORD" ADD CHECK ("VOTE_IP" IS NOT NULL);
ALTER TABLE "JEECMS"."JC_VOTE_RECORD" ADD CHECK ("VOTE_COOKIE" IS NOT NULL);

-- ----------------------------
-- Primary Key structure for table JC_VOTE_RECORD
-- ----------------------------
ALTER TABLE "JEECMS"."JC_VOTE_RECORD" ADD PRIMARY KEY ("VOTERECORED_ID");

-- ----------------------------
-- Indexes structure for table JC_VOTE_REPLY
-- ----------------------------
CREATE INDEX "JEECMS"."JC_VOTE_REPLY_FK"
ON "JEECMS"."JC_VOTE_REPLY" ("SUBTOPIC_ID" ASC)
LOGGING;

-- ----------------------------
-- Checks structure for table JC_VOTE_REPLY
-- ----------------------------
ALTER TABLE "JEECMS"."JC_VOTE_REPLY" ADD CHECK ("VOTEREPLY_ID" IS NOT NULL);

-- ----------------------------
-- Primary Key structure for table JC_VOTE_REPLY
-- ----------------------------
ALTER TABLE "JEECMS"."JC_VOTE_REPLY" ADD PRIMARY KEY ("VOTEREPLY_ID");

-- ----------------------------
-- Indexes structure for table JC_VOTE_SUBTOPIC
-- ----------------------------

-- ----------------------------
-- Checks structure for table JC_VOTE_SUBTOPIC
-- ----------------------------
ALTER TABLE "JEECMS"."JC_VOTE_SUBTOPIC" ADD CHECK ("SUBTOPIC_ID" IS NOT NULL);
ALTER TABLE "JEECMS"."JC_VOTE_SUBTOPIC" ADD CHECK ("TITLE" IS NOT NULL);
ALTER TABLE "JEECMS"."JC_VOTE_SUBTOPIC" ADD CHECK ("VOTETOPIC_ID" IS NOT NULL);
ALTER TABLE "JEECMS"."JC_VOTE_SUBTOPIC" ADD CHECK ("SUBTOPIC_TYPE" IS NOT NULL);

-- ----------------------------
-- Primary Key structure for table JC_VOTE_SUBTOPIC
-- ----------------------------
ALTER TABLE "JEECMS"."JC_VOTE_SUBTOPIC" ADD PRIMARY KEY ("SUBTOPIC_ID");

-- ----------------------------
-- Indexes structure for table JC_VOTE_TOPIC
-- ----------------------------
CREATE INDEX "JEECMS"."JC_VOTETOPIC_SITE_FK"
ON "JEECMS"."JC_VOTE_TOPIC" ("SITE_ID" ASC)
LOGGING;

-- ----------------------------
-- Checks structure for table JC_VOTE_TOPIC
-- ----------------------------
ALTER TABLE "JEECMS"."JC_VOTE_TOPIC" ADD CHECK ("VOTETOPIC_ID" IS NOT NULL);
ALTER TABLE "JEECMS"."JC_VOTE_TOPIC" ADD CHECK ("SITE_ID" IS NOT NULL);
ALTER TABLE "JEECMS"."JC_VOTE_TOPIC" ADD CHECK ("TITLE" IS NOT NULL);
ALTER TABLE "JEECMS"."JC_VOTE_TOPIC" ADD CHECK ("TOTAL_COUNT" IS NOT NULL);
ALTER TABLE "JEECMS"."JC_VOTE_TOPIC" ADD CHECK ("MULTI_SELECT" IS NOT NULL);
ALTER TABLE "JEECMS"."JC_VOTE_TOPIC" ADD CHECK ("IS_RESTRICT_MEMBER" IS NOT NULL);
ALTER TABLE "JEECMS"."JC_VOTE_TOPIC" ADD CHECK ("IS_RESTRICT_IP" IS NOT NULL);
ALTER TABLE "JEECMS"."JC_VOTE_TOPIC" ADD CHECK ("IS_RESTRICT_COOKIE" IS NOT NULL);
ALTER TABLE "JEECMS"."JC_VOTE_TOPIC" ADD CHECK ("IS_DISABLED" IS NOT NULL);
ALTER TABLE "JEECMS"."JC_VOTE_TOPIC" ADD CHECK ("IS_DEF" IS NOT NULL);

-- ----------------------------
-- Primary Key structure for table JC_VOTE_TOPIC
-- ----------------------------
ALTER TABLE "JEECMS"."JC_VOTE_TOPIC" ADD PRIMARY KEY ("VOTETOPIC_ID");

-- ----------------------------
-- Indexes structure for table JC_WEBSERVICE
-- ----------------------------

-- ----------------------------
-- Checks structure for table JC_WEBSERVICE
-- ----------------------------
ALTER TABLE "JEECMS"."JC_WEBSERVICE" ADD CHECK ("SERVICE_ID" IS NOT NULL);
ALTER TABLE "JEECMS"."JC_WEBSERVICE" ADD CHECK ("SERVICE_ADDRESS" IS NOT NULL);

-- ----------------------------
-- Primary Key structure for table JC_WEBSERVICE
-- ----------------------------
ALTER TABLE "JEECMS"."JC_WEBSERVICE" ADD PRIMARY KEY ("SERVICE_ID");

-- ----------------------------
-- Indexes structure for table JC_WEBSERVICE_AUTH
-- ----------------------------

-- ----------------------------
-- Checks structure for table JC_WEBSERVICE_AUTH
-- ----------------------------
ALTER TABLE "JEECMS"."JC_WEBSERVICE_AUTH" ADD CHECK ("AUTH_ID" IS NOT NULL);
ALTER TABLE "JEECMS"."JC_WEBSERVICE_AUTH" ADD CHECK ("USERNAME" IS NOT NULL);
ALTER TABLE "JEECMS"."JC_WEBSERVICE_AUTH" ADD CHECK ("PASSWORD" IS NOT NULL);
ALTER TABLE "JEECMS"."JC_WEBSERVICE_AUTH" ADD CHECK ("SYSTEM" IS NOT NULL);
ALTER TABLE "JEECMS"."JC_WEBSERVICE_AUTH" ADD CHECK ("IS_ENABLE" IS NOT NULL);

-- ----------------------------
-- Primary Key structure for table JC_WEBSERVICE_AUTH
-- ----------------------------
ALTER TABLE "JEECMS"."JC_WEBSERVICE_AUTH" ADD PRIMARY KEY ("AUTH_ID");

-- ----------------------------
-- Indexes structure for table JC_WEBSERVICE_CALL_RECORD
-- ----------------------------
CREATE INDEX "JEECMS"."FK_WEBSERVICE_RECORD_AUTH"
ON "JEECMS"."JC_WEBSERVICE_CALL_RECORD" ("AUTH_ID" ASC)
LOGGING;

-- ----------------------------
-- Checks structure for table JC_WEBSERVICE_CALL_RECORD
-- ----------------------------
ALTER TABLE "JEECMS"."JC_WEBSERVICE_CALL_RECORD" ADD CHECK ("RECORD_ID" IS NOT NULL);
ALTER TABLE "JEECMS"."JC_WEBSERVICE_CALL_RECORD" ADD CHECK ("SERVICE_CODE" IS NOT NULL);
ALTER TABLE "JEECMS"."JC_WEBSERVICE_CALL_RECORD" ADD CHECK ("AUTH_ID" IS NOT NULL);
ALTER TABLE "JEECMS"."JC_WEBSERVICE_CALL_RECORD" ADD CHECK ("RECORD_TIME" IS NOT NULL);

-- ----------------------------
-- Primary Key structure for table JC_WEBSERVICE_CALL_RECORD
-- ----------------------------
ALTER TABLE "JEECMS"."JC_WEBSERVICE_CALL_RECORD" ADD PRIMARY KEY ("RECORD_ID");

-- ----------------------------
-- Indexes structure for table JC_WEBSERVICE_PARAM
-- ----------------------------
CREATE INDEX "JEECMS"."FK_PARAM_WEBSERVICE"
ON "JEECMS"."JC_WEBSERVICE_PARAM" ("SERVICE_ID" ASC)
LOGGING;

-- ----------------------------
-- Checks structure for table JC_WEBSERVICE_PARAM
-- ----------------------------
ALTER TABLE "JEECMS"."JC_WEBSERVICE_PARAM" ADD CHECK ("SERVICE_ID" IS NOT NULL);
ALTER TABLE "JEECMS"."JC_WEBSERVICE_PARAM" ADD CHECK ("PRIORITY" IS NOT NULL);
ALTER TABLE "JEECMS"."JC_WEBSERVICE_PARAM" ADD CHECK ("PARAM_NAME" IS NOT NULL);

-- ----------------------------
-- Indexes structure for table JC_WORKFLOW
-- ----------------------------
CREATE INDEX "JEECMS"."JC_WORKFLOW_SITE_FK"
ON "JEECMS"."JC_WORKFLOW" ("SITE_ID" ASC)
LOGGING;

-- ----------------------------
-- Checks structure for table JC_WORKFLOW
-- ----------------------------
ALTER TABLE "JEECMS"."JC_WORKFLOW" ADD CHECK ("WORKFLOW_ID" IS NOT NULL);
ALTER TABLE "JEECMS"."JC_WORKFLOW" ADD CHECK ("SITE_ID" IS NOT NULL);
ALTER TABLE "JEECMS"."JC_WORKFLOW" ADD CHECK ("NAME" IS NOT NULL);
ALTER TABLE "JEECMS"."JC_WORKFLOW" ADD CHECK ("PRIORITY" IS NOT NULL);
ALTER TABLE "JEECMS"."JC_WORKFLOW" ADD CHECK ("IS_DISABLED" IS NOT NULL);

-- ----------------------------
-- Primary Key structure for table JC_WORKFLOW
-- ----------------------------
ALTER TABLE "JEECMS"."JC_WORKFLOW" ADD PRIMARY KEY ("WORKFLOW_ID");

-- ----------------------------
-- Indexes structure for table JC_WORKFLOW_EVENT
-- ----------------------------
CREATE INDEX "JEECMS"."FK_EVENT_WORKFLOW"
ON "JEECMS"."JC_WORKFLOW_EVENT" ("WORKFLOW_ID" ASC)
LOGGING;
CREATE INDEX "JEECMS"."JC_WORKFLOW_EVENT_USER_FK"
ON "JEECMS"."JC_WORKFLOW_EVENT" ("USER_ID" ASC)
LOGGING;

-- ----------------------------
-- Checks structure for table JC_WORKFLOW_EVENT
-- ----------------------------
ALTER TABLE "JEECMS"."JC_WORKFLOW_EVENT" ADD CHECK ("EVENT_ID" IS NOT NULL);
ALTER TABLE "JEECMS"."JC_WORKFLOW_EVENT" ADD CHECK ("WORKFLOW_ID" IS NOT NULL);
ALTER TABLE "JEECMS"."JC_WORKFLOW_EVENT" ADD CHECK ("DATE_ID" IS NOT NULL);
ALTER TABLE "JEECMS"."JC_WORKFLOW_EVENT" ADD CHECK ("USER_ID" IS NOT NULL);
ALTER TABLE "JEECMS"."JC_WORKFLOW_EVENT" ADD CHECK ("START_TIME" IS NOT NULL);
ALTER TABLE "JEECMS"."JC_WORKFLOW_EVENT" ADD CHECK ("NEXT_STEP" IS NOT NULL);
ALTER TABLE "JEECMS"."JC_WORKFLOW_EVENT" ADD CHECK ("DATE_TYPE" IS NOT NULL);
ALTER TABLE "JEECMS"."JC_WORKFLOW_EVENT" ADD CHECK ("IS_FINISH" IS NOT NULL);

-- ----------------------------
-- Primary Key structure for table JC_WORKFLOW_EVENT
-- ----------------------------
ALTER TABLE "JEECMS"."JC_WORKFLOW_EVENT" ADD PRIMARY KEY ("EVENT_ID");

-- ----------------------------
-- Indexes structure for table JC_WORKFLOW_EVENT_USER
-- ----------------------------
CREATE INDEX "JEECMS"."JC_WORKFLOW_EVENT_USER_USER_FK"
ON "JEECMS"."JC_WORKFLOW_EVENT_USER" ("USER_ID" ASC)
LOGGING;
CREATE INDEX "JEECMS"."JC_WORKFLOW_USER_EVENT_FK"
ON "JEECMS"."JC_WORKFLOW_EVENT_USER" ("EVENT_ID" ASC)
LOGGING;

-- ----------------------------
-- Checks structure for table JC_WORKFLOW_EVENT_USER
-- ----------------------------
ALTER TABLE "JEECMS"."JC_WORKFLOW_EVENT_USER" ADD CHECK ("EVENT_USER_ID" IS NOT NULL);
ALTER TABLE "JEECMS"."JC_WORKFLOW_EVENT_USER" ADD CHECK ("EVENT_ID" IS NOT NULL);
ALTER TABLE "JEECMS"."JC_WORKFLOW_EVENT_USER" ADD CHECK ("USER_ID" IS NOT NULL);

-- ----------------------------
-- Primary Key structure for table JC_WORKFLOW_EVENT_USER
-- ----------------------------
ALTER TABLE "JEECMS"."JC_WORKFLOW_EVENT_USER" ADD PRIMARY KEY ("EVENT_USER_ID");

-- ----------------------------
-- Indexes structure for table JC_WORKFLOW_NODE
-- ----------------------------
CREATE INDEX "JEECMS"."JC_WORKFLOW_NODE_ROLE_FK"
ON "JEECMS"."JC_WORKFLOW_NODE" ("ROLE_ID" ASC)
LOGGING;

-- ----------------------------
-- Checks structure for table JC_WORKFLOW_NODE
-- ----------------------------
ALTER TABLE "JEECMS"."JC_WORKFLOW_NODE" ADD CHECK ("WORKFLOW_ID" IS NOT NULL);
ALTER TABLE "JEECMS"."JC_WORKFLOW_NODE" ADD CHECK ("ROLE_ID" IS NOT NULL);
ALTER TABLE "JEECMS"."JC_WORKFLOW_NODE" ADD CHECK ("PRIORITY" IS NOT NULL);
ALTER TABLE "JEECMS"."JC_WORKFLOW_NODE" ADD CHECK ("IS_COUNTERSIGN" IS NOT NULL);

-- ----------------------------
-- Primary Key structure for table JC_WORKFLOW_NODE
-- ----------------------------
ALTER TABLE "JEECMS"."JC_WORKFLOW_NODE" ADD PRIMARY KEY ("WORKFLOW_ID", "PRIORITY");

-- ----------------------------
-- Indexes structure for table JC_WORKFLOW_RECORD
-- ----------------------------
CREATE INDEX "JEECMS"."JC_WORKFLOW_RECORD_EVENT_FK"
ON "JEECMS"."JC_WORKFLOW_RECORD" ("EVENT_ID" ASC)
LOGGING;
CREATE INDEX "JEECMS"."JC_WORKFLOW_RECORD_SITE_FK"
ON "JEECMS"."JC_WORKFLOW_RECORD" ("SITE_ID" ASC)
LOGGING;
CREATE INDEX "JEECMS"."JC_WORKFLOW_RECORD_USER_FK"
ON "JEECMS"."JC_WORKFLOW_RECORD" ("USER_ID" ASC)
LOGGING;

-- ----------------------------
-- Checks structure for table JC_WORKFLOW_RECORD
-- ----------------------------
ALTER TABLE "JEECMS"."JC_WORKFLOW_RECORD" ADD CHECK ("RECORD_ID" IS NOT NULL);
ALTER TABLE "JEECMS"."JC_WORKFLOW_RECORD" ADD CHECK ("USER_ID" IS NOT NULL);
ALTER TABLE "JEECMS"."JC_WORKFLOW_RECORD" ADD CHECK ("SITE_ID" IS NOT NULL);
ALTER TABLE "JEECMS"."JC_WORKFLOW_RECORD" ADD CHECK ("EVENT_ID" IS NOT NULL);
ALTER TABLE "JEECMS"."JC_WORKFLOW_RECORD" ADD CHECK ("RECORD_TIME" IS NOT NULL);
ALTER TABLE "JEECMS"."JC_WORKFLOW_RECORD" ADD CHECK ("TYPE" IS NOT NULL);

-- ----------------------------
-- Primary Key structure for table JC_WORKFLOW_RECORD
-- ----------------------------
ALTER TABLE "JEECMS"."JC_WORKFLOW_RECORD" ADD PRIMARY KEY ("RECORD_ID");

-- ----------------------------
-- Indexes structure for table JG_WEIXIN
-- ----------------------------

-- ----------------------------
-- Checks structure for table JG_WEIXIN
-- ----------------------------
ALTER TABLE "JEECMS"."JG_WEIXIN" ADD CHECK ("SITE_ID" IS NOT NULL);
ALTER TABLE "JEECMS"."JG_WEIXIN" ADD CHECK ("WX_WELCOME" IS NOT NULL);

-- ----------------------------
-- Primary Key structure for table JG_WEIXIN
-- ----------------------------
ALTER TABLE "JEECMS"."JG_WEIXIN" ADD PRIMARY KEY ("SITE_ID");

-- ----------------------------
-- Indexes structure for table JG_WEIXINMENU
-- ----------------------------

-- ----------------------------
-- Checks structure for table JG_WEIXINMENU
-- ----------------------------
ALTER TABLE "JEECMS"."JG_WEIXINMENU" ADD CHECK ("WM_ID" IS NOT NULL);
ALTER TABLE "JEECMS"."JG_WEIXINMENU" ADD CHECK ("SITE_ID" IS NOT NULL);

-- ----------------------------
-- Primary Key structure for table JG_WEIXINMENU
-- ----------------------------
ALTER TABLE "JEECMS"."JG_WEIXINMENU" ADD PRIMARY KEY ("WM_ID");

-- ----------------------------
-- Indexes structure for table JG_WEIXINMESSAGE
-- ----------------------------

-- ----------------------------
-- Checks structure for table JG_WEIXINMESSAGE
-- ----------------------------
ALTER TABLE "JEECMS"."JG_WEIXINMESSAGE" ADD CHECK ("WM_ID" IS NOT NULL);
ALTER TABLE "JEECMS"."JG_WEIXINMESSAGE" ADD CHECK ("SITE_ID" IS NOT NULL);
ALTER TABLE "JEECMS"."JG_WEIXINMESSAGE" ADD CHECK ("IS_WELCOME" IS NOT NULL);
ALTER TABLE "JEECMS"."JG_WEIXINMESSAGE" ADD CHECK ("WM_MSG_TYPE" IS NOT NULL);

-- ----------------------------
-- Primary Key structure for table JG_WEIXINMESSAGE
-- ----------------------------
ALTER TABLE "JEECMS"."JG_WEIXINMESSAGE" ADD PRIMARY KEY ("WM_ID");

-- ----------------------------
-- Indexes structure for table JO_AUTHENTICATION
-- ----------------------------

-- ----------------------------
-- Checks structure for table JO_AUTHENTICATION
-- ----------------------------
ALTER TABLE "JEECMS"."JO_AUTHENTICATION" ADD CHECK ("AUTHENTICATION_ID" IS NOT NULL);
ALTER TABLE "JEECMS"."JO_AUTHENTICATION" ADD CHECK ("USERID" IS NOT NULL);
ALTER TABLE "JEECMS"."JO_AUTHENTICATION" ADD CHECK ("USERNAME" IS NOT NULL);
ALTER TABLE "JEECMS"."JO_AUTHENTICATION" ADD CHECK ("LOGIN_TIME" IS NOT NULL);
ALTER TABLE "JEECMS"."JO_AUTHENTICATION" ADD CHECK ("LOGIN_IP" IS NOT NULL);
ALTER TABLE "JEECMS"."JO_AUTHENTICATION" ADD CHECK ("UPDATE_TIME" IS NOT NULL);

-- ----------------------------
-- Primary Key structure for table JO_AUTHENTICATION
-- ----------------------------
ALTER TABLE "JEECMS"."JO_AUTHENTICATION" ADD PRIMARY KEY ("AUTHENTICATION_ID");

-- ----------------------------
-- Indexes structure for table JO_CONFIG
-- ----------------------------

-- ----------------------------
-- Checks structure for table JO_CONFIG
-- ----------------------------
ALTER TABLE "JEECMS"."JO_CONFIG" ADD CHECK ("CFG_KEY" IS NOT NULL);

-- ----------------------------
-- Primary Key structure for table JO_CONFIG
-- ----------------------------
ALTER TABLE "JEECMS"."JO_CONFIG" ADD PRIMARY KEY ("CFG_KEY");

-- ----------------------------
-- Indexes structure for table JO_FTP
-- ----------------------------

-- ----------------------------
-- Checks structure for table JO_FTP
-- ----------------------------
ALTER TABLE "JEECMS"."JO_FTP" ADD CHECK ("FTP_ID" IS NOT NULL);
ALTER TABLE "JEECMS"."JO_FTP" ADD CHECK ("FTP_NAME" IS NOT NULL);
ALTER TABLE "JEECMS"."JO_FTP" ADD CHECK ("IP" IS NOT NULL);
ALTER TABLE "JEECMS"."JO_FTP" ADD CHECK ("PORT" IS NOT NULL);
ALTER TABLE "JEECMS"."JO_FTP" ADD CHECK ("ENCODING" IS NOT NULL);
ALTER TABLE "JEECMS"."JO_FTP" ADD CHECK ("URL" IS NOT NULL);

-- ----------------------------
-- Primary Key structure for table JO_FTP
-- ----------------------------
ALTER TABLE "JEECMS"."JO_FTP" ADD PRIMARY KEY ("FTP_ID");

-- ----------------------------
-- Indexes structure for table JO_TEMPLATE
-- ----------------------------

-- ----------------------------
-- Checks structure for table JO_TEMPLATE
-- ----------------------------
ALTER TABLE "JEECMS"."JO_TEMPLATE" ADD CHECK ("TPL_NAME" IS NOT NULL);
ALTER TABLE "JEECMS"."JO_TEMPLATE" ADD CHECK ("LAST_MODIFIED" IS NOT NULL);
ALTER TABLE "JEECMS"."JO_TEMPLATE" ADD CHECK ("IS_DIRECTORY" IS NOT NULL);

-- ----------------------------
-- Primary Key structure for table JO_TEMPLATE
-- ----------------------------
ALTER TABLE "JEECMS"."JO_TEMPLATE" ADD PRIMARY KEY ("TPL_NAME");

-- ----------------------------
-- Indexes structure for table JO_UPLOAD
-- ----------------------------

-- ----------------------------
-- Checks structure for table JO_UPLOAD
-- ----------------------------
ALTER TABLE "JEECMS"."JO_UPLOAD" ADD CHECK ("FILENAME" IS NOT NULL);
ALTER TABLE "JEECMS"."JO_UPLOAD" ADD CHECK ("LENGTH" IS NOT NULL);
ALTER TABLE "JEECMS"."JO_UPLOAD" ADD CHECK ("LAST_MODIFIED" IS NOT NULL);
ALTER TABLE "JEECMS"."JO_UPLOAD" ADD CHECK ("CONTENT" IS NOT NULL);

-- ----------------------------
-- Primary Key structure for table JO_UPLOAD
-- ----------------------------
ALTER TABLE "JEECMS"."JO_UPLOAD" ADD PRIMARY KEY ("FILENAME");

-- ----------------------------
-- Indexes structure for table JO_USER
-- ----------------------------

-- ----------------------------
-- Checks structure for table JO_USER
-- ----------------------------
ALTER TABLE "JEECMS"."JO_USER" ADD CHECK ("USER_ID" IS NOT NULL);
ALTER TABLE "JEECMS"."JO_USER" ADD CHECK ("USERNAME" IS NOT NULL);
ALTER TABLE "JEECMS"."JO_USER" ADD CHECK ("PASSWORD" IS NOT NULL);
ALTER TABLE "JEECMS"."JO_USER" ADD CHECK ("REGISTER_TIME" IS NOT NULL);
ALTER TABLE "JEECMS"."JO_USER" ADD CHECK ("REGISTER_IP" IS NOT NULL);
ALTER TABLE "JEECMS"."JO_USER" ADD CHECK ("LAST_LOGIN_TIME" IS NOT NULL);
ALTER TABLE "JEECMS"."JO_USER" ADD CHECK ("LAST_LOGIN_IP" IS NOT NULL);
ALTER TABLE "JEECMS"."JO_USER" ADD CHECK ("LOGIN_COUNT" IS NOT NULL);
ALTER TABLE "JEECMS"."JO_USER" ADD CHECK ("ERROR_COUNT" IS NOT NULL);
ALTER TABLE "JEECMS"."JO_USER" ADD CHECK ("ACTIVATION" IS NOT NULL);

-- ----------------------------
-- Primary Key structure for table JO_USER
-- ----------------------------
ALTER TABLE "JEECMS"."JO_USER" ADD PRIMARY KEY ("USER_ID");

-- ----------------------------
-- Foreign Key structure for table "JEECMS"."JC_ACQUISITION"
-- ----------------------------
ALTER TABLE "JEECMS"."JC_ACQUISITION" ADD FOREIGN KEY ("CHANNEL_ID") REFERENCES "JEECMS"."JC_CHANNEL" ("CHANNEL_ID");
ALTER TABLE "JEECMS"."JC_ACQUISITION" ADD FOREIGN KEY ("TYPE_ID") REFERENCES "JEECMS"."JC_CONTENT_TYPE" ("TYPE_ID");
ALTER TABLE "JEECMS"."JC_ACQUISITION" ADD FOREIGN KEY ("SITE_ID") REFERENCES "JEECMS"."JC_SITE" ("SITE_ID");
ALTER TABLE "JEECMS"."JC_ACQUISITION" ADD FOREIGN KEY ("USER_ID") REFERENCES "JEECMS"."JC_USER" ("USER_ID");

-- ----------------------------
-- Foreign Key structure for table "JEECMS"."JC_ACQUISITION_HISTORY"
-- ----------------------------
ALTER TABLE "JEECMS"."JC_ACQUISITION_HISTORY" ADD FOREIGN KEY ("ACQUISITION_ID") REFERENCES "JEECMS"."JC_ACQUISITION" ("ACQUISITION_ID");

-- ----------------------------
-- Foreign Key structure for table "JEECMS"."JC_ACQUISITION_TEMP"
-- ----------------------------
ALTER TABLE "JEECMS"."JC_ACQUISITION_TEMP" ADD FOREIGN KEY ("SITE_ID") REFERENCES "JEECMS"."JC_SITE" ("SITE_ID");

-- ----------------------------
-- Foreign Key structure for table "JEECMS"."JC_ADVERTISING"
-- ----------------------------
ALTER TABLE "JEECMS"."JC_ADVERTISING" ADD FOREIGN KEY ("SITE_ID") REFERENCES "JEECMS"."JC_SITE" ("SITE_ID");
ALTER TABLE "JEECMS"."JC_ADVERTISING" ADD FOREIGN KEY ("ADSPACE_ID") REFERENCES "JEECMS"."JC_ADVERTISING_SPACE" ("ADSPACE_ID");

-- ----------------------------
-- Foreign Key structure for table "JEECMS"."JC_ADVERTISING_ATTR"
-- ----------------------------
ALTER TABLE "JEECMS"."JC_ADVERTISING_ATTR" ADD FOREIGN KEY ("ADVERTISING_ID") REFERENCES "JEECMS"."JC_ADVERTISING" ("ADVERTISING_ID");

-- ----------------------------
-- Foreign Key structure for table "JEECMS"."JC_ADVERTISING_SPACE"
-- ----------------------------
ALTER TABLE "JEECMS"."JC_ADVERTISING_SPACE" ADD FOREIGN KEY ("SITE_ID") REFERENCES "JEECMS"."JC_SITE" ("SITE_ID");

-- ----------------------------
-- Foreign Key structure for table "JEECMS"."JC_CHANNEL"
-- ----------------------------
ALTER TABLE "JEECMS"."JC_CHANNEL" ADD FOREIGN KEY ("MODEL_ID") REFERENCES "JEECMS"."JC_MODEL" ("MODEL_ID");
ALTER TABLE "JEECMS"."JC_CHANNEL" ADD FOREIGN KEY ("PARENT_ID") REFERENCES "JEECMS"."JC_CHANNEL" ("CHANNEL_ID");
ALTER TABLE "JEECMS"."JC_CHANNEL" ADD FOREIGN KEY ("SITE_ID") REFERENCES "JEECMS"."JC_SITE" ("SITE_ID");

-- ----------------------------
-- Foreign Key structure for table "JEECMS"."JC_CHANNEL_ATTR"
-- ----------------------------
ALTER TABLE "JEECMS"."JC_CHANNEL_ATTR" ADD FOREIGN KEY ("CHANNEL_ID") REFERENCES "JEECMS"."JC_CHANNEL" ("CHANNEL_ID");

-- ----------------------------
-- Foreign Key structure for table "JEECMS"."JC_CHANNEL_COUNT"
-- ----------------------------
ALTER TABLE "JEECMS"."JC_CHANNEL_COUNT" ADD FOREIGN KEY ("CHANNEL_ID") REFERENCES "JEECMS"."JC_CHANNEL" ("CHANNEL_ID");

-- ----------------------------
-- Foreign Key structure for table "JEECMS"."JC_CHANNEL_DEPART_CONTROL"
-- ----------------------------
ALTER TABLE "JEECMS"."JC_CHANNEL_DEPART_CONTROL" ADD FOREIGN KEY ("DEPARTMENT_ID") REFERENCES "JEECMS"."JC_DEPARTMENT" ("DEPART_ID");
ALTER TABLE "JEECMS"."JC_CHANNEL_DEPART_CONTROL" ADD FOREIGN KEY ("CHANNEL_ID") REFERENCES "JEECMS"."JC_CHANNEL" ("CHANNEL_ID");

-- ----------------------------
-- Foreign Key structure for table "JEECMS"."JC_CHANNEL_DEPARTMENT"
-- ----------------------------
ALTER TABLE "JEECMS"."JC_CHANNEL_DEPARTMENT" ADD FOREIGN KEY ("DEPARTMENT_ID") REFERENCES "JEECMS"."JC_DEPARTMENT" ("DEPART_ID");
ALTER TABLE "JEECMS"."JC_CHANNEL_DEPARTMENT" ADD FOREIGN KEY ("CHANNEL_ID") REFERENCES "JEECMS"."JC_CHANNEL" ("CHANNEL_ID");

-- ----------------------------
-- Foreign Key structure for table "JEECMS"."JC_CHANNEL_EXT"
-- ----------------------------
ALTER TABLE "JEECMS"."JC_CHANNEL_EXT" ADD FOREIGN KEY ("CHANNEL_ID") REFERENCES "JEECMS"."JC_CHANNEL" ("CHANNEL_ID");

-- ----------------------------
-- Foreign Key structure for table "JEECMS"."JC_CHANNEL_MODEL"
-- ----------------------------
ALTER TABLE "JEECMS"."JC_CHANNEL_MODEL" ADD FOREIGN KEY ("CHANNEL_ID") REFERENCES "JEECMS"."JC_CHANNEL" ("CHANNEL_ID");
ALTER TABLE "JEECMS"."JC_CHANNEL_MODEL" ADD FOREIGN KEY ("MODEL_ID") REFERENCES "JEECMS"."JC_MODEL" ("MODEL_ID");

-- ----------------------------
-- Foreign Key structure for table "JEECMS"."JC_CHANNEL_TXT"
-- ----------------------------
ALTER TABLE "JEECMS"."JC_CHANNEL_TXT" ADD FOREIGN KEY ("CHANNEL_ID") REFERENCES "JEECMS"."JC_CHANNEL" ("CHANNEL_ID");

-- ----------------------------
-- Foreign Key structure for table "JEECMS"."JC_CHANNEL_USER"
-- ----------------------------
ALTER TABLE "JEECMS"."JC_CHANNEL_USER" ADD FOREIGN KEY ("USER_ID") REFERENCES "JEECMS"."JC_USER" ("USER_ID");
ALTER TABLE "JEECMS"."JC_CHANNEL_USER" ADD FOREIGN KEY ("CHANNEL_ID") REFERENCES "JEECMS"."JC_CHANNEL" ("CHANNEL_ID");

-- ----------------------------
-- Foreign Key structure for table "JEECMS"."JC_CHNL_GROUP_CONTRI"
-- ----------------------------
ALTER TABLE "JEECMS"."JC_CHNL_GROUP_CONTRI" ADD FOREIGN KEY ("GROUP_ID") REFERENCES "JEECMS"."JC_GROUP" ("GROUP_ID");
ALTER TABLE "JEECMS"."JC_CHNL_GROUP_CONTRI" ADD FOREIGN KEY ("CHANNEL_ID") REFERENCES "JEECMS"."JC_CHANNEL" ("CHANNEL_ID");

-- ----------------------------
-- Foreign Key structure for table "JEECMS"."JC_CHNL_GROUP_VIEW"
-- ----------------------------
ALTER TABLE "JEECMS"."JC_CHNL_GROUP_VIEW" ADD FOREIGN KEY ("GROUP_ID") REFERENCES "JEECMS"."JC_GROUP" ("GROUP_ID");
ALTER TABLE "JEECMS"."JC_CHNL_GROUP_VIEW" ADD FOREIGN KEY ("CHANNEL_ID") REFERENCES "JEECMS"."JC_CHANNEL" ("CHANNEL_ID");

-- ----------------------------
-- Foreign Key structure for table "JEECMS"."JC_COMMENT"
-- ----------------------------
ALTER TABLE "JEECMS"."JC_COMMENT" ADD FOREIGN KEY ("CONTENT_ID") REFERENCES "JEECMS"."JC_CONTENT" ("CONTENT_ID");
ALTER TABLE "JEECMS"."JC_COMMENT" ADD FOREIGN KEY ("REPLY_USER_ID") REFERENCES "JEECMS"."JC_USER" ("USER_ID");
ALTER TABLE "JEECMS"."JC_COMMENT" ADD FOREIGN KEY ("SITE_ID") REFERENCES "JEECMS"."JC_SITE" ("SITE_ID");
ALTER TABLE "JEECMS"."JC_COMMENT" ADD FOREIGN KEY ("COMMENT_USER_ID") REFERENCES "JEECMS"."JC_USER" ("USER_ID");

-- ----------------------------
-- Foreign Key structure for table "JEECMS"."JC_COMMENT_EXT"
-- ----------------------------
ALTER TABLE "JEECMS"."JC_COMMENT_EXT" ADD FOREIGN KEY ("COMMENT_ID") REFERENCES "JEECMS"."JC_COMMENT" ("COMMENT_ID");

-- ----------------------------
-- Foreign Key structure for table "JEECMS"."JC_CONFIG_ATTR"
-- ----------------------------
ALTER TABLE "JEECMS"."JC_CONFIG_ATTR" ADD FOREIGN KEY ("CONFIG_ID") REFERENCES "JEECMS"."JC_CONFIG" ("CONFIG_ID");

-- ----------------------------
-- Foreign Key structure for table "JEECMS"."JC_CONFIG_ITEM"
-- ----------------------------
ALTER TABLE "JEECMS"."JC_CONFIG_ITEM" ADD FOREIGN KEY ("CONFIG_ID") REFERENCES "JEECMS"."JC_CONFIG" ("CONFIG_ID");

-- ----------------------------
-- Foreign Key structure for table "JEECMS"."JC_CONTENT"
-- ----------------------------
ALTER TABLE "JEECMS"."JC_CONTENT" ADD FOREIGN KEY ("CHANNEL_ID") REFERENCES "JEECMS"."JC_CHANNEL" ("CHANNEL_ID");
ALTER TABLE "JEECMS"."JC_CONTENT" ADD FOREIGN KEY ("MODEL_ID") REFERENCES "JEECMS"."JC_MODEL" ("MODEL_ID");
ALTER TABLE "JEECMS"."JC_CONTENT" ADD FOREIGN KEY ("SITE_ID") REFERENCES "JEECMS"."JC_SITE" ("SITE_ID");
ALTER TABLE "JEECMS"."JC_CONTENT" ADD FOREIGN KEY ("TYPE_ID") REFERENCES "JEECMS"."JC_CONTENT_TYPE" ("TYPE_ID");
ALTER TABLE "JEECMS"."JC_CONTENT" ADD FOREIGN KEY ("USER_ID") REFERENCES "JEECMS"."JC_USER" ("USER_ID");

-- ----------------------------
-- Foreign Key structure for table "JEECMS"."JC_CONTENT_ATTACHMENT"
-- ----------------------------
ALTER TABLE "JEECMS"."JC_CONTENT_ATTACHMENT" ADD FOREIGN KEY ("CONTENT_ID") REFERENCES "JEECMS"."JC_CONTENT" ("CONTENT_ID");

-- ----------------------------
-- Foreign Key structure for table "JEECMS"."JC_CONTENT_ATTR"
-- ----------------------------
ALTER TABLE "JEECMS"."JC_CONTENT_ATTR" ADD FOREIGN KEY ("CONTENT_ID") REFERENCES "JEECMS"."JC_CONTENT" ("CONTENT_ID");

-- ----------------------------
-- Foreign Key structure for table "JEECMS"."JC_CONTENT_CHANNEL"
-- ----------------------------
ALTER TABLE "JEECMS"."JC_CONTENT_CHANNEL" ADD FOREIGN KEY ("CONTENT_ID") REFERENCES "JEECMS"."JC_CONTENT" ("CONTENT_ID");
ALTER TABLE "JEECMS"."JC_CONTENT_CHANNEL" ADD FOREIGN KEY ("CHANNEL_ID") REFERENCES "JEECMS"."JC_CHANNEL" ("CHANNEL_ID");

-- ----------------------------
-- Foreign Key structure for table "JEECMS"."JC_CONTENT_CHECK"
-- ----------------------------
ALTER TABLE "JEECMS"."JC_CONTENT_CHECK" ADD FOREIGN KEY ("CONTENT_ID") REFERENCES "JEECMS"."JC_CONTENT" ("CONTENT_ID");
ALTER TABLE "JEECMS"."JC_CONTENT_CHECK" ADD FOREIGN KEY ("REVIEWER") REFERENCES "JEECMS"."JC_USER" ("USER_ID");

-- ----------------------------
-- Foreign Key structure for table "JEECMS"."JC_CONTENT_COUNT"
-- ----------------------------
ALTER TABLE "JEECMS"."JC_CONTENT_COUNT" ADD FOREIGN KEY ("CONTENT_ID") REFERENCES "JEECMS"."JC_CONTENT" ("CONTENT_ID");

-- ----------------------------
-- Foreign Key structure for table "JEECMS"."JC_CONTENT_DOC"
-- ----------------------------
ALTER TABLE "JEECMS"."JC_CONTENT_DOC" ADD FOREIGN KEY ("CONTENT_ID") REFERENCES "JEECMS"."JC_CONTENT" ("CONTENT_ID");

-- ----------------------------
-- Foreign Key structure for table "JEECMS"."JC_CONTENT_EXT"
-- ----------------------------
ALTER TABLE "JEECMS"."JC_CONTENT_EXT" ADD FOREIGN KEY ("CONTENT_ID") REFERENCES "JEECMS"."JC_CONTENT" ("CONTENT_ID");

-- ----------------------------
-- Foreign Key structure for table "JEECMS"."JC_CONTENT_GROUP_VIEW"
-- ----------------------------
ALTER TABLE "JEECMS"."JC_CONTENT_GROUP_VIEW" ADD FOREIGN KEY ("GROUP_ID") REFERENCES "JEECMS"."JC_GROUP" ("GROUP_ID");
ALTER TABLE "JEECMS"."JC_CONTENT_GROUP_VIEW" ADD FOREIGN KEY ("CONTENT_ID") REFERENCES "JEECMS"."JC_CONTENT" ("CONTENT_ID");

-- ----------------------------
-- Foreign Key structure for table "JEECMS"."JC_CONTENT_PICTURE"
-- ----------------------------
ALTER TABLE "JEECMS"."JC_CONTENT_PICTURE" ADD FOREIGN KEY ("CONTENT_ID") REFERENCES "JEECMS"."JC_CONTENT" ("CONTENT_ID");

-- ----------------------------
-- Foreign Key structure for table "JEECMS"."JC_CONTENT_SHARE_CHECK"
-- ----------------------------
ALTER TABLE "JEECMS"."JC_CONTENT_SHARE_CHECK" ADD FOREIGN KEY ("CHANNEL_ID") REFERENCES "JEECMS"."JC_CHANNEL" ("CHANNEL_ID");
ALTER TABLE "JEECMS"."JC_CONTENT_SHARE_CHECK" ADD FOREIGN KEY ("CONTENT_ID") REFERENCES "JEECMS"."JC_CONTENT" ("CONTENT_ID");

-- ----------------------------
-- Foreign Key structure for table "JEECMS"."JC_CONTENT_TOPIC"
-- ----------------------------
ALTER TABLE "JEECMS"."JC_CONTENT_TOPIC" ADD FOREIGN KEY ("TOPIC_ID") REFERENCES "JEECMS"."JC_TOPIC" ("TOPIC_ID");
ALTER TABLE "JEECMS"."JC_CONTENT_TOPIC" ADD FOREIGN KEY ("CONTENT_ID") REFERENCES "JEECMS"."JC_CONTENT" ("CONTENT_ID");

-- ----------------------------
-- Foreign Key structure for table "JEECMS"."JC_CONTENT_TXT"
-- ----------------------------
ALTER TABLE "JEECMS"."JC_CONTENT_TXT" ADD FOREIGN KEY ("CONTENT_ID") REFERENCES "JEECMS"."JC_CONTENT" ("CONTENT_ID");

-- ----------------------------
-- Foreign Key structure for table "JEECMS"."JC_CONTENTTAG"
-- ----------------------------
ALTER TABLE "JEECMS"."JC_CONTENTTAG" ADD FOREIGN KEY ("TAG_ID") REFERENCES "JEECMS"."JC_CONTENT_TAG" ("TAG_ID");
ALTER TABLE "JEECMS"."JC_CONTENTTAG" ADD FOREIGN KEY ("CONTENT_ID") REFERENCES "JEECMS"."JC_CONTENT" ("CONTENT_ID");

-- ----------------------------
-- Foreign Key structure for table "JEECMS"."JC_DEPARTMENT"
-- ----------------------------
ALTER TABLE "JEECMS"."JC_DEPARTMENT" ADD FOREIGN KEY ("PARENT_ID") REFERENCES "JEECMS"."JC_DEPARTMENT" ("DEPART_ID");

-- ----------------------------
-- Foreign Key structure for table "JEECMS"."JC_DIRECTIVE_TPL"
-- ----------------------------
ALTER TABLE "JEECMS"."JC_DIRECTIVE_TPL" ADD FOREIGN KEY ("USER_ID") REFERENCES "JEECMS"."JC_USER" ("USER_ID");

-- ----------------------------
-- Foreign Key structure for table "JEECMS"."JC_FRIENDLINK"
-- ----------------------------
ALTER TABLE "JEECMS"."JC_FRIENDLINK" ADD FOREIGN KEY ("FRIENDLINKCTG_ID") REFERENCES "JEECMS"."JC_FRIENDLINK_CTG" ("FRIENDLINKCTG_ID");
ALTER TABLE "JEECMS"."JC_FRIENDLINK" ADD FOREIGN KEY ("SITE_ID") REFERENCES "JEECMS"."JC_SITE" ("SITE_ID");

-- ----------------------------
-- Foreign Key structure for table "JEECMS"."JC_FRIENDLINK_CTG"
-- ----------------------------
ALTER TABLE "JEECMS"."JC_FRIENDLINK_CTG" ADD FOREIGN KEY ("SITE_ID") REFERENCES "JEECMS"."JC_SITE" ("SITE_ID");

-- ----------------------------
-- Foreign Key structure for table "JEECMS"."JC_GUESTBOOK"
-- ----------------------------
ALTER TABLE "JEECMS"."JC_GUESTBOOK" ADD FOREIGN KEY ("GUESTBOOKCTG_ID") REFERENCES "JEECMS"."JC_GUESTBOOK_CTG" ("GUESTBOOKCTG_ID");
ALTER TABLE "JEECMS"."JC_GUESTBOOK" ADD FOREIGN KEY ("ADMIN_ID") REFERENCES "JEECMS"."JC_USER" ("USER_ID");
ALTER TABLE "JEECMS"."JC_GUESTBOOK" ADD FOREIGN KEY ("MEMBER_ID") REFERENCES "JEECMS"."JC_USER" ("USER_ID");
ALTER TABLE "JEECMS"."JC_GUESTBOOK" ADD FOREIGN KEY ("SITE_ID") REFERENCES "JEECMS"."JC_SITE" ("SITE_ID");

-- ----------------------------
-- Foreign Key structure for table "JEECMS"."JC_GUESTBOOK_CTG"
-- ----------------------------
ALTER TABLE "JEECMS"."JC_GUESTBOOK_CTG" ADD FOREIGN KEY ("SITE_ID") REFERENCES "JEECMS"."JC_SITE" ("SITE_ID");

-- ----------------------------
-- Foreign Key structure for table "JEECMS"."JC_GUESTBOOK_CTG_DEPARTMENT"
-- ----------------------------
ALTER TABLE "JEECMS"."JC_GUESTBOOK_CTG_DEPARTMENT" ADD FOREIGN KEY ("GUESTBOOKCTG_ID") REFERENCES "JEECMS"."JC_GUESTBOOK_CTG" ("GUESTBOOKCTG_ID");
ALTER TABLE "JEECMS"."JC_GUESTBOOK_CTG_DEPARTMENT" ADD FOREIGN KEY ("DEPART_ID") REFERENCES "JEECMS"."JC_DEPARTMENT" ("DEPART_ID");

-- ----------------------------
-- Foreign Key structure for table "JEECMS"."JC_GUESTBOOK_EXT"
-- ----------------------------
ALTER TABLE "JEECMS"."JC_GUESTBOOK_EXT" ADD FOREIGN KEY ("GUESTBOOK_ID") REFERENCES "JEECMS"."JC_GUESTBOOK" ("GUESTBOOK_ID");

-- ----------------------------
-- Foreign Key structure for table "JEECMS"."JC_JOB_APPLY"
-- ----------------------------
ALTER TABLE "JEECMS"."JC_JOB_APPLY" ADD FOREIGN KEY ("CONTENT_ID") REFERENCES "JEECMS"."JC_CONTENT" ("CONTENT_ID");
ALTER TABLE "JEECMS"."JC_JOB_APPLY" ADD FOREIGN KEY ("USER_ID") REFERENCES "JEECMS"."JC_USER" ("USER_ID");

-- ----------------------------
-- Foreign Key structure for table "JEECMS"."JC_KEYWORD"
-- ----------------------------
ALTER TABLE "JEECMS"."JC_KEYWORD" ADD FOREIGN KEY ("SITE_ID") REFERENCES "JEECMS"."JC_SITE" ("SITE_ID");

-- ----------------------------
-- Foreign Key structure for table "JEECMS"."JC_LOG"
-- ----------------------------
ALTER TABLE "JEECMS"."JC_LOG" ADD FOREIGN KEY ("SITE_ID") REFERENCES "JEECMS"."JC_SITE" ("SITE_ID");
ALTER TABLE "JEECMS"."JC_LOG" ADD FOREIGN KEY ("USER_ID") REFERENCES "JEECMS"."JC_USER" ("USER_ID");

-- ----------------------------
-- Foreign Key structure for table "JEECMS"."JC_MESSAGE"
-- ----------------------------
ALTER TABLE "JEECMS"."JC_MESSAGE" ADD FOREIGN KEY ("SITE_ID") REFERENCES "JEECMS"."JC_SITE" ("SITE_ID");
ALTER TABLE "JEECMS"."JC_MESSAGE" ADD FOREIGN KEY ("MSG_RECEIVER_USER") REFERENCES "JEECMS"."JC_USER" ("USER_ID");
ALTER TABLE "JEECMS"."JC_MESSAGE" ADD FOREIGN KEY ("MSG_SEND_USER") REFERENCES "JEECMS"."JC_USER" ("USER_ID");

-- ----------------------------
-- Foreign Key structure for table "JEECMS"."JC_MODEL_ITEM"
-- ----------------------------
ALTER TABLE "JEECMS"."JC_MODEL_ITEM" ADD FOREIGN KEY ("MODEL_ID") REFERENCES "JEECMS"."JC_MODEL" ("MODEL_ID");

-- ----------------------------
-- Foreign Key structure for table "JEECMS"."JC_RECEIVER_MESSAGE"
-- ----------------------------
ALTER TABLE "JEECMS"."JC_RECEIVER_MESSAGE" ADD FOREIGN KEY ("MSG_RECEIVER_USER") REFERENCES "JEECMS"."JC_USER" ("USER_ID");
ALTER TABLE "JEECMS"."JC_RECEIVER_MESSAGE" ADD FOREIGN KEY ("MSG_SEND_USER") REFERENCES "JEECMS"."JC_USER" ("USER_ID");
ALTER TABLE "JEECMS"."JC_RECEIVER_MESSAGE" ADD FOREIGN KEY ("MSG_ID") REFERENCES "JEECMS"."JC_MESSAGE" ("MSG_ID");
ALTER TABLE "JEECMS"."JC_RECEIVER_MESSAGE" ADD FOREIGN KEY ("SITE_ID") REFERENCES "JEECMS"."JC_SITE" ("SITE_ID");

-- ----------------------------
-- Foreign Key structure for table "JEECMS"."JC_ROLE"
-- ----------------------------
ALTER TABLE "JEECMS"."JC_ROLE" ADD FOREIGN KEY ("SITE_ID") REFERENCES "JEECMS"."JC_SITE" ("SITE_ID");

-- ----------------------------
-- Foreign Key structure for table "JEECMS"."JC_ROLE_PERMISSION"
-- ----------------------------
ALTER TABLE "JEECMS"."JC_ROLE_PERMISSION" ADD FOREIGN KEY ("ROLE_ID") REFERENCES "JEECMS"."JC_ROLE" ("ROLE_ID");

-- ----------------------------
-- Foreign Key structure for table "JEECMS"."JC_SCORE_GROUP"
-- ----------------------------
ALTER TABLE "JEECMS"."JC_SCORE_GROUP" ADD FOREIGN KEY ("SITE_ID") REFERENCES "JEECMS"."JC_SITE" ("SITE_ID");

-- ----------------------------
-- Foreign Key structure for table "JEECMS"."JC_SCORE_ITEM"
-- ----------------------------
ALTER TABLE "JEECMS"."JC_SCORE_ITEM" ADD FOREIGN KEY ("SCORE_GROUP_ID") REFERENCES "JEECMS"."JC_SCORE_GROUP" ("SCORE_GROUP_ID");

-- ----------------------------
-- Foreign Key structure for table "JEECMS"."JC_SCORE_RECORD"
-- ----------------------------
ALTER TABLE "JEECMS"."JC_SCORE_RECORD" ADD FOREIGN KEY ("SCORE_ITEM_ID") REFERENCES "JEECMS"."JC_SCORE_ITEM" ("SCORE_ITEM_ID");

-- ----------------------------
-- Foreign Key structure for table "JEECMS"."JC_SITE"
-- ----------------------------
ALTER TABLE "JEECMS"."JC_SITE" ADD FOREIGN KEY ("CONFIG_ID") REFERENCES "JEECMS"."JC_CONFIG" ("CONFIG_ID");
ALTER TABLE "JEECMS"."JC_SITE" ADD FOREIGN KEY ("PARENT_ID") REFERENCES "JEECMS"."JC_SITE" ("SITE_ID");
ALTER TABLE "JEECMS"."JC_SITE" ADD FOREIGN KEY ("FTP_UPLOAD_ID") REFERENCES "JEECMS"."JO_FTP" ("FTP_ID");

-- ----------------------------
-- Foreign Key structure for table "JEECMS"."JC_SITE_ACCESS"
-- ----------------------------
ALTER TABLE "JEECMS"."JC_SITE_ACCESS" ADD FOREIGN KEY ("SITE_ID") REFERENCES "JEECMS"."JC_SITE" ("SITE_ID");

-- ----------------------------
-- Foreign Key structure for table "JEECMS"."JC_SITE_ACCESS_COUNT"
-- ----------------------------
ALTER TABLE "JEECMS"."JC_SITE_ACCESS_COUNT" ADD FOREIGN KEY ("SITE_ID") REFERENCES "JEECMS"."JC_SITE" ("SITE_ID");

-- ----------------------------
-- Foreign Key structure for table "JEECMS"."JC_SITE_ACCESS_PAGES"
-- ----------------------------
ALTER TABLE "JEECMS"."JC_SITE_ACCESS_PAGES" ADD FOREIGN KEY ("SITE_ID") REFERENCES "JEECMS"."JC_SITE" ("SITE_ID");

-- ----------------------------
-- Foreign Key structure for table "JEECMS"."JC_SITE_ACCESS_STATISTIC"
-- ----------------------------
ALTER TABLE "JEECMS"."JC_SITE_ACCESS_STATISTIC" ADD FOREIGN KEY ("SITE_ID") REFERENCES "JEECMS"."JC_SITE" ("SITE_ID");

-- ----------------------------
-- Foreign Key structure for table "JEECMS"."JC_SITE_ATTR"
-- ----------------------------
ALTER TABLE "JEECMS"."JC_SITE_ATTR" ADD FOREIGN KEY ("SITE_ID") REFERENCES "JEECMS"."JC_SITE" ("SITE_ID");

-- ----------------------------
-- Foreign Key structure for table "JEECMS"."JC_SITE_CFG"
-- ----------------------------
ALTER TABLE "JEECMS"."JC_SITE_CFG" ADD FOREIGN KEY ("SITE_ID") REFERENCES "JEECMS"."JC_SITE" ("SITE_ID");

-- ----------------------------
-- Foreign Key structure for table "JEECMS"."JC_SITE_COMPANY"
-- ----------------------------
ALTER TABLE "JEECMS"."JC_SITE_COMPANY" ADD FOREIGN KEY ("SITE_ID") REFERENCES "JEECMS"."JC_SITE" ("SITE_ID");

-- ----------------------------
-- Foreign Key structure for table "JEECMS"."JC_SITE_FLOW"
-- ----------------------------
ALTER TABLE "JEECMS"."JC_SITE_FLOW" ADD FOREIGN KEY ("SITE_ID") REFERENCES "JEECMS"."JC_SITE" ("SITE_ID");

-- ----------------------------
-- Foreign Key structure for table "JEECMS"."JC_SITE_REFER"
-- ----------------------------
ALTER TABLE "JEECMS"."JC_SITE_REFER" ADD FOREIGN KEY ("FROM_SITE_ID") REFERENCES "JEECMS"."JC_SITE" ("SITE_ID");
ALTER TABLE "JEECMS"."JC_SITE_REFER" ADD FOREIGN KEY ("SITE_ID") REFERENCES "JEECMS"."JC_SITE" ("SITE_ID");

-- ----------------------------
-- Foreign Key structure for table "JEECMS"."JC_SITE_TXT"
-- ----------------------------
ALTER TABLE "JEECMS"."JC_SITE_TXT" ADD FOREIGN KEY ("SITE_ID") REFERENCES "JEECMS"."JC_SITE" ("SITE_ID");

-- ----------------------------
-- Foreign Key structure for table "JEECMS"."JC_TASK"
-- ----------------------------
ALTER TABLE "JEECMS"."JC_TASK" ADD FOREIGN KEY ("SITE_ID") REFERENCES "JEECMS"."JC_SITE" ("SITE_ID");

-- ----------------------------
-- Foreign Key structure for table "JEECMS"."JC_TASK_ATTR"
-- ----------------------------
ALTER TABLE "JEECMS"."JC_TASK_ATTR" ADD FOREIGN KEY ("TASK_ID") REFERENCES "JEECMS"."JC_TASK" ("TASK_ID");

-- ----------------------------
-- Foreign Key structure for table "JEECMS"."JC_TOPIC"
-- ----------------------------
ALTER TABLE "JEECMS"."JC_TOPIC" ADD FOREIGN KEY ("CHANNEL_ID") REFERENCES "JEECMS"."JC_CHANNEL" ("CHANNEL_ID");

-- ----------------------------
-- Foreign Key structure for table "JEECMS"."JC_USER"
-- ----------------------------
ALTER TABLE "JEECMS"."JC_USER" ADD FOREIGN KEY ("DEPART_ID") REFERENCES "JEECMS"."JC_DEPARTMENT" ("DEPART_ID");
ALTER TABLE "JEECMS"."JC_USER" ADD FOREIGN KEY ("GROUP_ID") REFERENCES "JEECMS"."JC_GROUP" ("GROUP_ID");

-- ----------------------------
-- Foreign Key structure for table "JEECMS"."JC_USER_ATTR"
-- ----------------------------
ALTER TABLE "JEECMS"."JC_USER_ATTR" ADD FOREIGN KEY ("USER_ID") REFERENCES "JEECMS"."JC_USER" ("USER_ID");

-- ----------------------------
-- Foreign Key structure for table "JEECMS"."JC_USER_COLLECTION"
-- ----------------------------
ALTER TABLE "JEECMS"."JC_USER_COLLECTION" ADD FOREIGN KEY ("CONTENT_ID") REFERENCES "JEECMS"."JC_CONTENT" ("CONTENT_ID");
ALTER TABLE "JEECMS"."JC_USER_COLLECTION" ADD FOREIGN KEY ("USER_ID") REFERENCES "JEECMS"."JC_USER" ("USER_ID");

-- ----------------------------
-- Foreign Key structure for table "JEECMS"."JC_USER_EXT"
-- ----------------------------
ALTER TABLE "JEECMS"."JC_USER_EXT" ADD FOREIGN KEY ("USER_ID") REFERENCES "JEECMS"."JC_USER" ("USER_ID");

-- ----------------------------
-- Foreign Key structure for table "JEECMS"."JC_USER_MENU"
-- ----------------------------
ALTER TABLE "JEECMS"."JC_USER_MENU" ADD FOREIGN KEY ("USER_ID") REFERENCES "JEECMS"."JC_USER" ("USER_ID");

-- ----------------------------
-- Foreign Key structure for table "JEECMS"."JC_USER_RESUME"
-- ----------------------------
ALTER TABLE "JEECMS"."JC_USER_RESUME" ADD FOREIGN KEY ("USER_ID") REFERENCES "JEECMS"."JC_USER" ("USER_ID");

-- ----------------------------
-- Foreign Key structure for table "JEECMS"."JC_USER_ROLE"
-- ----------------------------
ALTER TABLE "JEECMS"."JC_USER_ROLE" ADD FOREIGN KEY ("USER_ID") REFERENCES "JEECMS"."JC_USER" ("USER_ID");
ALTER TABLE "JEECMS"."JC_USER_ROLE" ADD FOREIGN KEY ("ROLE_ID") REFERENCES "JEECMS"."JC_ROLE" ("ROLE_ID");

-- ----------------------------
-- Foreign Key structure for table "JEECMS"."JC_USER_SITE"
-- ----------------------------
ALTER TABLE "JEECMS"."JC_USER_SITE" ADD FOREIGN KEY ("USER_ID") REFERENCES "JEECMS"."JC_USER" ("USER_ID");
ALTER TABLE "JEECMS"."JC_USER_SITE" ADD FOREIGN KEY ("SITE_ID") REFERENCES "JEECMS"."JC_SITE" ("SITE_ID");

-- ----------------------------
-- Foreign Key structure for table "JEECMS"."JC_VOTE_ITEM"
-- ----------------------------
ALTER TABLE "JEECMS"."JC_VOTE_ITEM" ADD FOREIGN KEY ("SUBTOPIC_ID") REFERENCES "JEECMS"."JC_VOTE_SUBTOPIC" ("SUBTOPIC_ID");
ALTER TABLE "JEECMS"."JC_VOTE_ITEM" ADD FOREIGN KEY ("VOTETOPIC_ID") REFERENCES "JEECMS"."JC_VOTE_TOPIC" ("VOTETOPIC_ID");

-- ----------------------------
-- Foreign Key structure for table "JEECMS"."JC_VOTE_RECORD"
-- ----------------------------
ALTER TABLE "JEECMS"."JC_VOTE_RECORD" ADD FOREIGN KEY ("USER_ID") REFERENCES "JEECMS"."JC_USER" ("USER_ID");
ALTER TABLE "JEECMS"."JC_VOTE_RECORD" ADD FOREIGN KEY ("VOTETOPIC_ID") REFERENCES "JEECMS"."JC_VOTE_TOPIC" ("VOTETOPIC_ID");

-- ----------------------------
-- Foreign Key structure for table "JEECMS"."JC_VOTE_REPLY"
-- ----------------------------
ALTER TABLE "JEECMS"."JC_VOTE_REPLY" ADD FOREIGN KEY ("SUBTOPIC_ID") REFERENCES "JEECMS"."JC_VOTE_SUBTOPIC" ("SUBTOPIC_ID");

-- ----------------------------
-- Foreign Key structure for table "JEECMS"."JC_VOTE_SUBTOPIC"
-- ----------------------------
ALTER TABLE "JEECMS"."JC_VOTE_SUBTOPIC" ADD FOREIGN KEY ("VOTETOPIC_ID") REFERENCES "JEECMS"."JC_VOTE_TOPIC" ("VOTETOPIC_ID");

-- ----------------------------
-- Foreign Key structure for table "JEECMS"."JC_VOTE_TOPIC"
-- ----------------------------
ALTER TABLE "JEECMS"."JC_VOTE_TOPIC" ADD FOREIGN KEY ("SITE_ID") REFERENCES "JEECMS"."JC_SITE" ("SITE_ID");

-- ----------------------------
-- Foreign Key structure for table "JEECMS"."JC_WEBSERVICE_CALL_RECORD"
-- ----------------------------
ALTER TABLE "JEECMS"."JC_WEBSERVICE_CALL_RECORD" ADD FOREIGN KEY ("AUTH_ID") REFERENCES "JEECMS"."JC_WEBSERVICE_AUTH" ("AUTH_ID");

-- ----------------------------
-- Foreign Key structure for table "JEECMS"."JC_WEBSERVICE_PARAM"
-- ----------------------------
ALTER TABLE "JEECMS"."JC_WEBSERVICE_PARAM" ADD FOREIGN KEY ("SERVICE_ID") REFERENCES "JEECMS"."JC_WEBSERVICE" ("SERVICE_ID");

-- ----------------------------
-- Foreign Key structure for table "JEECMS"."JC_WORKFLOW"
-- ----------------------------
ALTER TABLE "JEECMS"."JC_WORKFLOW" ADD FOREIGN KEY ("SITE_ID") REFERENCES "JEECMS"."JC_SITE" ("SITE_ID");

-- ----------------------------
-- Foreign Key structure for table "JEECMS"."JC_WORKFLOW_EVENT"
-- ----------------------------
ALTER TABLE "JEECMS"."JC_WORKFLOW_EVENT" ADD FOREIGN KEY ("WORKFLOW_ID") REFERENCES "JEECMS"."JC_WORKFLOW" ("WORKFLOW_ID");
ALTER TABLE "JEECMS"."JC_WORKFLOW_EVENT" ADD FOREIGN KEY ("USER_ID") REFERENCES "JEECMS"."JC_USER" ("USER_ID");

-- ----------------------------
-- Foreign Key structure for table "JEECMS"."JC_WORKFLOW_EVENT_USER"
-- ----------------------------
ALTER TABLE "JEECMS"."JC_WORKFLOW_EVENT_USER" ADD FOREIGN KEY ("EVENT_ID") REFERENCES "JEECMS"."JC_WORKFLOW_EVENT" ("EVENT_ID");
ALTER TABLE "JEECMS"."JC_WORKFLOW_EVENT_USER" ADD FOREIGN KEY ("USER_ID") REFERENCES "JEECMS"."JC_USER" ("USER_ID");

-- ----------------------------
-- Foreign Key structure for table "JEECMS"."JC_WORKFLOW_NODE"
-- ----------------------------
ALTER TABLE "JEECMS"."JC_WORKFLOW_NODE" ADD FOREIGN KEY ("WORKFLOW_ID") REFERENCES "JEECMS"."JC_WORKFLOW" ("WORKFLOW_ID");
ALTER TABLE "JEECMS"."JC_WORKFLOW_NODE" ADD FOREIGN KEY ("ROLE_ID") REFERENCES "JEECMS"."JC_ROLE" ("ROLE_ID");

-- ----------------------------
-- Foreign Key structure for table "JEECMS"."JC_WORKFLOW_RECORD"
-- ----------------------------
ALTER TABLE "JEECMS"."JC_WORKFLOW_RECORD" ADD FOREIGN KEY ("EVENT_ID") REFERENCES "JEECMS"."JC_WORKFLOW_EVENT" ("EVENT_ID");
ALTER TABLE "JEECMS"."JC_WORKFLOW_RECORD" ADD FOREIGN KEY ("SITE_ID") REFERENCES "JEECMS"."JC_SITE" ("SITE_ID");
ALTER TABLE "JEECMS"."JC_WORKFLOW_RECORD" ADD FOREIGN KEY ("USER_ID") REFERENCES "JEECMS"."JC_USER" ("USER_ID");
